date,n_bas,label,median_err,share_extreme
2019-11-01,44,,8.603293224192582,0.18181818181818182
2023-11-01,42,,8.16629096301703,0.14285714285714285
2022-11-19,43,,7.912150182976764,0.09302325581395349
2018-05-14,44,,7.856558205187421,0.22727272727272727
2021-06-13,44,,7.788675191980428,0.13636363636363635
2018-05-07,44,,7.761616539770312,0.06818181818181818
2016-06-06,43,,7.72153602544824,0.023255813953488372
2024-10-19,43,,7.4649728619561415,0.046511627906976744
2023-05-13,43,,7.4528189133343155,0.18604651162790697
2020-06-03,43,,7.379505471669099,0.06976744186046512
2016-06-05,44,,7.3290918299634535,0.09090909090909091
2019-11-02,43,,7.290152791053922,0.18604651162790697
2015-11-26,44,Thanksgiving,7.289799590227795,0.045454545454545456
2022-05-16,43,,7.259079232718589,0.046511627906976744
2022-11-20,43,,7.254492123007962,0.046511627906976744
2021-06-14,44,,7.175981251583266,0.09090909090909091
2016-06-04,44,,7.069377493824893,0.09090909090909091
2022-10-19,43,,7.068163531529889,0.09302325581395349
2020-06-04,43,,7.056543373738017,0.023255813953488372
2019-04-08,43,,7.034179868771985,0.0
2018-05-09,44,,7.026528284230004,0.06818181818181818
2018-11-22,43,Thanksgiving,6.996696224863708,0.046511627906976744
2018-05-08,44,,6.993036784838117,0.022727272727272728
2016-11-24,44,Thanksgiving,6.972434737801312,0.0
2021-06-05,44,,6.9414965569828535,0.11363636363636363
2023-11-03,43,,6.938735101363057,0.18604651162790697
2023-05-15,43,,6.904600135590397,0.16279069767441862
2020-05-25,43,Memorial Day,6.903503344323568,0.09302325581395349
2023-10-31,42,,6.896704456430035,0.09523809523809523
2018-10-21,43,,6.829044598347438,0.023255813953488372
2019-10-11,43,,6.816802940798228,0.16279069767441862
2024-10-18,43,,6.815983632531755,0.09302325581395349
2020-05-04,43,,6.814294332341975,0.023255813953488372
2026-03-02,42,,6.801382091144924,0.0
2022-05-15,43,,6.790796375862147,0.11627906976744186
2018-11-16,42,,6.782057123988973,0.047619047619047616
2024-10-17,43,,6.763275861197607,0.09302325581395349
2023-11-02,43,,6.717309756661703,0.27906976744186046
2026-03-26,41,,6.7090538256347125,0.024390243902439025
2023-05-14,43,,6.698081049545503,0.13953488372093023
2023-11-23,43,Thanksgiving,6.682393701255883,0.0
2017-05-29,44,Memorial Day,6.670209960788559,0.11363636363636363
2022-05-14,43,,6.6486284773704245,0.06976744186046512
2020-05-28,43,,6.644057112978265,0.06976744186046512
2019-10-18,44,,6.635553192930867,0.045454545454545456
2026-03-23,42,,6.601487586083705,0.023809523809523808
2018-10-12,43,,6.590816899766909,0.0
2017-11-23,43,Thanksgiving,6.577267231940819,0.09302325581395349
2022-11-18,43,,6.516474835032277,0.0
2022-11-21,43,,6.482463297133559,0.023255813953488372
2018-05-06,43,,6.478098517036411,0.023255813953488372
2025-10-31,43,,6.461474266657589,0.046511627906976744
2019-10-31,44,,6.45418204013674,0.09090909090909091
2019-10-25,44,,6.453618197269341,0.045454545454545456
2020-10-27,42,,6.4413018541976665,0.16666666666666666
2018-10-14,43,,6.4270558282682115,0.0
2020-11-02,43,,6.389519744691189,0.0
2020-10-30,43,,6.3747146871379154,0.023255813953488372
2022-11-17,43,,6.3689947879818885,0.0
2021-11-25,43,Thanksgiving,6.3411056440058,0.11627906976744186
2021-10-17,43,,6.272492782969853,0.023255813953488372
2019-11-03,39,,6.260365749355927,0.1282051282051282
2025-06-09,43,,6.260023467167265,0.23255813953488372
2017-06-19,44,,6.248915857776,0.09090909090909091
2023-05-16,43,,6.247477992659324,0.046511627906976744
2021-06-21,44,,6.242570596849321,0.13636363636363635
2021-04-11,44,,6.237947553691129,0.022727272727272728
2022-11-13,43,,6.22756718804511,0.023255813953488372
2021-10-16,43,,6.197184582496476,0.06976744186046512
2020-02-22,43,,6.1863491289052135,0.06976744186046512
2021-06-01,44,,6.183398228975673,0.1590909090909091
2025-10-30,43,,6.166843695342701,0.023255813953488372
2021-06-20,44,,6.160109245081301,0.045454545454545456
2018-05-28,43,Memorial Day,6.153499145435302,0.06976744186046512
2025-11-01,42,,6.139328979259496,0.023809523809523808
2023-10-29,43,,6.129642451012656,0.09302325581395349
2026-03-27,42,,6.120718271122418,0.0
2022-10-28,43,,6.119211145027889,0.023255813953488372
2026-03-18,42,,6.118594021946997,0.023809523809523808
2023-05-29,43,Memorial Day,6.109049158260607,0.046511627906976744
2022-05-02,43,,6.107387357161076,0.0
2018-05-10,44,,6.105542677306241,0.0
2024-05-27,43,Memorial Day,6.102265841326875,0.0
2021-06-12,44,,6.08910335992469,0.09090909090909091
2019-10-30,44,,6.0837213108395005,0.022727272727272728
2022-12-25,43,Christmas Day,6.08338131939791,0.20930232558139536
2019-10-12,44,,6.065978710844741,0.20454545454545456
2020-05-30,43,,6.058106287962653,0.023255813953488372
2025-06-10,43,,6.055068457477308,0.11627906976744186
2023-10-14,43,,6.052698784805321,0.023255813953488372
2018-05-15,43,,6.039426939245926,0.046511627906976744
2022-11-24,43,Thanksgiving,6.038145750221122,0.0
2019-06-12,44,,6.037853872500041,0.0
2023-05-12,43,,6.03295480707152,0.023255813953488372
2020-06-02,43,,6.026070944216775,0.09302325581395349
2026-06-05,42,,6.014995239055974,0.0
2019-05-27,43,Memorial Day,5.995739713716464,0.023255813953488372
2021-05-02,44,,5.994721725286359,0.0
2021-10-30,43,,5.9858084592652485,0.0
2020-06-06,42,,5.983371080557273,0.023809523809523808
2018-10-13,43,,5.981208215035189,0.023255813953488372
2023-02-25,43,,5.9810725867388195,0.023255813953488372
2017-10-31,43,,5.977883522972891,0.023255813953488372
2025-04-14,43,,5.966820808565478,0.023255813953488372
2018-06-03,43,,5.9606145009588625,0.046511627906976744
2022-04-17,43,,5.958497496998642,0.023255813953488372
2020-10-31,43,,5.9375614792972025,0.023255813953488372
2018-11-11,42,Veterans Day,5.934743002548084,0.047619047619047616
2018-10-19,43,,5.924507253937227,0.046511627906976744
2021-07-05,44,Independence Day (observed),5.920297088692628,0.022727272727272728
2018-06-02,43,,5.913715432259577,0.046511627906976744
2016-05-31,44,,5.908404855568563,0.022727272727272728
2016-05-30,44,Memorial Day,5.899126832081038,0.045454545454545456
2021-06-22,44,,5.895807579668835,0.06818181818181818
2025-05-31,43,,5.89228800931247,0.11627906976744186
2021-04-29,44,,5.879226845458124,0.022727272727272728
2024-11-22,43,,5.876762825716247,0.0
2026-06-14,42,,5.875863612882707,0.14285714285714285
2022-10-29,43,,5.875124211079239,0.0
2018-11-17,43,,5.868173560993998,0.09302325581395349
2026-05-25,42,Memorial Day,5.867304222667766,0.023809523809523808
2023-05-22,43,,5.865602204100112,0.0
2023-03-21,43,,5.862915367700392,0.0
2016-06-26,43,,5.856149774950592,0.046511627906976744
2017-05-27,44,,5.8505959089488435,0.022727272727272728
2018-10-17,41,,5.845926857226016,0.024390243902439025
2020-05-24,42,,5.840382979347674,0.0
2019-05-05,43,,5.82930052780432,0.0
2026-06-22,42,,5.824860101680491,0.047619047619047616
2022-09-30,43,,5.821201325134756,0.0
2023-10-30,43,,5.816743929038778,0.023255813953488372
2023-11-29,43,,5.807092673409839,0.0
2018-10-18,43,,5.797911331559883,0.023255813953488372
2019-11-13,44,,5.796063499256029,0.09090909090909091
2025-02-22,43,,5.7939686522173455,0.023255813953488372
2023-05-17,43,,5.787836173369533,0.13953488372093023
2021-10-31,42,,5.78510400936727,0.0
2016-06-20,44,,5.784037520795776,0.045454545454545456
2025-11-27,43,Thanksgiving,5.779548528119852,0.0
2024-10-20,43,,5.766291651471623,0.023255813953488372
2018-10-11,43,,5.755336048120549,0.0
2023-10-12,43,,5.74819080026017,0.0
2026-05-12,42,,5.738378815463399,0.047619047619047616
2022-02-23,43,,5.728222142409777,0.0
2021-06-26,44,,5.7243209583831955,0.13636363636363635
2019-06-02,44,,5.703881877548471,0.0
2019-10-09,44,,5.695008323725977,0.0
2016-06-07,42,,5.6866012875224525,0.0
2020-02-21,43,,5.678273920181075,0.0
2022-06-01,43,,5.6695536672326785,0.0
2021-06-18,44,Juneteenth (observed),5.659976461364627,0.022727272727272728
2017-03-16,44,,5.659932898452098,0.0
2023-04-30,43,,5.65331461743733,0.11627906976744186
2024-11-07,42,,5.651421336088774,0.023809523809523808
2022-05-17,43,,5.650296127913137,0.0
2021-11-06,43,,5.6450063429964645,0.046511627906976744
2020-10-25,43,,5.642299927088232,0.0
2024-04-14,43,,5.642262154779855,0.046511627906976744
2019-11-15,44,,5.632157635173306,0.045454545454545456
2020-06-05,43,,5.631384550745984,0.023255813953488372
2019-10-19,43,,5.630781511971363,0.0
2020-11-01,40,,5.627049880458577,0.0
2025-10-21,43,,5.621403357456265,0.0
2020-11-26,43,Thanksgiving,5.619748341729058,0.0
2019-10-10,44,,5.619184851382958,0.09090909090909091
2018-10-23,43,,5.6076134245709035,0.0
2024-05-05,43,,5.603766285403461,0.023255813953488372
2022-10-27,43,,5.599018067625065,0.0
2019-10-24,44,,5.59818833247333,0.0
2021-10-19,42,,5.5950951122285435,0.0
2023-11-12,43,,5.572696194701432,0.0
2025-04-21,43,,5.563725046302992,0.0
2019-01-01,43,New Year's Day,5.559979629419245,0.023255813953488372
2018-05-13,44,,5.557272905359555,0.09090909090909091
2020-06-01,43,,5.555317584410227,0.0
2022-10-23,43,,5.537179347990681,0.023255813953488372
2022-11-14,43,,5.536181151748495,0.0
2023-05-21,42,,5.532618483556485,0.047619047619047616
2024-11-21,43,,5.528143332175733,0.0
2018-05-04,44,,5.525995643879201,0.0
2022-02-25,43,,5.512593480390329,0.023255813953488372
2018-03-22,44,,5.509020977106577,0.0
2019-05-06,44,,5.503743306572107,0.0
2017-05-28,44,,5.49994315692817,0.0
2026-05-28,42,,5.49564448949619,0.023809523809523808
2022-06-26,43,,5.49557567280233,0.18604651162790697
2021-11-07,42,,5.49086087212255,0.0
2025-05-26,43,Memorial Day,5.48001415617533,0.0
2016-11-20,43,,5.47909710770976,0.0
2024-06-22,43,,5.4737372384247704,0.09302325581395349
2018-05-21,44,,5.473491409867152,0.022727272727272728
2023-06-03,42,,5.4693462028453155,0.023809523809523808
2019-11-28,44,Thanksgiving,5.467732715901734,0.0
2024-07-08,43,,5.4662038962192625,0.09302325581395349
2024-05-28,43,,5.462165161704579,0.023255813953488372
2020-05-26,43,,5.458229778563809,0.13953488372093023
2024-06-12,43,,5.454285756010733,0.023255813953488372
2017-04-15,44,,5.4502522834919365,0.022727272727272728
2026-03-16,43,,5.4486710577210475,0.06976744186046512
2020-05-29,43,,5.448337694371378,0.023255813953488372
2018-10-16,43,,5.441959879832806,0.046511627906976744
2025-06-07,42,,5.441850444487912,0.047619047619047616
2021-10-08,43,,5.439818198171743,0.023255813953488372
2018-05-25,43,,5.435151029016989,0.023255813953488372
2023-11-28,43,,5.434919881790695,0.0
2020-06-22,43,,5.4312032370654695,0.0
2022-06-25,43,,5.430077380301949,0.09302325581395349
2021-05-31,44,Memorial Day,5.426579863754531,0.13636363636363635
2024-04-17,43,,5.426429092862716,0.0
2018-05-16,43,,5.41978044508159,0.023255813953488372
2022-06-12,43,,5.419482267158188,0.0
2018-11-10,42,,5.419391428040434,0.0
2020-05-09,43,,5.4187341072646635,0.046511627906976744
2024-05-16,43,,5.413255780316464,0.0
2024-06-08,43,,5.405205395784631,0.046511627906976744
2025-10-24,42,,5.401853006539539,0.0
2026-03-22,41,,5.398755178620773,0.04878048780487805
2021-06-04,44,,5.394082167694873,0.06818181818181818
2025-11-28,43,Day after Thanksgiving,5.391332412072496,0.0
2015-10-04,43,,5.38852982924857,0.023255813953488372
2019-10-13,43,,5.387422046259461,0.023255813953488372
2023-10-15,43,,5.386873413748649,0.0
2025-10-22,43,,5.385376620705232,0.0
2020-05-10,43,,5.384861980073844,0.046511627906976744
2022-10-18,43,,5.383099872445962,0.0
2020-05-27,43,,5.382500183310151,0.09302325581395349
2020-11-03,43,,5.3816466550151825,0.0
2018-10-22,43,,5.379746625749379,0.023255813953488372
2022-11-22,43,,5.379570286098373,0.0
2019-11-09,44,,5.368892335889104,0.09090909090909091
2025-10-11,43,,5.36279279510248,0.0
2021-09-01,43,,5.361739608689355,0.0
2025-10-17,43,,5.3600878927049,0.0
2018-04-07,44,,5.3557418844743525,0.022727272727272728
2024-11-28,43,Thanksgiving,5.351931672525306,0.0
2018-05-12,44,,5.344608253008472,0.045454545454545456
2024-04-29,43,,5.342822375801557,0.023255813953488372
2018-05-29,44,,5.340699330085613,0.09090909090909091
2024-11-23,43,,5.337538649271603,0.0
2024-06-11,43,,5.330080510047722,0.09302325581395349
2021-06-19,44,Juneteenth,5.329504783824711,0.045454545454545456
2019-04-18,43,,5.327680948454711,0.0
2025-10-12,42,,5.326288350698393,0.047619047619047616
2021-10-29,43,,5.325446334445482,0.0
2026-06-13,42,,5.3245969777403515,0.047619047619047616
2022-12-24,42,Christmas Eve,5.321538044121384,0.0
2023-11-04,41,,5.321097069209849,0.07317073170731707
2022-10-30,43,,5.317425853645793,0.0
2025-10-28,43,,5.314858829599148,0.0
2020-06-11,43,,5.3074641469510855,0.0
2025-06-29,43,,5.307448487264557,0.023255813953488372
2021-03-13,43,,5.305760583429576,0.0
2022-12-28,43,,5.303593368546472,0.09302325581395349
2026-03-21,42,,5.302240172262044,0.14285714285714285
2022-06-06,43,,5.3019247038253,0.0
2015-11-14,44,,5.301887169990799,0.0
2016-06-03,44,,5.294328852140394,0.022727272727272728
2022-11-16,43,,5.291945562723136,0.0
2022-04-25,43,,5.290107000962932,0.0
2019-10-29,44,,5.288728401076721,0.022727272727272728
2017-03-15,44,,5.286010337950345,0.0
2021-05-03,44,,5.285025523332894,0.022727272727272728
2019-12-19,43,,5.280889438451563,0.0
2018-11-04,38,,5.273610763133965,0.0
2022-10-20,43,,5.272545151289184,0.16279069767441862
2018-05-23,43,,5.27051217874017,0.0
2019-06-16,44,,5.269618604546258,0.0
2018-10-10,43,,5.264382412931561,0.0
2023-10-16,43,,5.262964077500188,0.0
2022-10-24,43,,5.261509222581302,0.0
2023-10-28,43,,5.258814981846937,0.06976744186046512
2024-05-15,43,,5.258613943475602,0.0
2024-04-18,43,,5.258373469072559,0.0
2025-04-04,43,,5.251544130179851,0.0
2024-06-13,43,,5.245526006570319,0.06976744186046512
2025-04-13,43,,5.234790083151594,0.046511627906976744
2025-06-08,43,,5.22420597511533,0.18604651162790697
2017-06-04,42,,5.219091070958671,0.023809523809523808
2026-04-03,42,,5.216631476846864,0.023809523809523808
2026-06-10,42,,5.215158135926945,0.0
2026-03-25,43,,5.2109619647419025,0.046511627906976744
2021-06-03,44,,5.208092097294074,0.09090909090909091
2018-11-18,43,,5.203313078825652,0.046511627906976744
2021-04-02,43,,5.201289441735388,0.0
2026-04-04,42,,5.198446364029715,0.023809523809523808
2026-06-03,42,,5.191633450891909,0.023809523809523808
2015-10-02,43,,5.18933087028682,0.0
2022-05-18,43,,5.1857562625953175,0.023255813953488372
2024-03-15,42,,5.184213702708515,0.0
2020-10-29,43,,5.182516673409492,0.06976744186046512
2025-10-25,43,,5.182055472003441,0.023255813953488372
2026-06-01,42,,5.181848999046737,0.0
2016-01-01,44,New Year's Day,5.181548984437797,0.0
2017-06-03,44,,5.180348238699702,0.0
2025-03-30,43,,5.1714357193337825,0.023255813953488372
2024-03-31,43,,5.171150927039154,0.0
2024-06-07,43,,5.170112330993006,0.0
2016-12-09,44,,5.170102846541225,0.0
2026-03-24,42,,5.170076539447425,0.07142857142857142
2026-05-17,41,,5.16641455254484,0.07317073170731707
2017-06-14,43,,5.1614556841909405,0.0
2022-05-05,42,,5.161239322828902,0.0
2015-11-21,44,,5.161155230958277,0.022727272727272728
2024-05-18,43,,5.156382891489984,0.0
2022-06-09,42,,5.1549738535025735,0.023809523809523808
2024-04-30,43,,5.1547269861427845,0.023255813953488372
2017-06-20,44,,5.1541115596356715,0.0
2023-07-05,43,,5.152859420062249,0.023255813953488372
2018-05-05,43,,5.149976055876599,0.0
2022-09-23,43,,5.146582110020388,0.0
2025-03-24,43,,5.143472311086816,0.0
2024-12-01,43,,5.137007057942613,0.023255813953488372
2021-10-23,43,,5.1325374416457725,0.0
2020-12-03,43,,5.127497241545343,0.13953488372093023
2021-04-07,44,,5.126510983990478,0.0
2025-06-06,43,,5.1165354208999645,0.023255813953488372
2018-11-15,43,,5.115427554652802,0.023255813953488372
2017-10-15,44,,5.115393655810882,0.022727272727272728
2022-09-29,43,,5.115080416465463,0.0
2020-05-03,43,,5.113513180589791,0.023255813953488372
2019-10-27,44,,5.111838478697157,0.0
2022-10-21,43,,5.110614826093157,0.09302325581395349
2018-10-24,43,,5.109135049679886,0.023255813953488372
2019-06-03,44,,5.108695668147828,0.022727272727272728
2026-03-12,43,,5.104078036949667,0.023255813953488372
2021-06-06,44,,5.099569841311503,0.045454545454545456
2022-06-11,42,,5.099348000441848,0.047619047619047616
2025-06-16,42,,5.099111678736476,0.047619047619047616
2026-03-31,42,,5.098985510840716,0.0
2026-03-30,43,,5.098898978678739,0.0
2024-10-16,43,,5.0973021150354745,0.023255813953488372
2023-04-10,43,,5.086075373583917,0.046511627906976744
2025-10-23,43,,5.086003609102399,0.0
2023-05-30,43,,5.0849449580219055,0.023255813953488372
2020-04-26,43,,5.0817746101329515,0.06976744186046512
2017-06-07,44,,5.074433594795465,0.022727272727272728
2024-11-17,43,,5.074109649283217,0.023255813953488372
2019-03-25,44,,5.071424408705493,0.022727272727272728
2016-11-21,43,,5.069938594634257,0.023255813953488372
2018-05-11,44,,5.067189943324392,0.0
2021-01-01,43,New Year's Day,5.066947744381051,0.0
2021-05-13,44,,5.064088958634949,0.0
2024-06-03,43,,5.061964618718648,0.0
2020-09-19,43,,5.060592756965824,0.023255813953488372
2020-12-05,43,,5.060237854880178,0.0
2024-05-11,43,,5.05884351811868,0.023255813953488372
2023-06-05,43,,5.057909723438735,0.0
2024-05-01,43,,5.055391288939392,0.0
2025-01-25,43,,5.047194520682982,0.11627906976744186
2016-06-02,43,,5.046659127060823,0.0
2021-06-17,44,,5.045268337873534,0.022727272727272728
2023-11-25,43,,5.045020937794256,0.0
2021-05-25,44,,5.044854788856977,0.0
2022-03-19,43,,5.037030360601212,0.0
2016-06-11,41,,5.03057745487583,0.04878048780487805
2020-09-18,43,,5.029259987928544,0.0
2021-04-19,44,,5.023605669145758,0.0
2017-04-16,43,,5.023239963612717,0.0
2026-06-04,42,,5.020366841260679,0.0
2021-06-27,44,,5.018569459422432,0.0
2021-05-24,44,,5.016514833862694,0.06818181818181818
2026-03-29,42,,5.011439868076328,0.09523809523809523
2023-04-29,42,,5.01059920268105,0.07142857142857142
2020-10-28,41,,5.003526099021237,0.0975609756097561
2016-12-02,44,,5.003524352194006,0.0
2025-11-11,43,Veterans Day,4.998840208336839,0.06976744186046512
2024-11-15,43,,4.9981691555843515,0.023255813953488372
2025-04-22,42,,4.998046979613112,0.0
2018-10-25,43,,4.994397126408246,0.0
2016-04-19,42,,4.992126054120083,0.023809523809523808
2025-06-03,43,,4.990722529614347,0.0
2022-01-01,43,New Year's Day,4.98344656560644,0.023255813953488372
2015-11-22,43,,4.981121447034629,0.0
2018-06-09,43,,4.980723445896038,0.0
2019-04-19,42,,4.980525710707234,0.023809523809523808
2020-12-02,43,,4.978930844524445,0.046511627906976744
2018-10-15,43,,4.9771056236123465,0.0
2020-10-04,42,,4.976679378034703,0.0
2026-05-11,42,,4.97577043998381,0.023809523809523808
2021-10-18,42,,4.974641374290989,0.0
2022-06-02,43,,4.97418679663073,0.0
2021-07-03,44,,4.972138829522698,0.0
2024-11-24,42,,4.968308146600197,0.047619047619047616
2022-09-28,43,,4.968154916482582,0.023255813953488372
2026-03-19,40,,4.965215830139222,0.05
2021-06-15,43,,4.962155156099949,0.023255813953488372
2017-05-20,44,,4.957910996422735,0.0
2021-10-09,43,,4.954611177533136,0.0
2024-06-21,43,,4.95458068273564,0.046511627906976744
2021-03-31,44,,4.951540094167193,0.0
2019-05-07,43,,4.948075355256424,0.0
2026-05-10,41,,4.946822273735588,0.0
2024-03-14,43,,4.942549640346599,0.0
2023-10-08,43,,4.942299651567861,0.0
2025-10-18,43,,4.938882154823071,0.0
2019-10-04,44,,4.938806096412193,0.0
2019-02-07,44,,4.936090060918756,0.022727272727272728
2025-03-29,43,,4.926317210672334,0.0
2025-01-19,43,,4.920205612787518,0.046511627906976744
2021-06-28,44,,4.91929448481895,0.0
2023-01-27,43,,4.9175793045922855,0.0
2021-04-30,44,,4.914940059031867,0.022727272727272728
2025-07-06,43,,4.913383245667672,0.023255813953488372
2017-05-23,44,,4.912615091956967,0.045454545454545456
2019-06-17,44,,4.912574908423428,0.0
2018-07-08,37,,4.911910867216534,0.0
2018-05-24,43,,4.9095346049207,0.0
2016-05-28,44,,4.907457276145047,0.045454545454545456
2016-05-02,42,,4.9064051263364306,0.0
2026-01-24,41,,4.905443583123326,0.0
2018-10-26,43,,4.90329123199027,0.0
2017-03-17,44,,4.896654451144242,0.06818181818181818
2020-06-23,43,,4.8947581133460005,0.023255813953488372
2022-11-12,43,,4.892931527380039,0.0
2022-06-21,43,,4.8928067623186875,0.0
2019-06-13,44,,4.889814770634265,0.0
2024-05-04,43,,4.889721275286648,0.0
2019-05-20,43,,4.888262414196545,0.0
2018-10-20,43,,4.886965453951355,0.023255813953488372
2019-04-23,43,,4.885488964115008,0.0
2016-04-20,44,,4.8851502659912445,0.0
2023-03-14,43,,4.884958347768144,0.023255813953488372
2021-05-17,44,,4.879751486411392,0.045454545454545456
2018-05-22,44,,4.879626043904544,0.022727272727272728
2022-06-07,43,,4.876312315402448,0.0
2026-05-03,42,,4.873881787021362,0.023809523809523808
2024-11-13,42,,4.873106190755827,0.023809523809523808
2019-04-24,42,,4.872519306328487,0.0
2016-06-12,43,,4.870835319941694,0.0
2023-03-12,42,,4.8672329315899105,0.0
2023-03-16,43,,4.863945483371013,0.023255813953488372
2021-04-10,44,,4.860866313037125,0.0
2025-10-29,42,,4.858678920520016,0.023809523809523808
2023-05-18,42,,4.8584996659543584,0.023809523809523808
2019-07-22,44,,4.857812533987021,0.0
2022-06-08,43,,4.856442156563676,0.0
2025-06-17,43,,4.8553385186565565,0.023255813953488372
2019-11-08,44,,4.854700452586934,0.0
2020-09-12,43,,4.854183981123823,0.0
2023-03-26,43,,4.847727418304431,0.023255813953488372
2016-05-29,44,,4.847196791007702,0.0
2024-05-14,43,,4.845306893024715,0.023255813953488372
2023-05-08,43,,4.8447100057627805,0.023255813953488372
2022-03-06,43,,4.843523903195114,0.11627906976744186
2016-11-19,42,,4.8432812755554,0.0
2023-10-13,43,,4.839420290401867,0.0
2023-11-24,43,Day after Thanksgiving,4.8393915340456335,0.0
2021-05-22,44,,4.838504594657234,0.11363636363636363
2019-11-14,42,,4.836724046708682,0.047619047619047616
2020-05-18,43,,4.83582022740002,0.023255813953488372
2025-06-01,43,,4.834830466385784,0.023255813953488372
2017-10-25,44,,4.833955014540598,0.0
2024-06-24,42,,4.829060141213103,0.0
2018-06-04,43,,4.827412463707528,0.023255813953488372
2017-12-25,43,Christmas Day,4.823564591853902,0.0
2025-05-27,43,,4.822143118852763,0.0
2025-05-30,43,,4.822128624672522,0.046511627906976744
2019-04-22,43,,4.821010908483575,0.023255813953488372
2019-04-28,43,,4.819924750438619,0.0
2026-01-27,43,,4.818342886557934,0.0
2023-09-04,43,Labor Day,4.8179103270899395,0.0
2025-10-13,43,Columbus Day,4.81282079618724,0.0
2024-11-10,43,,4.8123842688316545,0.023255813953488372
2025-10-10,43,,4.808129324731578,0.023255813953488372
2022-10-22,43,,4.807664427610829,0.0
2024-06-30,42,,4.805870468434821,0.023809523809523808
2020-04-04,43,,4.805866480607158,0.046511627906976744
2021-10-27,43,,4.804915367574154,0.0
2016-06-18,44,,4.8036470076086495,0.06818181818181818
2026-04-11,42,,4.801893446870864,0.0
2017-06-18,44,,4.800325897248583,0.022727272727272728
2015-10-03,43,,4.799935752152871,0.0
2018-05-17,44,,4.799801806645849,0.0
2024-06-06,43,,4.7996983866219205,0.046511627906976744
2020-03-23,43,,4.79428968230433,0.0
2022-09-18,43,,4.78730633392378,0.0
2018-02-20,43,,4.7857704912956756,0.023255813953488372
2019-06-01,43,,4.785221661681568,0.0
2021-11-20,43,,4.784347609192605,0.0
2021-11-08,43,,4.782714800067071,0.0
2023-07-04,43,Independence Day,4.782192818677578,0.0
2016-10-07,44,,4.780758508009285,0.022727272727272728
2016-06-01,42,,4.777812526400629,0.0
2018-02-24,43,,4.775706030521175,0.0
2021-03-16,43,,4.775358465388614,0.0
2021-10-28,42,,4.775166463331632,0.0
2018-11-03,41,,4.774521880976171,0.0
2025-06-30,42,,4.773766720370899,0.16666666666666666
2021-04-03,43,,4.773247437364249,0.046511627906976744
2024-04-15,43,,4.772485917845959,0.023255813953488372
2023-11-26,43,,4.771539960472659,0.0
2019-10-20,44,,4.7680030938191535,0.0
2021-03-08,43,,4.762998177552698,0.0
2018-05-19,43,,4.759675135471973,0.0
2026-06-15,42,,4.759460427621136,0.09523809523809523
2025-05-10,43,,4.7574451123750086,0.09302325581395349
2025-04-26,43,,4.756739813336892,0.023255813953488372
2016-06-19,44,,4.756569109007371,0.06818181818181818
2018-10-27,43,,4.755721878170224,0.023255813953488372
2020-10-16,43,,4.75489899124455,0.023255813953488372
2026-03-04,43,,4.752989863116852,0.023255813953488372
2021-06-02,44,,4.75170844516013,0.09090909090909091
2018-03-13,43,,4.7484191336576975,0.0
2021-07-06,44,,4.7458868059488335,0.045454545454545456
2019-06-04,44,,4.742491979596435,0.0
2023-05-11,43,,4.740398324164183,0.0
2025-03-31,43,,4.739738043343804,0.0
2025-10-09,43,,4.727927145385852,0.023255813953488372
2019-06-24,44,,4.7244324484847695,0.0
2024-06-04,43,,4.723629191952144,0.023255813953488372
2016-06-10,44,,4.721249780046299,0.0
2016-02-23,43,,4.720099939197122,0.0
2021-06-23,44,,4.716380040701013,0.045454545454545456
2020-12-25,43,Christmas Day,4.716355472957975,0.0
2021-10-12,43,,4.7162928140635305,0.046511627906976744
2026-03-09,43,,4.716285413573903,0.023255813953488372
2024-04-20,43,,4.714141480410749,0.0
2016-12-18,42,,4.7140184880694,0.0
2018-04-28,44,,4.713837986818692,0.0
2017-10-03,44,,4.7128038287091725,0.045454545454545456
2020-04-30,43,,4.712325741405465,0.0
2021-05-01,44,,4.7114507087055495,0.022727272727272728
2018-05-03,42,,4.7108622976970125,0.047619047619047616
2020-11-17,43,,4.710226698612998,0.0
2023-06-06,43,,4.706095158536986,0.023255813953488372
2022-07-10,42,,4.70597455850203,0.023809523809523808
2024-10-25,43,,4.705843603792353,0.0
2019-04-09,43,,4.704774698207803,0.0
2025-05-11,43,,4.704365248545416,0.046511627906976744
2025-05-12,43,,4.7000159881918435,0.0
2016-04-23,44,,4.6996672281665886,0.0
2026-04-01,42,,4.698712151561505,0.0
2016-06-08,43,,4.698154645153027,0.0
2026-02-27,43,,4.696162775082366,0.0
2017-05-21,44,,4.693782676405946,0.022727272727272728
2017-06-06,44,,4.692027998340592,0.0
2022-12-26,43,Christmas Day (observed),4.690148569547759,0.0
2017-09-24,44,,4.689531491976222,0.022727272727272728
2023-03-20,43,,4.686690542974647,0.0
2025-03-13,43,,4.685007901452271,0.0
2019-10-15,44,,4.684922426817463,0.0
2024-06-25,43,,4.683903412651397,0.023255813953488372
2017-05-30,42,,4.680095889439831,0.047619047619047616
2026-03-13,42,,4.678008237211561,0.023809523809523808
2026-06-21,42,,4.677665982964091,0.0
2020-09-20,43,,4.673817789271877,0.0
2015-11-13,44,,4.671924949934965,0.0
2026-06-23,42,,4.66889984327984,0.047619047619047616
2018-05-20,44,,4.667883782991206,0.045454545454545456
2025-06-11,43,,4.665327996178937,0.023255813953488372
2019-05-19,43,,4.660482075643484,0.0
2018-06-07,41,,4.659347851973653,0.0
2017-10-17,44,,4.655037736991769,0.0
2020-10-26,43,,4.65353691727545,0.11627906976744186
2025-01-23,43,,4.652990511645229,0.0
2022-11-11,42,Veterans Day,4.651847014592044,0.0
2016-10-22,44,,4.650091103163778,0.0
2021-04-12,44,,4.648534571576205,0.0
2022-03-28,43,,4.6452003313710994,0.0
2023-06-28,43,,4.644613642055153,0.0
2026-04-17,42,,4.644534083793715,0.0
2019-04-25,43,,4.644518440496599,0.0
2025-01-26,43,,4.64183008282871,0.0
2021-05-04,43,,4.64156593107916,0.0
2019-10-05,43,,4.6402184831044995,0.023255813953488372
2023-02-12,43,Super Bowl Sunday,4.636612898231736,0.0
2021-06-29,44,,4.636559759819177,0.0
2022-12-27,43,,4.636082537100472,0.11627906976744186
2026-05-02,42,,4.635067434177801,0.023809523809523808
2023-05-25,43,,4.631734566689148,0.0
2021-11-23,43,,4.631723817962255,0.0
2024-06-10,43,,4.629915299041463,0.0
2018-02-19,43,Presidents' Day,4.629174700228917,0.0
2026-03-08,38,,4.627185397394356,0.05263157894736842
2024-05-12,43,,4.624153038219358,0.0
2018-06-08,42,,4.624144487715786,0.023809523809523808
2022-01-29,42,,4.6236184323765555,0.023809523809523808
2016-05-12,43,,4.6187068547953105,0.0
2025-04-05,43,,4.618065003219172,0.046511627906976744
2020-12-06,43,,4.61751355935063,0.0
2020-11-04,43,,4.608108593242019,0.0
2026-05-19,42,,4.606567995368724,0.047619047619047616
2018-05-27,44,,4.605546979855378,0.045454545454545456
2017-04-17,44,,4.603873387945505,0.0
2021-05-27,43,,4.602810883359278,0.0
2017-12-10,43,,4.602683808521429,0.023255813953488372
2026-05-16,42,,4.602621217165904,0.0
2020-05-05,43,,4.598252435083979,0.046511627906976744
2025-01-22,43,,4.597423123853823,0.0
2025-11-09,43,,4.597407826518006,0.0
2018-05-26,43,,4.597230050284585,0.06976744186046512
2019-10-17,43,,4.596466427214682,0.023255813953488372
2026-01-18,43,,4.594411398889141,0.0
2026-05-31,42,,4.594165231171123,0.0
2015-11-08,44,,4.593982036025528,0.0
2026-03-11,42,,4.593945097330899,0.09523809523809523
2022-01-02,43,,4.593702677689817,0.023255813953488372
2019-06-06,44,,4.590150811356619,0.0
2021-11-05,43,,4.5888583874497675,0.046511627906976744
2024-05-13,43,,4.586547635182792,0.023255813953488372
2019-10-14,43,Columbus Day,4.585408485129438,0.0
2024-07-14,43,,4.582227210062411,0.0
2019-10-28,44,,4.581416279246035,0.022727272727272728
2023-07-23,43,,4.5787236297137355,0.0
2024-01-21,43,,4.577352618354158,0.06976744186046512
2026-06-24,42,,4.576859464368364,0.0
2024-06-20,43,,4.576189254024332,0.0
2021-07-18,44,,4.5740092336684395,0.0
2024-11-29,43,Day after Thanksgiving,4.573276881512658,0.0
2022-03-20,43,,4.571712088529175,0.0
2026-01-01,43,New Year's Day,4.571695802695086,0.09302325581395349
2016-06-27,42,,4.568512304279057,0.023809523809523808
2022-02-06,41,,4.565622465931208,0.024390243902439025
2015-10-18,44,,4.562922089710355,0.0
2021-06-07,44,,4.561388509858629,0.022727272727272728
2024-06-02,42,,4.558533461307778,0.0
2021-03-28,44,,4.557372826396016,0.0
2022-10-01,43,,4.556725854784144,0.0
2024-03-07,42,,4.554581805124513,0.023809523809523808
2025-05-29,43,,4.554263439006338,0.023255813953488372
2026-06-18,42,,4.553889149304464,0.0
2025-05-28,43,,4.550972358807283,0.046511627906976744
2017-05-11,44,,4.54769554091444,0.0
2017-06-02,43,,4.544403049031129,0.0
2024-03-08,43,,4.543906688322736,0.0
2020-04-29,43,,4.539754473129537,0.06976744186046512
2017-07-05,44,,4.538018962097649,0.022727272727272728
2019-10-07,43,,4.537791436295199,0.0
2016-09-05,44,Labor Day,4.537144743625414,0.0
2023-05-07,43,,4.536354177199129,0.023255813953488372
2023-10-07,43,,4.536020842824507,0.0
2018-06-06,42,,4.534306329903693,0.0
2016-06-17,44,,4.533378581047675,0.0
2025-05-02,43,,4.533140357514498,0.0
2021-05-26,44,,4.532872746129366,0.022727272727272728
2016-10-12,44,,4.531921344317713,0.0
2022-12-23,43,,4.530607780329509,0.046511627906976744
2022-11-10,43,,4.529857707471541,0.023255813953488372
2021-06-16,44,,4.5282104466760105,0.0
2022-10-08,43,,4.526098132238241,0.0
2025-10-19,42,,4.525824822744254,0.0
2026-01-25,41,,4.523940084806961,0.0
2023-11-13,43,,4.523502049739448,0.0
2025-10-14,41,,4.520844015772198,0.0
2025-11-04,43,,4.51932918880882,0.0
2023-03-19,43,,4.5180825094265655,0.0
2023-07-16,43,,4.5143103619325435,0.023255813953488372
2025-12-17,43,,4.514247119242027,0.023255813953488372
2017-06-11,44,,4.514104887993485,0.09090909090909091
2017-10-01,43,,4.51231843144742,0.0
2026-06-12,42,,4.504264368706227,0.0
2019-03-11,44,,4.503081488362298,0.0
2022-04-18,43,,4.50123217195286,0.023255813953488372
2015-10-17,44,,4.500874746179999,0.0
2021-10-20,43,,4.500607220465417,0.0
2022-04-06,43,,4.499374422184191,0.0
2020-12-23,43,,4.498328417843731,0.0
2020-06-10,43,,4.498278289263368,0.023255813953488372
2016-05-13,43,,4.498078451128221,0.0
2025-04-23,43,,4.498006736697115,0.0
2020-03-15,43,,4.49787274348825,0.11627906976744186
2020-12-09,43,,4.497634978636402,0.06976744186046512
2025-07-07,43,,4.4975395964150335,0.0
2020-05-31,43,,4.4973802351499215,0.0
2020-12-01,42,,4.495274520130104,0.047619047619047616
2018-04-23,44,,4.494986391946686,0.0
2023-07-01,43,,4.494391826862321,0.023255813953488372
2016-11-12,44,,4.494082013887136,0.0
2021-07-02,44,,4.491559575108532,0.0
2017-05-05,44,,4.491239011908684,0.0
2025-10-16,43,,4.488412199185351,0.0
2015-11-20,44,,4.486935506142158,0.022727272727272728
2021-05-23,44,,4.485096056138454,0.06818181818181818
2025-11-29,43,,4.484963404443231,0.0
2026-05-09,42,,4.484963033121122,0.023809523809523808
2022-07-04,43,Independence Day,4.482795648841146,0.0
2019-05-13,43,,4.4823779756782915,0.0
2019-03-03,44,,4.48164322741779,0.022727272727272728
2022-10-16,43,,4.481601823961218,0.0
2021-11-15,43,,4.480153197309634,0.0
2023-05-20,43,,4.479607400683291,0.09302325581395349
2016-06-09,42,,4.475794991770867,0.0
2024-11-09,43,,4.475386186706832,0.06976744186046512
2020-12-04,43,,4.471443934062209,0.023255813953488372
2018-04-15,43,,4.467471261347099,0.0
2021-10-15,43,,4.467393276514683,0.023255813953488372
2017-06-05,43,,4.463194489402741,0.0
2023-07-03,43,,4.46299896790308,0.0
2022-06-20,43,Juneteenth (observed),4.461952568108226,0.023255813953488372
2024-01-14,43,,4.458464749765434,0.0
2020-06-21,43,,4.457330855570851,0.0
2023-02-24,43,,4.456555947157659,0.0
2015-12-25,43,Christmas Day,4.455152281604933,0.0
2020-01-16,43,,4.4548068300687245,0.023255813953488372
2017-10-16,44,,4.4547468112862685,0.0
2021-05-16,44,,4.454493176197021,0.022727272727272728
2016-11-05,43,,4.454454771182107,0.0
2023-03-15,43,,4.453603575821101,0.0
2026-04-16,41,,4.452366383022483,0.024390243902439025
2019-10-21,44,,4.452245887258822,0.0
2019-11-04,44,,4.451508417181083,0.045454545454545456
2021-10-26,42,,4.448009286555855,0.0
2016-10-11,44,,4.447839871592123,0.0
2022-10-25,43,,4.447764505110765,0.023255813953488372
2023-10-11,42,,4.447557484844845,0.0
2018-12-25,44,Christmas Day,4.447348291641364,0.0
2016-03-19,44,,4.447053627940544,0.022727272727272728
2023-01-28,43,,4.4465172658926,0.0
2023-12-16,43,,4.446253683615526,0.0
2018-07-07,37,,4.4462352607054445,0.0
2022-07-11,43,,4.445487352253885,0.046511627906976744
2019-10-06,44,,4.4442306009234125,0.022727272727272728
2022-09-09,42,,4.438500853768409,0.023809523809523808
2015-11-24,43,,4.437133210263433,0.0
2024-06-15,43,,4.436312012489551,0.0
2017-10-27,44,,4.434786380409047,0.0
2017-11-24,43,Day after Thanksgiving,4.434131411729982,0.0
2020-01-01,43,New Year's Day,4.433061031800198,0.0
2026-04-13,42,,4.432676903209427,0.023809523809523808
2015-11-27,44,Day after Thanksgiving,4.431929472815606,0.0
2023-05-09,43,,4.4317184295684955,0.0
2018-04-02,44,,4.431515218945319,0.0
2017-03-27,43,,4.431086119741033,0.0
2026-06-17,42,,4.429277301505053,0.0
2015-12-04,43,,4.426716723884091,0.0
2026-04-12,42,,4.424940042835414,0.023809523809523808
2025-07-01,43,,4.424900067865887,0.0
2020-03-21,43,,4.424311368839176,0.06976744186046512
2018-10-28,43,,4.423147774184113,0.0
2023-08-20,43,,4.4208276775258035,0.0
2019-11-05,44,,4.4203316619825,0.022727272727272728
2020-07-11,42,,4.417195768666356,0.07142857142857142
2023-06-26,43,,4.415963509677137,0.0
2016-10-23,44,,4.415138113953601,0.0
2022-02-21,43,Presidents' Day,4.41311047020182,0.0
2020-07-05,43,,4.412743888820822,0.046511627906976744
2022-07-09,43,,4.408831938715198,0.0
2025-05-22,43,,4.406850441111251,0.0
2020-12-27,43,,4.404691345690673,0.20930232558139536
2021-07-10,44,,4.403984350807647,0.0
2022-02-24,43,,4.402441804297497,0.0
2025-06-19,42,Juneteenth,4.4012642156334625,0.023809523809523808
2022-06-22,43,,4.401158753184376,0.0
2018-04-16,44,,4.400025451490674,0.0
2021-11-19,43,,4.399689700992696,0.023255813953488372
2018-01-01,43,New Year's Day,4.399563718153788,0.0
2023-06-17,43,,4.3957298268292,0.0
2026-04-14,41,,4.3953122488733705,0.0
2019-10-01,44,,4.394378781845608,0.045454545454545456
2022-05-01,43,,4.393947413436896,0.0
2026-03-05,43,,4.393213276827169,0.0
2020-04-27,43,,4.392663079021393,0.046511627906976744
2021-09-21,43,,4.392322748083068,0.0
2025-06-02,43,,4.392309276632469,0.023255813953488372
2017-11-01,43,,4.390081579586912,0.0
2020-08-30,43,,4.3899724917155165,0.0
2022-11-09,43,,4.388266042093655,0.0
2024-10-12,43,,4.384262450985395,0.0
2022-11-23,43,,4.382865968225178,0.0
2020-02-27,43,,4.379963492579975,0.0
2024-04-25,43,,4.379786890468008,0.0
2015-10-30,42,,4.378994439776362,0.0
2016-02-22,43,,4.378891079270162,0.0
2023-07-10,42,,4.378721492186628,0.0
2022-09-22,43,,4.376554218300278,0.023255813953488372
2025-10-26,42,,4.375613743184294,0.0
2025-11-10,43,,4.373681503874781,0.0
2025-06-12,43,,4.373651549125412,0.0
2023-11-14,42,,4.3732621081264575,0.0
2023-10-27,43,,4.371864649696516,0.0
2020-06-24,43,,4.3708715840300565,0.0
2023-11-27,42,,4.370169531685565,0.0
2018-02-12,43,,4.36689517534011,0.0
2016-03-14,42,,4.3660391654295125,0.0
2023-06-11,43,,4.365373618052945,0.0
2022-05-28,43,,4.362841215676554,0.023255813953488372
2017-06-15,44,,4.357421401872305,0.0
2023-06-29,43,,4.355785939353926,0.0
2017-07-04,43,Independence Day,4.354029932903103,0.0
2026-06-02,42,,4.353282480347772,0.0
2023-12-25,42,Christmas Day,4.3524371280139675,0.0
2016-05-14,42,,4.350845108834923,0.0
2018-04-26,44,,4.347706534622313,0.022727272727272728
2024-04-01,43,,4.343020964271801,0.0
2021-11-04,43,,4.342647748630562,0.0
2022-06-17,43,,4.341987858548224,0.0
2022-05-27,43,,4.341918786843406,0.0
2022-04-07,43,,4.339643525395082,0.0
2023-02-17,43,,4.3392747729185475,0.023255813953488372
2017-11-12,43,,4.338674053116096,0.023255813953488372
2017-05-22,44,,4.337819716226139,0.13636363636363635
2022-02-13,42,Super Bowl Sunday,4.336665112842937,0.023809523809523808
2025-02-27,43,,4.336293085453838,0.0
2016-12-26,44,Christmas Day (observed),4.335865326736216,0.0
2023-05-26,43,,4.33408966659375,0.0
2026-06-16,42,,4.3334757237891814,0.023809523809523808
2026-05-23,42,,4.333473960627656,0.0
2023-10-18,43,,4.333275343754683,0.0
2020-05-16,43,,4.333028130002892,0.023255813953488372
2017-10-24,44,,4.331353341371083,0.0
2023-11-10,43,Veterans Day (observed),4.33009966480435,0.0
2021-11-26,43,Day after Thanksgiving,4.3295012673201825,0.0
2022-06-05,43,,4.329351439402854,0.0
2026-03-10,42,,4.327199285856562,0.09523809523809523
2023-05-24,43,,4.325290987024608,0.0
2023-05-27,43,,4.3252270125833405,0.0
2020-05-02,43,,4.325177457445844,0.06976744186046512
2026-06-06,42,,4.32401086673737,0.047619047619047616
2020-09-11,43,,4.3236578988966405,0.09302325581395349
2024-06-01,43,,4.321684304265283,0.023255813953488372
2019-05-11,43,,4.321148368534885,0.0
2017-05-04,44,,4.320314875314115,0.022727272727272728
2025-12-09,42,,4.320204145982754,0.0
2019-06-15,44,,4.319601829961954,0.022727272727272728
2022-05-30,43,Memorial Day,4.319237637823164,0.11627906976744186
2024-01-01,43,New Year's Day,4.319183390117162,0.0
2025-10-27,43,,4.317816492471911,0.0
2023-06-25,43,,4.3158746745500185,0.0
2024-07-10,43,,4.315196431317917,0.023255813953488372
2017-10-30,43,,4.313385217833299,0.046511627906976744
2015-11-15,42,,4.309969158628554,0.0
2023-05-23,43,,4.309479645639403,0.0
2020-03-14,43,,4.307750863707009,0.06976744186046512
2024-11-03,41,,4.305991426568112,0.0
2019-06-07,44,,4.305552852270239,0.0
2022-10-26,43,,4.3053273723762935,0.0
2023-09-22,43,,4.304373581902031,0.0
2020-04-08,43,,4.302817857395688,0.0
2021-04-04,44,,4.301391050197891,0.045454545454545456
2024-06-05,43,,4.300023469262599,0.046511627906976744
2023-11-16,42,,4.299107913796991,0.0
2022-02-04,42,,4.298632394170871,0.0
2021-11-14,43,,4.2970621672298455,0.0
2025-12-16,41,,4.296919267339095,0.024390243902439025
2025-01-24,43,,4.295697803673714,0.0
2017-12-16,43,,4.293508573483868,0.0
2019-02-06,44,,4.293328688155945,0.022727272727272728
2023-10-01,43,,4.292519807329608,0.0
2021-03-17,43,,4.29063840068348,0.0
2017-04-23,44,,4.287990530558135,0.0
2020-11-12,43,,4.27919877354852,0.06976744186046512
2017-05-15,44,,4.277632836983166,0.0
2020-09-08,43,,4.276509610454995,0.046511627906976744
2018-07-09,37,,4.275121165922132,0.0
2026-03-01,43,,4.275108499733844,0.0
2023-06-04,43,,4.274725127207506,0.023255813953488372
2020-03-16,43,,4.274307834679378,0.0
2024-06-09,43,,4.274168496212017,0.0
2025-11-02,38,,4.271580879864375,0.02631578947368421
2018-10-31,42,,4.269140266674676,0.0
2019-05-08,43,,4.268354826344164,0.0
2018-11-20,43,,4.2669849393119,0.0
2016-06-22,44,,4.26664436313491,0.0
2016-05-11,43,,4.266541002245627,0.0
2020-03-18,43,,4.265436823188798,0.0
2024-05-08,43,,4.265162158505112,0.0
2026-03-17,41,,4.263746978204455,0.024390243902439025
2018-11-02,42,,4.263566765259364,0.0
2024-06-23,43,,4.260666054947571,0.06976744186046512
2022-06-13,43,,4.259917222691296,0.046511627906976744
2023-11-15,42,,4.258503228531881,0.0
2016-04-18,44,,4.256995912876573,0.022727272727272728
2025-03-02,43,,4.256444726506007,0.046511627906976744
2021-05-05,44,,4.255838856286619,0.022727272727272728
2024-05-02,43,,4.255576134465327,0.023255813953488372
2019-07-04,43,Independence Day,4.255375121280341,0.0
2024-04-16,43,,4.254084393243304,0.0
2026-04-18,42,,4.252876463058165,0.023809523809523808
2018-02-13,42,,4.252154570087523,0.0
2023-04-14,43,,4.251931384710165,0.0
2020-02-19,43,,4.251566558638725,0.0
2024-10-26,43,,4.251516558759804,0.0
2025-06-18,42,,4.250635787058459,0.023809523809523808
2019-10-26,44,,4.249008927341962,0.022727272727272728
2022-06-04,43,,4.248728035683003,0.0
2025-04-07,43,,4.247882023346673,0.0
2015-11-23,43,,4.245601478037959,0.0
2024-07-04,43,Independence Day,4.244157490190347,0.0
2017-03-20,44,,4.243892287217738,0.022727272727272728
2021-04-08,44,,4.242453135523758,0.0
2017-12-12,43,,4.240512332439855,0.046511627906976744
2022-09-10,43,,4.240312325133256,0.0
2020-05-23,43,,4.238197055650167,0.0
2022-11-15,43,,4.237359911548318,0.0
2018-07-04,37,Independence Day,4.237335895458772,0.0
2025-06-21,42,,4.23367641534297,0.09523809523809523
2022-02-18,42,,4.233533289263711,0.0
2022-04-30,43,,4.233100148564459,0.0
2022-05-31,43,,4.232512629500058,0.046511627906976744
2023-07-22,43,,4.23225674286441,0.0
2026-06-11,41,,4.231200075240546,0.04878048780487805
2022-04-16,43,,4.229838015801779,0.0
2023-03-25,43,,4.22773046591338,0.023255813953488372
2025-04-27,42,,4.2254695199764996,0.023809523809523808
2023-10-24,43,,4.225468539829793,0.0
2024-05-25,43,,4.223759415042845,0.0
2023-12-24,43,Christmas Eve,4.22335945119113,0.0
2017-03-30,43,,4.221763946434409,0.0
2021-04-06,44,,4.219261075986836,0.0
2017-10-04,44,,4.2189580792136745,0.0
2016-06-28,43,,4.218126930810899,0.0
2024-07-06,43,,4.2176092286790645,0.023255813953488372
2026-04-25,42,,4.21708387481884,0.0
2019-02-08,44,,4.216901740527085,0.0
2020-06-19,43,,4.216044380037482,0.0
2018-02-26,43,,4.21579585015931,0.0
2017-03-14,44,,4.212139183417193,0.0
2022-05-19,43,,4.21110246488344,0.0
2022-02-26,43,,4.21035298013743,0.0
2024-09-22,43,,4.208776537848612,0.0
2023-04-15,43,,4.208366173770347,0.0
2020-11-18,43,,4.205368484539284,0.0
2025-12-31,43,New Year's Eve,4.205095453757634,0.0
2021-07-08,44,,4.204022817584569,0.0
2022-10-15,43,,4.20397738218544,0.0
2021-03-27,44,,4.203820741887782,0.0
2021-05-06,43,,4.202647051345161,0.023255813953488372
2020-05-17,43,,4.202572813131667,0.046511627906976744
2025-06-05,43,,4.202282643804092,0.023255813953488372
2021-11-16,42,,4.201597435104537,0.0
2016-11-22,43,,4.201114841863719,0.023255813953488372
2026-05-29,41,,4.199945729708102,0.0
2015-10-05,44,,4.197696514757487,0.022727272727272728
2023-04-11,43,,4.197383423215167,0.046511627906976744
2025-02-11,43,,4.196494706423973,0.0
2019-06-29,44,,4.196102188894027,0.0
2019-04-29,43,,4.196093337614673,0.0
2021-05-15,44,,4.193957567666066,0.022727272727272728
2016-12-17,44,,4.192506228861229,0.0
2024-02-21,43,,4.190087337619689,0.0
2024-03-17,43,,4.189837802046224,0.0
2016-12-25,44,Christmas Day,4.189200786457016,0.0
2019-11-24,44,,4.187869153643551,0.0
2025-12-11,43,,4.187185545206861,0.0
2021-06-09,44,,4.187120528827298,0.022727272727272728
2016-11-09,43,,4.186997527218408,0.0
2021-07-11,44,,4.186827359157782,0.022727272727272728
2022-05-26,43,,4.184046493099598,0.0
2021-10-24,43,,4.184028525528779,0.0
2020-02-20,43,,4.183010407063972,0.0
2017-11-10,43,Veterans Day (observed),4.1777800788467,0.0
2019-11-21,44,,4.177377637637466,0.0
2019-04-20,43,,4.172677210318268,0.023255813953488372
2019-06-10,44,,4.171786085711425,0.045454545454545456
2017-01-07,43,,4.170951063982015,0.023255813953488372
2021-05-21,44,,4.170613092329926,0.022727272727272728
2018-04-29,44,,4.169838482864625,0.0
2016-11-11,43,Veterans Day,4.167679206164562,0.0
2023-10-10,43,,4.167314035469519,0.0
2016-11-18,44,,4.16627002579827,0.0
2016-03-18,44,,4.16583383130353,0.0
2019-06-05,44,,4.1648571585908,0.022727272727272728
2024-11-16,43,,4.1639039331205945,0.046511627906976744
2020-03-01,43,,4.1636708193370575,0.0
2022-06-03,43,,4.1627221841349105,0.0
2022-03-05,43,,4.161688564232343,0.0
2024-06-14,43,,4.161021587878278,0.0
2016-03-17,44,,4.160555679006062,0.0
2020-11-30,43,,4.1597932119120085,0.023255813953488372
2019-03-17,44,,4.159179654139587,0.022727272727272728
2022-03-27,43,,4.158236429566944,0.023255813953488372
2017-02-25,44,,4.157943505020036,0.0
2017-11-09,43,,4.157221193834159,0.0
2026-06-19,41,Juneteenth,4.15713413814829,0.0
2021-10-02,43,,4.153631430342085,0.0
2025-07-04,43,Independence Day,4.150108622686102,0.0
2025-01-31,43,,4.149428125552338,0.0
2023-04-01,43,,4.147320042517526,0.0
2025-06-14,43,,4.147212467566005,0.046511627906976744
2018-03-10,42,,4.145922252900224,0.0
2016-12-21,44,,4.145496197984118,0.06818181818181818
2019-04-10,43,,4.14309012788963,0.0
2023-05-01,43,,4.142202599556617,0.0
2017-11-18,43,,4.140674575360117,0.046511627906976744
2018-07-06,37,,4.139062868984262,0.05405405405405406
2026-04-02,42,,4.1378952774780675,0.023809523809523808
2019-06-09,44,,4.137775094161056,0.022727272727272728
2017-05-10,44,,4.136403842963173,0.0
2019-05-28,44,,4.13537510473234,0.0
2022-05-22,43,,4.135141110811548,0.023255813953488372
2023-05-31,43,,4.134288667768271,0.0
2020-06-12,43,,4.132741509992291,0.0
2026-01-20,42,,4.13136549334791,0.047619047619047616
2025-04-19,43,,4.130945686876209,0.046511627906976744
2020-03-19,43,,4.130124928372293,0.0
2023-11-05,39,,4.126395004478131,0.0
2024-11-08,43,,4.1192754742155895,0.06976744186046512
2022-10-09,43,,4.11838941448439,0.0
2023-06-30,43,,4.118076401021632,0.0
2016-02-07,42,Super Bowl Sunday,4.11778806888822,0.0
2026-06-20,42,,4.116454401832082,0.0
2016-09-26,44,,4.116335293375801,0.0
2022-06-23,43,,4.116250141832822,0.0
2019-04-07,43,,4.116146938756825,0.0
2019-10-23,42,,4.113919438526085,0.0
2022-03-23,43,,4.1138729936926,0.0
2024-07-05,43,,4.113500465227174,0.06976744186046512
2020-03-27,43,,4.1125884635520835,0.0
2024-03-13,43,,4.112328468076351,0.0
2020-11-19,43,,4.112158757473301,0.023255813953488372
2023-07-15,43,,4.108574754393577,0.0
2023-10-23,43,,4.108070368992465,0.0
2025-03-07,43,,4.107477818819077,0.0
2024-03-05,43,,4.106752711693183,0.0
2019-04-30,43,,4.106238304299623,0.0
2016-12-10,44,,4.1062043670282184,0.0
2021-10-01,43,,4.105243744248592,0.0
2015-12-19,44,,4.1049322836996645,0.0
2017-12-13,41,,4.103668250136656,0.0
2024-05-21,43,,4.103381187720403,0.0
2023-04-16,43,,4.101889332526514,0.0
2022-10-13,43,,4.098858401882629,0.0
2026-03-20,42,,4.098584846304568,0.047619047619047616
2025-12-15,43,,4.098459463060129,0.0
2025-01-18,43,,4.097775952822999,0.023255813953488372
2021-05-14,44,,4.097708840536857,0.022727272727272728
2024-05-26,43,,4.097124202353037,0.0
2023-02-02,42,,4.0948568717306255,0.0
2016-11-13,44,,4.093056438445985,0.0
2022-05-13,43,,4.092972600286796,0.0
2016-05-09,43,,4.092058645532586,0.0
2017-10-21,44,,4.091640022074735,0.0
2023-09-23,42,,4.090721317139108,0.0
2019-03-02,44,,4.090322198939034,0.0
2023-11-30,43,,4.089868341742664,0.046511627906976744
2025-05-21,43,,4.089164096632579,0.0
2018-12-24,44,Christmas Eve,4.08859887575732,0.0
2024-10-22,43,,4.087258196854186,0.0
2020-10-17,43,,4.084883094458537,0.0
2018-02-21,43,,4.083836953505178,0.0
2023-04-05,43,,4.083508755054503,0.0
2019-07-05,44,,4.083500635805205,0.0
2022-10-05,43,,4.083266537467386,0.0
2022-10-14,43,,4.083137103952751,0.0
2019-06-08,43,,4.082967850278214,0.0
2024-09-13,43,,4.082374865479588,0.0
2016-02-27,44,,4.082146702569446,0.0
2019-07-01,44,,4.081339614248488,0.0
2019-01-26,44,,4.080926470389345,0.0
2016-04-21,43,,4.080383002269309,0.0
2017-11-20,43,,4.079103535957125,0.0
2026-03-14,43,,4.077681804880172,0.0
2021-10-11,43,Columbus Day,4.074640912125684,0.0
2021-04-24,44,,4.074578171181008,0.0
2024-10-11,43,,4.073664052160879,0.0
2024-04-19,43,,4.070155108435614,0.0
2025-08-10,43,,4.069067451480397,0.0
2023-12-12,43,,4.067727533118676,0.0
2024-02-25,43,,4.067637124024299,0.023255813953488372
2017-04-28,44,,4.066488475572462,0.0
2024-02-27,43,,4.06637120923661,0.0
2021-11-09,43,,4.062972225046263,0.0
2020-03-28,43,,4.062634937771049,0.18604651162790697
2016-03-20,41,,4.062580393405389,0.07317073170731707
2015-11-10,43,,4.061757383864982,0.0
2020-03-30,43,,4.061289318913727,0.0
2026-06-07,42,,4.061174891839317,0.023809523809523808
2015-10-16,44,,4.060211848906021,0.0
2022-10-12,43,,4.060033857034315,0.0
2016-11-23,44,,4.059270754151518,0.022727272727272728
2026-02-28,43,,4.0589813645994965,0.0
2024-01-22,43,,4.057000864584886,0.0
2023-07-06,43,,4.056698287994246,0.0
2018-11-01,42,,4.0555095490897415,0.0
2016-10-05,44,,4.055127418572727,0.0
2019-12-25,44,Christmas Day,4.053667118684199,0.0
2024-05-07,43,,4.053493657746983,0.0
2018-11-09,43,,4.05281226954845,0.0
2025-05-08,43,,4.052616456768889,0.0
2023-12-07,43,,4.050524379818331,0.0
2023-07-02,43,,4.0490936527349595,0.0
2024-08-28,43,,4.045367466260572,0.0
2025-10-20,43,,4.043412281890879,0.0
2025-10-15,43,,4.043360222421537,0.046511627906976744
2023-02-01,43,,4.042929132861739,0.0
2024-02-28,43,,4.042698520762509,0.023255813953488372
2018-04-24,44,,4.041864988276781,0.045454545454545456
2024-12-25,42,Christmas Day,4.040127361354656,0.0
2024-03-06,43,,4.0399825483782426,0.0
2020-09-30,43,,4.039194095156763,0.0
2024-07-11,43,,4.038250230837302,0.0
2016-07-02,42,,4.037373760537259,0.0
2019-11-29,44,Day after Thanksgiving,4.036607042149777,0.0
2022-05-20,43,,4.036042711706208,0.0
2023-02-13,43,,4.035142861035291,0.0
2017-06-16,44,,4.033741525048019,0.0
2018-11-21,43,,4.0334146915596065,0.0
2017-11-19,43,,4.033228526336296,0.0
2021-05-12,44,,4.032562154872151,0.022727272727272728
2017-06-17,44,,4.032504156116053,0.0
2024-11-06,42,,4.031565788109841,0.0
2016-11-17,44,,4.028855519341084,0.0
2020-03-13,43,,4.026093683660359,0.0
2018-06-20,43,,4.025619155719749,0.0
2020-06-07,43,,4.025612851457149,0.0
2016-09-24,44,,4.024802353816145,0.0
2025-06-28,43,,4.023326444651896,0.023255813953488372
2026-02-19,42,,4.022846512177291,0.0
2022-12-21,43,,4.021858987299708,0.0
2016-03-22,43,,4.021732285581138,0.0
2021-09-29,43,,4.02152429888133,0.0
2016-06-21,44,,4.02109941125703,0.022727272727272728
2024-05-10,43,,4.017476823028338,0.023255813953488372
2019-10-22,44,,4.016835847530757,0.0
2022-06-16,43,,4.014780486074777,0.023255813953488372
2019-11-10,44,,4.011555302762465,0.18181818181818182
2018-02-22,43,,4.0111421648616306,0.0
2022-10-02,43,,4.011019540994725,0.0
2021-11-24,43,,4.0093595233837,0.046511627906976744
2019-11-12,44,,4.008907691895672,0.022727272727272728
2024-12-07,43,,4.006411197968428,0.046511627906976744
2025-06-04,43,,4.005497165380561,0.0
2024-05-20,43,,4.005258870953514,0.023255813953488372
2017-05-03,44,,4.004352847054922,0.0
2026-04-22,42,,4.0037002305468,0.0
2021-05-20,44,,4.003074969167723,0.022727272727272728
2019-03-15,44,,4.002853570070859,0.0
2019-11-17,44,,4.000958725888616,0.022727272727272728
2019-05-04,43,,4.000889617101582,0.0
2015-10-23,44,,3.9971532550855073,0.0
2016-09-06,44,,3.9960039178931615,0.0
2016-11-06,40,,3.9921637800112135,0.0
2022-04-03,43,,3.9917202192537653,0.023255813953488372
2017-09-22,44,,3.990536596524012,0.06818181818181818
2022-10-06,43,,3.989288859544514,0.0
2025-06-20,43,,3.989201069570198,0.023255813953488372
2019-04-13,43,,3.9872969217030985,0.0
2024-11-01,42,,3.98612431457547,0.0
2026-01-26,43,,3.9857678921746733,0.023255813953488372
2023-12-11,43,,3.9855742065388915,0.0
2025-07-02,43,,3.985502776031513,0.023255813953488372
2024-10-29,43,,3.982934303547303,0.0
2026-05-22,41,,3.982729267628588,0.0
2024-02-01,43,,3.9824354210447854,0.0
2021-11-28,43,,3.9814250240086295,0.0
2025-09-06,43,,3.9803735029862306,0.0
2021-01-29,44,,3.9798498885368456,0.0
2024-04-03,43,,3.9798456787373837,0.0
2016-12-08,43,,3.979806621127983,0.0
2018-04-14,44,,3.979093917568293,0.0
2021-11-02,43,,3.9777729218013755,0.0
2026-06-25,41,,3.976307220495844,0.0
2023-07-11,43,,3.9752566730634085,0.0
2021-03-03,42,,3.9741880486996886,0.0
2020-06-08,43,,3.973215053676716,0.06976744186046512
2019-02-02,44,,3.9705464762132663,0.0
2020-12-08,43,,3.969175152702227,0.0
2017-09-29,44,,3.9662503765880555,0.0
2023-06-01,43,,3.964855879659617,0.023255813953488372
2023-06-02,42,,3.964808430792387,0.047619047619047616
2026-05-06,42,,3.9645517572910762,0.023809523809523808
2020-02-09,43,,3.9645446114483973,0.0
2025-10-08,43,,3.9637036008489677,0.023255813953488372
2020-04-25,43,,3.9628316776558514,0.06976744186046512
2024-07-07,43,,3.9622158878278904,0.06976744186046512
2017-07-08,44,,3.9611232835214025,0.0
2026-05-27,41,,3.9594745553789683,0.0
2017-03-31,43,,3.958141202505441,0.0
2020-07-04,43,Independence Day,3.9569855159750125,0.0
2020-04-07,43,,3.9564015001359323,0.0
2024-10-24,43,,3.954207216206492,0.0
2025-06-15,43,,3.95370766587212,0.046511627906976744
2020-11-13,43,,3.9520364234969816,0.023255813953488372
2025-04-24,42,,3.9518224007517158,0.0
2019-04-01,44,,3.9509735985977343,0.0
2017-03-13,44,,3.9504525636047347,0.0
2017-04-21,44,,3.9502974131380193,0.0
2022-10-03,43,,3.9497358716357893,0.0
2025-03-27,43,,3.9491513688931295,0.0
2026-03-06,43,,3.948111897114248,0.023255813953488372
2019-06-11,44,,3.947376078918875,0.09090909090909091
2025-04-15,43,,3.947034082809924,0.0
2021-11-27,43,,3.946490084888685,0.023255813953488372
2019-10-16,43,,3.946018624417248,0.0
2024-10-06,43,,3.9459398858443193,0.0
2016-11-10,43,,3.9457687843045672,0.0
2015-11-11,43,Veterans Day,3.945337506342169,0.0
2025-10-02,43,,3.945285750569065,0.0
2023-02-11,43,,3.942595878483767,0.0
2024-05-19,43,,3.942065957882843,0.023255813953488372
2020-03-29,43,,3.9414750085459347,0.18604651162790697
2019-07-13,44,,3.939218633322904,0.0
2025-02-09,43,Super Bowl Sunday,3.9389054801986227,0.0
2016-06-16,43,,3.9380516936927448,0.0
2018-11-28,43,,3.937318440492082,0.023255813953488372
2017-12-11,43,,3.93606342196618,0.046511627906976744
2024-11-30,43,,3.934340372304823,0.0
2015-12-05,44,,3.9342358438994864,0.0
2023-12-06,43,,3.9332996141322485,0.0
2017-09-04,44,Labor Day,3.9326066496490926,0.0
2025-02-12,43,,3.9312615326796663,0.023255813953488372
2015-11-07,43,,3.930805809302557,0.0
2015-11-06,44,,3.9292855661921706,0.0
2019-12-20,42,,3.929248439655437,0.0
2025-03-09,40,,3.929167457806678,0.0
2024-03-16,43,,3.9277877115714834,0.0
2019-09-24,44,,3.927752778432737,0.0
2023-11-11,43,Veterans Day,3.9237914812480965,0.0
2022-03-18,43,,3.923355270853802,0.0
2017-10-02,44,,3.923347784949403,0.0
2020-07-18,43,,3.9220873935399942,0.0
2017-09-23,44,,3.9202489304974124,0.022727272727272728
2021-11-17,43,,3.918471168311451,0.0
2017-07-23,43,,3.9161865461065344,0.0
2021-03-01,43,,3.9160359427505322,0.0
2026-01-21,42,,3.9149526800765857,0.0
2024-09-17,43,,3.9146290032872804,0.0
2020-12-26,43,,3.914574257173922,0.0
2022-06-18,43,,3.913752224919189,0.0
2023-01-02,43,New Year's Day (observed),3.9092329137137902,0.0
2015-10-19,44,,3.9081851014754276,0.0
2019-09-19,44,,3.9074714064617817,0.0
2026-02-08,43,Super Bowl Sunday,3.906973278788629,0.023255813953488372
2026-03-28,42,,3.9063147618867893,0.023809523809523808
2016-01-05,43,,3.9054069519562744,0.0
2017-05-16,42,,3.903673010507642,0.0
2026-02-18,43,,3.903585867551646,0.0
2016-09-30,44,,3.9014733976734597,0.0
2025-05-24,43,,3.9013303473100702,0.023255813953488372
2025-04-06,43,,3.9002039909719945,0.0
2022-01-27,42,,3.8994252785314307,0.0
2016-11-08,42,,3.8991760083573586,0.0
2019-05-31,44,,3.899004145153653,0.0
2023-10-17,43,,3.898870203717296,0.0
2017-06-10,44,,3.897131550994756,0.0
2025-03-14,43,,3.8969286959343306,0.023255813953488372
2019-11-18,44,,3.8960158050864013,0.0
2017-09-06,44,,3.894219163899928,0.0
2017-07-10,44,,3.89348655915941,0.0
2023-03-01,43,,3.893035349540182,0.023255813953488372
2018-03-19,43,,3.891797554107009,0.0
2020-07-03,43,Independence Day (observed),3.8916490400805843,0.0
2023-02-16,43,,3.8910262763152246,0.0
2021-03-12,43,,3.8905502230007096,0.0
2025-11-30,43,,3.8892047410769015,0.0
2024-12-03,43,,3.889078426138436,0.0
2018-07-22,41,,3.888574557662578,0.0
2024-02-13,43,,3.8873423788281123,0.0
2019-11-06,43,,3.8868119428318004,0.023255813953488372
2025-05-09,43,,3.886090163335459,0.046511627906976744
2025-05-17,43,,3.886035467743324,0.0
2022-12-29,43,,3.884551466836024,0.023255813953488372
2025-05-03,43,,3.8833612018516774,0.0
2017-09-30,44,,3.88320166703973,0.0
2024-08-24,43,,3.8831571355041956,0.023255813953488372
2017-06-01,44,,3.882360191388848,0.0
2017-10-26,43,,3.88041255224341,0.0
2020-11-21,42,,3.8794064647586723,0.0
2016-09-02,44,,3.8782030705818666,0.022727272727272728
2025-11-03,43,,3.8778836486088806,0.023255813953488372
2020-10-02,43,,3.8778116669328684,0.023255813953488372
2019-05-29,44,,3.877687566141436,0.0
2021-06-30,44,,3.877623902213185,0.0
2023-01-14,43,,3.877043494542693,0.0
2025-12-25,43,Christmas Day,3.876984460694895,0.0
2018-02-25,43,,3.876792659380245,0.0
2023-04-23,43,,3.8741067078802405,0.023255813953488372
2020-11-27,43,Day after Thanksgiving,3.873146158525001,0.023255813953488372
2025-03-05,43,,3.8687880564602413,0.023255813953488372
2025-06-22,43,,3.868432884697622,0.023255813953488372
2025-03-15,43,,3.868038715599234,0.0
2022-06-15,43,,3.8675416627323633,0.0
2015-11-25,44,,3.867222014526791,0.0
2021-06-24,44,,3.8662618296257394,0.0
2025-11-08,43,,3.8658860661556207,0.0
2017-06-13,44,,3.8648679370227637,0.0
2020-10-03,43,,3.864354254215637,0.0
2018-06-05,42,,3.8606018497092047,0.0
2025-10-06,43,,3.860090543495106,0.0
2020-02-28,43,,3.8595518659138115,0.0
2021-04-22,44,,3.858115423908296,0.0
2020-10-24,43,,3.857707844410535,0.0
2024-06-19,43,Juneteenth,3.856645752931586,0.0
2025-07-14,43,,3.8559003010584325,0.0
2021-07-04,44,Independence Day,3.8545196323900504,0.022727272727272728
2015-11-12,44,,3.8539847172044266,0.0
2022-03-10,42,,3.853843999389986,0.0
2019-11-16,44,,3.8537396843217007,0.022727272727272728
2024-07-09,43,,3.8517009535378217,0.11627906976744186
2015-10-27,44,,3.851614713875171,0.0
2021-09-22,43,,3.851556960895296,0.0
2026-05-24,42,,3.851080865227336,0.0
2022-05-04,43,,3.8476295705464785,0.0
2022-11-08,43,,3.8472215640512184,0.0
2015-09-16,42,,3.8466589861364153,0.023809523809523808
2020-05-07,43,,3.8465405409630025,0.046511627906976744
2017-01-28,44,,3.845291133794234,0.0
2022-02-05,42,,3.8444088151660227,0.0
2020-12-24,43,Christmas Eve,3.844115119856394,0.0
2024-09-14,43,,3.8428803426586464,0.0
2017-12-24,43,Christmas Eve,3.84149884982073,0.0
2020-02-14,43,,3.8405688994387073,0.0
2025-04-28,43,,3.8403597589130034,0.0
2020-11-15,43,,3.838802095332556,0.0
2025-01-01,43,New Year's Day,3.8380922688793193,0.0
2018-10-30,42,,3.8379427882779984,0.0
2020-12-20,43,,3.837707049416631,0.0
2016-11-15,43,,3.836716364207738,0.0
2022-02-09,43,,3.836061027783372,0.0
2022-10-04,43,,3.835378572777349,0.0
2024-06-16,43,,3.8345871293977334,0.023255813953488372
2019-11-07,42,,3.833881236149134,0.0
2018-11-23,43,Day after Thanksgiving,3.833494768681643,0.0
2024-02-22,43,,3.8330429686984844,0.0
2017-12-09,43,,3.830367539924997,0.046511627906976744
2022-11-25,42,Day after Thanksgiving,3.8270300309660916,0.0
2023-09-24,43,,3.8261799681245634,0.0
2021-06-10,44,,3.8254275920679657,0.022727272727272728
2024-10-21,43,,3.8250619497348657,0.0
2017-06-12,44,,3.8239260075345376,0.022727272727272728
2017-10-29,44,,3.822621543550034,0.09090909090909091
2024-05-24,43,,3.8205388347940206,0.0
2020-09-22,43,,3.820303714000321,0.0
2021-04-17,44,,3.8199264347329716,0.0
2018-02-23,43,,3.818531054577938,0.0
2018-05-30,44,,3.818476399583977,0.0
2021-04-05,44,,3.818165239999023,0.022727272727272728
2020-07-19,42,,3.81761521194829,0.023809523809523808
2025-11-12,43,,3.8159369315720797,0.18604651162790697
2020-10-18,43,,3.815705702294526,0.023255813953488372
2023-09-20,43,,3.814828119756269,0.0
2018-10-05,43,,3.814816429960229,0.0
2021-11-30,42,,3.8130704515189784,0.047619047619047616
2016-04-24,43,,3.8119229300600064,0.0
2025-03-03,43,,3.811766744288809,0.0
2023-03-17,43,,3.8097565633612764,0.0
2017-06-24,44,,3.809704252276058,0.022727272727272728
2020-04-28,43,,3.8094699435200328,0.06976744186046512
2017-10-28,44,,3.808807827439155,0.06818181818181818
2025-03-23,43,,3.8087987428451675,0.023255813953488372
2016-03-21,43,,3.8085776281582806,0.0
2017-09-08,44,,3.8085037587317645,0.0
2017-09-20,44,,3.8079276429333264,0.0
2024-04-21,43,,3.8076845092156386,0.023255813953488372
2018-03-23,43,,3.8066826268375418,0.0
2020-07-06,43,,3.805061899541117,0.0
2025-03-21,43,,3.80489838734512,0.0
2023-04-19,43,,3.800412241576528,0.0
2023-11-17,43,,3.7992951450870582,0.0
2019-01-02,43,,3.796546996569244,0.0
2017-11-25,43,,3.79621608631416,0.023255813953488372
2025-06-26,43,,3.7945527954820526,0.046511627906976744
2026-02-26,43,,3.7943855121690073,0.0
2023-09-03,43,,3.79098946454547,0.046511627906976744
2020-09-09,43,,3.790251118129358,0.06976744186046512
2017-05-09,43,,3.7892979290394035,0.0
2021-12-12,43,,3.7871364604981577,0.0
2023-11-18,43,,3.7866749629907397,0.023255813953488372
2021-05-19,44,,3.7843390963821344,0.022727272727272728
2026-05-13,42,,3.7841807312699616,0.0
2016-05-03,44,,3.7823749505760857,0.0
2017-01-08,44,,3.7816423303397775,0.022727272727272728
2021-09-17,43,,3.780900186278082,0.0
2016-10-06,44,,3.780138345799285,0.0
2024-02-10,43,,3.7798067843424534,0.0
2018-11-08,42,,3.7796042986018294,0.0
2020-05-11,43,,3.7791558706454405,0.0
2021-04-18,44,,3.7786388490966853,0.0
2019-11-25,44,,3.7773129060295005,0.0
2023-01-15,43,,3.7766146838351187,0.09302325581395349
2024-10-01,43,,3.775797285341751,0.0
2019-09-23,44,,3.775197798418392,0.0
2021-04-28,44,,3.7750472023986745,0.0
2021-02-28,43,,3.7731623310313442,0.0
2020-02-23,43,,3.7731564763688428,0.046511627906976744
2025-03-22,43,,3.7730166697505862,0.0
2022-04-02,43,,3.772221874861706,0.0
2021-10-22,43,,3.772146300114696,0.0
2020-06-25,43,,3.7713211044375687,0.0
2025-11-13,43,,3.7707519933373588,0.0
2020-02-02,43,Super Bowl Sunday,3.770693240205878,0.0
2021-09-28,43,,3.7705141224781737,0.023255813953488372
2020-09-13,42,,3.770211126091036,0.0
2023-08-15,43,,3.7671480533042083,0.023255813953488372
2017-09-14,44,,3.7662151531546995,0.0
2023-04-12,43,,3.765292055347045,0.0
2017-11-17,43,,3.763339384579958,0.023255813953488372
2016-06-29,42,,3.763015975724472,0.0
2025-01-27,43,,3.762180863958971,0.0
2019-06-28,44,,3.7619487064447155,0.0
2023-06-16,43,,3.760389463139071,0.0
2023-10-09,43,Columbus Day,3.760167433979731,0.023255813953488372
2016-02-20,44,,3.7579761782114884,0.0
2026-01-13,43,,3.75731800225139,0.0
2019-04-05,44,,3.7542797882360612,0.0
2021-09-20,43,,3.7526386008710015,0.0
2021-11-10,43,,3.7525919833629433,0.0
2019-01-31,43,,3.752517750898834,0.0
2015-12-03,44,,3.752356972884815,0.0
2021-12-24,43,Christmas Eve,3.752232847300164,0.0
2017-07-01,44,,3.7513489391623813,0.0
2019-01-25,44,,3.7506763516988824,0.0
2019-03-14,44,,3.7505685946858813,0.0
2019-11-26,44,,3.749623874923981,0.0
2023-02-22,43,,3.7495971950337914,0.0
2026-05-05,42,,3.7494789444034904,0.0
2022-01-28,42,,3.749467814417442,0.0
2025-04-18,43,,3.7494407926645663,0.0
2021-05-29,44,,3.7494057788657322,0.0
2022-12-01,43,,3.747976169819916,0.0
2025-02-01,43,,3.7475381037062134,0.0
2018-07-15,39,,3.7474768594519503,0.0
2025-01-15,42,,3.746723886817543,0.0
2025-05-01,43,,3.7462377964462448,0.0
2022-07-25,43,,3.74611037420284,0.0
2020-06-20,43,,3.745930444073221,0.0
2025-04-12,43,,3.7457486684699495,0.046511627906976744
2022-07-02,43,,3.7456761175211426,0.0
2024-11-19,43,,3.7450954775357057,0.06976744186046512
2023-10-26,43,,3.7449228100332057,0.0
2021-02-24,43,,3.7446416545184618,0.0
2016-11-25,44,Day after Thanksgiving,3.7442255845051466,0.0
2024-05-23,43,,3.7435468655805813,0.0
2022-04-24,43,,3.7430688669540038,0.046511627906976744
2021-07-01,44,,3.742661202828257,0.0
2017-04-11,42,,3.7426043261666,0.0
2018-07-11,39,,3.7423062947044503,0.0
2026-05-04,42,,3.742046347145168,0.023809523809523808
2015-09-14,42,,3.7420078726066173,0.0
2022-01-03,43,,3.7395269381198775,0.09302325581395349
2021-10-21,43,,3.7393579907931684,0.0
2017-07-09,44,,3.7380355190620853,0.0
2025-07-13,43,,3.737349377272254,0.046511627906976744
2021-10-10,42,,3.736332711256695,0.0
2025-12-26,42,,3.7354005008025957,0.0
2025-07-12,43,,3.7350684910006775,0.0
2019-03-16,44,,3.7337603704031057,0.0
2015-09-12,42,,3.732643860435741,0.0
2015-10-01,43,,3.7313169361841294,0.0
2017-05-31,43,,3.7302937899813413,0.0
2023-05-19,43,,3.7302842826778497,0.046511627906976744
2018-06-12,42,,3.729855126051045,0.023809523809523808
2022-12-16,43,,3.729667927614245,0.023255813953488372
2023-08-18,43,,3.729349703518415,0.0
2023-03-18,43,,3.7288935096777145,0.0
2024-07-12,43,,3.728812963062542,0.0
2021-03-21,43,,3.728503430277207,0.0
2019-07-09,44,,3.7284903414246795,0.0
2017-07-15,44,,3.7283522473910065,0.0
2025-07-08,42,,3.7283474890907016,0.0
2015-10-20,44,,3.7280711900550356,0.0
2017-11-15,43,,3.727660462215044,0.0
2018-04-01,43,,3.7273217473211893,0.0
2017-11-21,42,,3.7271227248482686,0.0
2021-10-13,43,,3.7265581502426417,0.046511627906976744
2018-10-29,42,,3.7247292855951333,0.0
2024-02-20,43,,3.724538983640303,0.0
2025-04-10,43,,3.72311442373926,0.0
2020-11-22,42,,3.722901785254211,0.0
2026-04-26,42,,3.7222352270973964,0.023809523809523808
2025-06-24,43,,3.7197284370713244,0.046511627906976744
2017-05-24,44,,3.7194679376222437,0.0
2022-11-04,43,,3.7188969493292228,0.023255813953488372
2016-03-26,44,,3.71877308840481,0.0
2022-04-04,43,,3.718240126278323,0.0
2022-10-11,43,,3.717961244737141,0.0
2016-02-08,43,,3.717833303343867,0.0
2017-10-23,44,,3.715378481635967,0.0
2018-03-15,43,,3.7144193530172607,0.0
2016-04-04,43,,3.7139174219278073,0.0
2024-04-10,43,,3.7127705490666894,0.0
2026-02-01,43,,3.7122314395379905,0.06976744186046512
2022-04-05,43,,3.711952405107359,0.0
2021-08-08,44,,3.7115537855213994,0.045454545454545456
2022-05-07,43,,3.710990112731136,0.0
2025-04-25,43,,3.7101798420334156,0.0
2023-09-01,43,,3.7094631979478354,0.023255813953488372
2018-03-01,43,,3.7093339342275122,0.0
2022-06-10,43,,3.709122519693463,0.046511627906976744
2024-01-13,43,,3.707897953871684,0.0
2024-12-06,43,,3.706929265271336,0.0
2021-09-16,43,,3.706843451932964,0.0
2025-04-02,43,,3.7067466389910786,0.0
2019-10-02,44,,3.706669519408372,0.022727272727272728
2016-03-01,44,,3.705686844821506,0.0
2016-03-16,44,,3.705575965548205,0.0
2017-09-27,44,,3.705541968901975,0.0
2017-02-13,44,,3.705473102799325,0.0
2016-07-04,42,Independence Day,3.705458902512288,0.0
2019-04-26,43,,3.7040324100920334,0.023255813953488372
2018-11-14,42,,3.702075972739739,0.023809523809523808
2021-11-21,42,,3.7018059940042276,0.0
2024-09-25,43,,3.69990946162107,0.0
2026-05-18,42,,3.6998541371611795,0.07142857142857142
2019-03-04,44,,3.6989308257002764,0.0
2020-11-10,43,,3.697482623272403,0.09302325581395349
2018-11-27,43,,3.6963335875653556,0.0
2025-02-04,43,,3.6962584474518287,0.0
2018-04-03,43,,3.694478865391055,0.0
2024-12-11,42,,3.6933830486532244,0.023809523809523808
2019-05-09,44,,3.6932788357320714,0.022727272727272728
2016-12-19,44,,3.6921340548803654,0.022727272727272728
2023-06-07,43,,3.692122825225524,0.0
2024-07-20,43,,3.691394823135908,0.0
2026-05-07,42,,3.691237854472777,0.047619047619047616
2024-01-16,43,,3.6911814269835403,0.046511627906976744
2025-01-21,43,,3.6901007328790167,0.023255813953488372
2019-07-06,44,,3.6897891717220537,0.022727272727272728
2018-04-06,44,,3.689201948613353,0.0
2022-09-11,43,,3.6882091386994755,0.0
2016-01-13,44,,3.6874318597705624,0.0
2022-06-27,43,,3.686948800406099,0.13953488372093023
2022-12-18,43,,3.68575367149814,0.0
2020-06-18,43,,3.684343709070804,0.0
2018-04-11,44,,3.684142255807176,0.0
2022-02-12,42,,3.683253983214559,0.023809523809523808
2025-01-16,43,,3.6831951115160444,0.0
2025-12-10,43,,3.681380947268456,0.046511627906976744
2017-09-26,44,,3.681350342306054,0.0
2017-10-11,44,,3.680799381908425,0.0
2019-09-13,43,,3.680562370150467,0.0
2022-09-21,43,,3.6802571212559623,0.046511627906976744
2018-06-01,43,,3.679617147365953,0.0
2024-05-17,43,,3.6793558731395106,0.0
2026-04-24,42,,3.6788917464118507,0.0
2020-11-20,43,,3.6777028890215684,0.09302325581395349
2020-06-26,43,,3.6769612133618566,0.0
2024-08-27,41,,3.6767005224020313,0.0
2021-01-23,43,,3.6765613102158605,0.0
2021-12-31,43,New Year's Day (observed),3.676094096088405,0.0
2019-07-07,44,,3.6750575439934363,0.0
2022-03-14,43,,3.674108729226025,0.0
2025-06-27,43,,3.6727674493487883,0.0
2019-10-03,44,,3.672134075708694,0.0
2023-02-19,43,,3.671796026896648,0.0
2022-05-08,43,,3.67084064190202,0.0
2023-10-25,43,,3.6683721457441414,0.0
2025-06-23,43,,3.668277246777058,0.023255813953488372
2019-05-30,44,,3.6675916292322706,0.0
2022-09-16,43,,3.6674785139441077,0.0
2024-12-04,43,,3.667364279048989,0.18604651162790697
2023-01-30,43,,3.6660098551751625,0.0
2023-11-08,43,,3.665188070454898,0.0
2022-11-07,43,,3.664421443380968,0.0
2019-03-30,44,,3.663615111016566,0.0
2015-12-18,44,,3.6630585520079313,0.0
2020-03-17,43,,3.6622547336143043,0.0
2019-04-15,43,,3.6612259114877053,0.0
2024-09-26,43,,3.6598326799361725,0.0
2024-01-11,43,,3.6597560948289227,0.0
2024-10-27,43,,3.6581768376383716,0.0
2017-09-25,44,,3.6579855007013027,0.0
2019-12-24,44,Christmas Eve,3.6562730007187767,0.0
2025-03-17,43,,3.6521702057811654,0.0
2018-10-09,43,,3.6516159488734488,0.0
2025-03-28,43,,3.6515376892636766,0.0
2018-03-16,44,,3.650802967161223,0.0
2024-10-05,43,,3.6501154920916385,0.0
2026-05-21,42,,3.649361364909249,0.0
2021-11-18,43,,3.6491774062419915,0.0
2024-02-12,43,,3.648528864177572,0.0
2021-02-27,43,,3.648033163953906,0.0
2026-01-10,43,,3.6476506344601574,0.0
2023-01-16,43,MLK Day,3.6468104158996963,0.11627906976744186
2025-12-24,43,Christmas Eve,3.6462475174594444,0.0
2020-07-27,42,,3.644732892486428,0.0
2022-12-02,43,,3.644202197065591,0.023255813953488372
2025-08-31,43,,3.6434314432821315,0.0
2021-04-13,44,,3.642720792626017,0.0
2021-04-09,44,,3.642680913451512,0.0
2024-02-04,43,,3.6426101189218705,0.023255813953488372
2025-03-26,43,,3.641289475539288,0.0
2022-07-01,43,,3.6402717543092287,0.0
2017-10-08,44,,3.6389500046928767,0.0
2021-03-26,44,,3.638881399613898,0.0
2021-10-14,43,,3.6385178592472944,0.023255813953488372
2025-02-26,43,,3.6368603316510817,0.0
2025-02-14,43,,3.6355917782063005,0.0
2024-04-28,43,,3.6349792907360614,0.0
2025-10-07,43,,3.6347191171206847,0.0
2017-03-22,43,,3.6345195936450962,0.0
2020-08-29,43,,3.6340794060108665,0.0
2020-09-29,43,,3.6335687150324403,0.0
2025-10-04,43,,3.6333074851607687,0.023255813953488372
2018-02-10,43,,3.632279273273837,0.0
2018-06-13,43,,3.6320100531733823,0.023255813953488372
2020-11-11,42,Veterans Day,3.6302755994873706,0.07142857142857142
2026-02-09,40,,3.630052653053208,0.0
2021-03-30,44,,3.6296023624146483,0.0
2021-05-28,44,,3.629563483440319,0.0
2022-07-30,43,,3.628822786644492,0.0
2025-04-11,43,,3.628558694507602,0.0
2024-04-13,43,,3.6282557829841653,0.0
2017-03-18,42,,3.6269040394250363,0.0
2025-05-15,42,,3.625419610035845,0.0
2020-05-22,43,,3.6241179207230836,0.0
2026-05-20,42,,3.623988946244814,0.0
2017-02-24,44,,3.6233836753338284,0.0
2025-11-14,43,,3.622617288634194,0.0
2016-10-04,44,,3.622179158131185,0.0
2021-06-25,44,,3.6213240002709224,0.045454545454545456
2024-05-29,43,,3.621009575524211,0.0
2026-04-09,42,,3.620364367747743,0.047619047619047616
2017-07-17,44,,3.620175933306378,0.0
2022-03-29,43,,3.6196720871832735,0.0
2018-04-08,43,,3.6195035519995327,0.0
2018-04-27,44,,3.6189577899825878,0.0
2018-04-25,43,,3.618924078170116,0.0
2024-03-24,43,,3.6172504397350767,0.0
2015-11-04,43,,3.6166816566506323,0.0
2015-09-07,42,Labor Day,3.616486215146188,0.0
2021-02-17,43,,3.6161085113362357,0.0
2023-09-30,43,,3.616104664361271,0.023255813953488372
2018-11-13,43,,3.615317308482307,0.023255813953488372
2026-02-16,43,Presidents' Day,3.613757012668608,0.0
2018-08-26,42,,3.613642095405935,0.023809523809523808
2021-03-15,43,,3.6135435543139307,0.0
2024-10-10,43,,3.613246748738356,0.0
2023-02-03,43,,3.6130928312966804,0.0
2016-05-21,43,,3.611714401831767,0.0
2022-04-08,43,,3.6107675962857204,0.0
2017-10-22,44,,3.610734656744807,0.0
2025-08-25,43,,3.6106862069745103,0.0
2023-03-11,43,,3.6104523720988095,0.023255813953488372
2019-09-20,44,,3.610332438353608,0.0
2020-04-11,42,,3.6100093712572234,0.0
2016-12-20,44,,3.6097320834521343,0.045454545454545456
2018-01-18,41,,3.6092700703940688,0.04878048780487805
2016-03-15,44,,3.6091724063790718,0.0
2025-04-20,43,,3.6087215054666513,0.11627906976744186
2023-11-19,43,,3.608078227190071,0.0
2017-12-06,43,,3.608046526233127,0.0
2021-11-13,43,,3.6062033375047218,0.0
2017-03-19,43,,3.6041380390323794,0.0
2024-12-05,43,,3.603867930412778,0.023255813953488372
2023-09-17,43,,3.6030222770176876,0.0
2017-02-12,44,,3.6026894151574176,0.0
2023-11-22,43,,3.6018894628210942,0.0
2021-08-31,43,,3.601753175366287,0.0
2018-10-04,43,,3.6011350215687457,0.023255813953488372
2020-08-16,43,,3.600823166066882,0.0
2024-05-06,43,,3.6007373261330335,0.0
2016-02-28,44,,3.60044791284765,0.0
2021-11-01,43,,3.600212322291175,0.0
2025-10-03,43,,3.599941051638928,0.0
2024-07-13,43,,3.5997286657662864,0.0
2020-09-07,43,Labor Day,3.5988037739791237,0.046511627906976744
2021-09-19,43,,3.5987893616367996,0.0
2024-08-04,43,,3.597825249141884,0.0
2022-04-15,43,,3.5972032092541864,0.023255813953488372
2024-04-27,43,,3.597081736334838,0.023255813953488372
2018-09-03,42,Labor Day,3.5966436612173305,0.0
2025-05-14,42,,3.5965757677870407,0.0
2020-10-11,43,,3.5963530975030884,0.0
2017-04-22,44,,3.5963524386692822,0.0
2018-03-04,43,,3.595533919632013,0.0
2022-09-13,43,,3.5950714313777556,0.023255813953488372
2021-10-06,43,,3.5949789504766327,0.0
2025-11-15,43,,3.5949461351290686,0.0
2021-07-12,44,,3.594121052760693,0.0
2025-08-26,43,,3.593087856928809,0.0
2024-10-31,43,,3.592545507326512,0.023255813953488372
2023-05-04,43,,3.592214108610964,0.0
2021-03-29,44,,3.5918423834378705,0.0
2022-07-12,42,,3.5915242351723196,0.0
2020-10-20,43,,3.590287578091475,0.0
2020-07-13,43,,3.589689770958952,0.0
2025-09-26,43,,3.5895666492144507,0.06976744186046512
2026-05-30,42,,3.5892502664279333,0.0
2017-11-11,43,Veterans Day,3.5890583516730823,0.046511627906976744
2015-09-27,43,,3.5888675748941203,0.0
2018-03-12,43,,3.588835096155294,0.0
2019-04-27,43,,3.588375020323901,0.023255813953488372
2020-04-21,41,,3.5879411868805353,0.0
2021-08-22,44,,3.587395410798539,0.022727272727272728
2017-05-26,44,,3.586121348348139,0.0
2025-02-16,43,,3.5849016506353726,0.09302325581395349
2020-04-12,41,,3.5848590189732987,0.0
2025-08-23,43,,3.5847778872677405,0.0
2018-06-11,43,,3.584664309831002,0.0
2019-07-12,41,,3.5841321499138123,0.0
2018-09-14,43,,3.583904991167994,0.023255813953488372
2015-11-17,43,,3.583377337149538,0.046511627906976744
2024-06-29,43,,3.5833600937728027,0.0
2017-08-01,44,,3.58267338896576,0.0
2019-09-18,44,,3.5808027924436874,0.0
2022-04-10,43,,3.580134084776147,0.0
2019-03-24,44,,3.578904901582452,0.0
2026-04-06,42,,3.5785003076012916,0.0
2025-11-07,43,,3.5776945133948224,0.0
2025-03-16,43,,3.576997632324436,0.023255813953488372
2022-02-02,42,,3.576577440369558,0.0
2025-02-28,43,,3.576318564053451,0.0
2018-06-16,43,,3.575746964377255,0.0
2017-05-01,44,,3.5753091757997773,0.0
2023-01-07,43,,3.5752238505227156,0.0
2018-06-18,43,,3.573840579496971,0.0
2023-09-05,43,,3.5734454472342003,0.0
2023-05-10,42,,3.571473573459463,0.0
2025-07-22,42,,3.570789023335525,0.023809523809523808
2017-09-16,44,,3.570227758699614,0.022727272727272728
2022-01-04,43,,3.570083135964152,0.0
2022-02-22,43,,3.5699208718813527,0.023255813953488372
2018-11-19,43,,3.5679652574612586,0.0
2025-08-22,43,,3.567067232773693,0.0
2021-12-19,42,,3.5670628305933643,0.0
2017-04-07,44,,3.56694164949959,0.0
2018-12-28,44,,3.5666420425891587,0.0
2019-05-12,44,,3.5665594920302257,0.0
2024-09-12,43,,3.564034201846248,0.0
2021-01-25,44,,3.563793549426901,0.0
2025-05-06,43,,3.5633156434450663,0.0
2018-06-29,41,,3.562621335969766,0.0
2021-09-23,43,,3.5619176432953363,0.023255813953488372
2018-02-15,42,,3.5618293162134353,0.0
2022-04-11,43,,3.5607010760543076,0.0
2019-05-14,43,,3.5594921616072472,0.0
2016-04-22,43,,3.559015520177226,0.0
2019-09-27,44,,3.5589569462149395,0.0
2022-06-24,43,,3.5588806627088307,0.0
2020-03-20,43,,3.558609611571146,0.0
2024-04-24,43,,3.5585093452925327,0.0
2019-07-11,44,,3.5585008129234357,0.0
2020-10-14,43,,3.558397137989812,0.0
2022-01-16,43,,3.5566186097663275,0.023255813953488372
2018-02-16,42,,3.556240386162625,0.0
2023-09-27,43,,3.5560651561425143,0.0
2022-11-05,43,,3.5560424184485484,0.023255813953488372
2017-07-03,42,,3.555350393845491,0.0
2019-06-30,44,,3.5552469742470216,0.0
2024-03-30,43,,3.5546414077249713,0.023255813953488372
2022-09-19,43,,3.5545622018426335,0.0
2022-06-29,42,,3.552802686768934,0.0
2019-09-08,44,,3.552243758380256,0.0
2025-05-04,43,,3.5513806603608784,0.0
2026-02-10,43,,3.5506319463882567,0.023255813953488372
2026-04-15,42,,3.5502759072299224,0.0
2023-12-22,43,,3.550115648926744,0.0
2015-09-13,41,,3.5496952023300747,0.0
2018-05-18,43,,3.549343268561061,0.0
2017-06-09,44,,3.548766324239599,0.0
2021-07-09,44,,3.548729664680361,0.0
2017-05-06,44,,3.5478115389458886,0.022727272727272728
2022-01-30,42,,3.5475601449353933,0.23809523809523808
2023-12-05,43,,3.5474162904035413,0.0
2016-03-28,44,,3.5465293654972214,0.0
2024-12-24,43,Christmas Eve,3.5453136632597673,0.023255813953488372
2018-06-15,43,,3.544164728362725,0.0
2024-12-13,42,,3.543787322621359,0.0
2025-12-30,43,,3.5432439087054353,0.0
2023-08-13,43,,3.5427915629502467,0.0
2026-02-11,43,,3.5420991967197826,0.023255813953488372
2020-08-02,43,,3.54166744831379,0.0
2026-02-05,43,,3.540243979777132,0.023255813953488372
2022-10-17,43,,3.540181028552167,0.0
2016-03-02,42,,3.5392383867643806,0.0
2017-04-14,44,,3.53834734593268,0.0
2024-01-17,43,,3.5383322940380526,0.0
2019-11-19,44,,3.53753024826258,0.0
2020-02-04,43,,3.5373596960595934,0.0
2025-02-08,43,,3.536399990267499,0.0
2017-12-14,42,,3.5361413164499576,0.047619047619047616
2017-11-28,43,,3.5358596813163787,0.0
2019-03-05,44,,3.5348991165751142,0.0
2021-05-30,44,,3.5348081492752184,0.0
2018-09-16,42,,3.533835927686109,0.0
2016-11-14,44,,3.533751650827491,0.0
2024-11-14,42,,3.5335662067558857,0.047619047619047616
2023-10-21,43,,3.5324069209613813,0.0
2026-04-27,42,,3.5318733620247054,0.0
2023-04-28,43,,3.531613367915821,0.0
2019-05-25,43,,3.5313039653085827,0.0
2022-03-07,43,,3.531041638657139,0.0
2025-05-05,43,,3.5301135065582385,0.0
2023-06-18,43,,3.5294716546880385,0.0
2026-02-20,43,,3.527669493265642,0.0
2025-08-24,42,,3.5262164772718454,0.0
2016-11-27,44,,3.5259984493628473,0.0
2020-02-06,43,,3.5257145818556666,0.0
2021-04-27,44,,3.5251673731362207,0.0
2019-10-08,44,,3.5248533342226507,0.0
2026-01-12,43,,3.5221384960415403,0.0
2025-11-23,43,,3.52210165169076,0.0
2024-08-23,43,,3.5200378819377063,0.0
2021-11-12,43,,3.5198543272089275,0.0
2017-02-17,44,,3.5194102797242857,0.0
2022-09-24,43,,3.5186965392503837,0.0
2017-10-10,44,,3.5180507494297335,0.0
2020-11-25,42,,3.51765317302875,0.023809523809523808
2024-10-15,43,,3.5163856916449,0.0
2023-09-21,43,,3.5162441174499093,0.0
2020-03-26,43,,3.51380763642462,0.0
2020-12-10,43,,3.513612338135183,0.046511627906976744
2017-02-10,44,,3.5131484324544475,0.0
2025-09-24,42,,3.51295040953599,0.0
2024-10-28,42,,3.5122507309782027,0.0
2019-03-31,44,,3.5122270114529797,0.0
2019-09-16,44,,3.512166705949205,0.0
2025-08-11,43,,3.5119775119291625,0.0
2025-04-30,43,,3.511889366085437,0.0
2023-01-29,43,,3.5099688298472187,0.0
2026-05-01,42,,3.5098667459126185,0.023809523809523808
2020-09-28,43,,3.509764431703556,0.023255813953488372
2022-01-09,43,,3.509219784181244,0.0
2020-02-29,43,,3.509173838985586,0.0
2024-02-19,43,Presidents' Day,3.5085445073797317,0.023255813953488372
2017-04-19,44,,3.507694358659826,0.0
2019-05-17,42,,3.507195217971094,0.0
2024-07-01,41,,3.5071606569546576,0.024390243902439025
2024-09-30,43,,3.5059420787843805,0.0
2018-05-02,44,,3.5052129313373896,0.022727272727272728
2018-06-21,42,,3.503936759536047,0.0
2023-02-14,43,,3.503465899907616,0.0
2024-09-15,43,,3.50312620808423,0.0
2023-02-07,42,,3.5028816619036145,0.0
2022-03-04,43,,3.502851903946327,0.0
2016-02-05,44,,3.5026471435970086,0.0
2025-04-03,43,,3.5021328561035396,0.0
2021-03-02,43,,3.501763689162231,0.0
2019-12-30,44,,3.5009673632588525,0.0
2023-12-15,43,,3.500865259437506,0.0
2018-10-06,43,,3.5005406477659586,0.0
2025-11-06,43,,3.498991123967971,0.0
2025-12-14,43,,3.497645574521563,0.023255813953488372
2020-11-06,43,,3.497459425308703,0.0
2025-06-25,43,,3.4972605535162153,0.0
2025-11-05,43,,3.4970687137057253,0.0
2022-07-24,43,,3.4970315095050517,0.023255813953488372
2023-10-06,43,,3.4970295272922827,0.0
2023-03-07,43,,3.496928570551589,0.0
2025-01-30,43,,3.4966821655330738,0.0
2025-01-14,43,,3.4960322574348703,0.0
2023-07-12,43,,3.495006509553512,0.0
2016-06-13,42,,3.4945469497139934,0.0
2022-01-12,43,,3.493437900821251,0.0
2017-11-26,43,,3.492001362152012,0.0
2017-11-07,42,,3.4918383210144324,0.0
2022-03-09,43,,3.490934525048661,0.0
2020-03-12,43,,3.490042317161034,0.0
2015-09-19,43,,3.4898845334329276,0.0
2017-12-30,43,,3.4893789664370276,0.0
2021-05-09,44,,3.488772022702147,0.022727272727272728
2017-01-15,42,,3.487922231995185,0.0
2023-05-03,43,,3.4878488476248233,0.023255813953488372
2022-01-23,43,,3.486978147836569,0.13953488372093023
2023-04-13,43,,3.4854198631592634,0.0
2024-01-20,43,,3.4848527180942153,0.0
2020-10-05,42,,3.4846982588480993,0.0
2022-07-03,43,,3.4842850744678717,0.0
2020-09-17,43,,3.4842097709875564,0.0
2015-12-26,43,,3.484095200739861,0.0
2026-05-26,42,,3.483402017966444,0.0
2021-04-21,44,,3.482789100838457,0.0
2019-09-02,43,Labor Day,3.481023013970196,0.0
2017-12-15,43,,3.4785185004733465,0.0
2025-01-29,43,,3.47809310379956,0.0
2019-05-10,43,,3.477738474166746,0.023255813953488372
2021-09-30,42,,3.477572019055165,0.0
2023-02-15,43,,3.476357538898453,0.0
2026-02-13,43,,3.4733142387831326,0.0
2025-09-30,43,,3.4729431269881115,0.0
2025-03-01,42,,3.4729055656009677,0.0
2025-04-09,43,,3.47256417347427,0.0
2021-01-13,44,,3.4723501141327198,0.0
2017-03-26,42,,3.4722332738162613,0.0
2018-12-07,43,,3.4721570316312658,0.0
2023-07-18,43,,3.470644806660222,0.0
2019-02-14,44,,3.4705653501461518,0.022727272727272728
2016-04-10,44,,3.4694380910057614,0.0
2024-02-26,43,,3.4693651270992603,0.0
2019-06-18,44,,3.4692047706217064,0.0
2019-03-18,44,,3.4691876297598405,0.0
2015-11-01,37,,3.4690208780156597,0.0
2024-09-07,43,,3.467317958127062,0.0
2020-04-15,42,,3.4661449753943123,0.0
2019-12-03,44,,3.4653396273940746,0.0
2022-05-23,43,,3.4651931435258834,0.0
2021-03-11,43,,3.465118233273099,0.0
2015-12-08,43,,3.463569074526527,0.0
2023-03-23,42,,3.4633854326338085,0.0
2023-04-04,43,,3.462385600156997,0.0
2022-03-30,43,,3.46237189153498,0.0
2023-08-19,43,,3.4619900885045207,0.023255813953488372
2025-06-13,43,,3.4617399733756584,0.0
2020-09-24,43,,3.4616927136055167,0.0
2024-01-09,43,,3.460952809131916,0.0
2025-02-06,43,,3.457867855669001,0.0
2019-07-10,44,,3.4576538705235045,0.0
2024-05-03,43,,3.457455054582556,0.0
2017-11-03,43,,3.4564262633422778,0.0
2017-06-25,44,,3.456022950955921,0.045454545454545456
2021-05-18,44,,3.4554270199053905,0.022727272727272728
2016-05-22,44,,3.4551318069120036,0.0
2024-07-15,43,,3.4547068177457207,0.0
2026-02-24,43,,3.4544664175386397,0.0
2015-09-15,41,,3.4537148884193556,0.0
2020-11-09,43,,3.4532714929194754,0.023255813953488372
2024-04-22,43,,3.45315660117276,0.0
2018-07-26,42,,3.45273204729716,0.0
2025-04-29,43,,3.4523064011203504,0.0
2021-09-02,43,,3.452065901298298,0.0
2019-02-23,44,,3.4516327479362654,0.0
2023-05-28,42,,3.450987094836754,0.0
2025-12-08,43,,3.450935362024638,0.0
2022-07-16,43,,3.449413975180858,0.0
2025-01-11,43,,3.449021846687794,0.0
2018-09-21,42,,3.448628736176826,0.023809523809523808
2024-09-23,43,,3.448513781473544,0.0
2021-01-14,44,,3.44794872355825,0.0
2020-03-25,43,,3.4477329569980153,0.0
2016-05-10,42,,3.4473885880420045,0.0
2025-05-16,43,,3.4458638814656752,0.0
2023-10-03,42,,3.444359240383438,0.0
2025-07-03,43,,3.4439243659634267,0.0
2017-07-29,44,,3.4430969903934674,0.0
2021-03-19,43,,3.442782870557871,0.0
2015-09-17,42,,3.442062619580055,0.0
2020-03-31,43,,3.4414071906089894,0.0
2026-02-06,43,,3.440457779017313,0.023255813953488372
2021-06-08,42,,3.439406576313215,0.047619047619047616
2019-04-06,44,,3.4393134681713082,0.0
2016-06-14,43,,3.438978111029848,0.0
2017-06-21,44,,3.436366636094284,0.0
2016-12-05,41,,3.435722411336854,0.0
2025-07-05,43,,3.4330668767491073,0.046511627906976744
2017-10-13,44,,3.4299101266693475,0.0
2019-09-26,44,,3.429611046191421,0.0
2022-04-22,43,,3.428850742234694,0.0
2022-10-10,43,Columbus Day,3.4286284321730998,0.0
2019-02-03,44,Super Bowl Sunday,3.427314394218151,0.0
2016-10-02,44,,3.427017808946781,0.0
2020-07-15,43,,3.4268340178059327,0.0
2016-07-03,43,,3.4232655005647636,0.0
2026-04-23,41,,3.423039156901079,0.0
2019-12-17,44,,3.422495250462883,0.0
2025-05-18,43,,3.4222524182976715,0.0
2019-12-09,43,,3.4210841657586193,0.0
2016-10-08,44,,3.4205964545196914,0.06818181818181818
2017-11-22,43,,3.420398406880526,0.0
2025-02-05,43,,3.420276369890887,0.0
2019-12-12,43,,3.420001998036306,0.023255813953488372
2019-05-16,43,,3.419922796706582,0.0
2020-06-09,43,,3.4177394319956944,0.046511627906976744
2020-06-29,43,,3.416714087256808,0.0
2017-05-19,44,,3.4157621412978108,0.0
2025-09-15,41,,3.414871485240858,0.0
2017-10-20,44,,3.4146588399068567,0.0
2023-03-27,43,,3.4139515413325534,0.0
2026-01-17,42,,3.4137245751796277,0.11904761904761904
2020-11-07,43,,3.413444867450002,0.0
2018-04-30,44,,3.413335340503366,0.0
2020-12-18,42,,3.4128828936969198,0.0
2016-10-14,44,,3.4127829877204103,0.0
2024-06-28,43,,3.4118917814118492,0.0
2016-02-15,44,Presidents' Day,3.4117376880816606,0.0
2023-03-13,43,,3.411220213147422,0.0
2020-09-23,43,,3.4108973669163114,0.0
2020-01-04,43,,3.4107904830436837,0.023255813953488372
2025-02-23,43,,3.4105537304223055,0.023255813953488372
2024-09-16,43,,3.4103426342312955,0.0
2021-11-22,43,,3.4103346061361846,0.0
2026-02-02,43,,3.4102462849076685,0.06976744186046512
2018-06-17,43,,3.410181844836631,0.046511627906976744
2018-02-27,43,,3.40987916807976,0.0
2025-04-01,43,,3.4097749789983416,0.0
2019-05-15,43,,3.409231269658867,0.0
2020-04-16,42,,3.408218367385537,0.0
2025-09-27,43,,3.4080480650897824,0.0
2019-09-30,44,,3.407797474292435,0.0
2017-04-26,44,,3.4071419511379952,0.0
2022-02-03,42,,3.406522259039426,0.0
2021-09-25,43,,3.405864667466026,0.0
2024-07-02,43,,3.4052874796265153,0.0
2015-12-24,43,Christmas Eve,3.4044546596181022,0.0
2024-06-26,43,,3.4033195085203145,0.0
2024-07-18,43,,3.4030277177410766,0.0
2018-02-18,42,,3.4023898309183176,0.023809523809523808
2024-12-08,43,,3.402291418832982,0.023255813953488372
2025-11-16,43,,3.402230643229677,0.0
2023-08-14,43,,3.401626290595817,0.0
2017-11-14,43,,3.40100133483928,0.0
2015-09-04,41,,3.3997267670895233,0.0
2021-11-03,43,,3.398550382450252,0.0
2024-04-07,43,,3.3984444818392254,0.0
2023-06-24,43,,3.3981048466588013,0.0
2017-11-27,43,,3.3975167286797827,0.0
2025-12-07,43,,3.397262340579595,0.0
2022-03-12,43,,3.3962043326723443,0.06976744186046512
2021-04-01,44,,3.395964973912954,0.0
2022-09-14,43,,3.395591270160789,0.0
2018-06-19,43,,3.395120482406646,0.0
2022-07-19,43,,3.394380227156059,0.023255813953488372
2017-10-05,43,,3.3936143653662674,0.023255813953488372
2015-10-06,44,,3.393369359872252,0.0
2021-12-13,43,,3.392108765916777,0.0
2024-05-31,43,,3.391973864188909,0.0
2017-09-10,44,,3.3919668704733423,0.045454545454545456
2017-01-01,44,New Year's Day,3.390762477621344,0.0
2023-04-17,43,,3.38984952385672,0.0
2016-10-10,44,Columbus Day,3.389469036573551,0.0
2025-10-05,43,,3.389315249931488,0.0
2025-12-13,43,,3.386696322631977,0.0
2021-03-20,43,,3.3853009948536537,0.0
2015-10-25,44,,3.3848412979880314,0.0
2025-08-27,43,,3.384781301339338,0.0
2024-07-17,43,,3.3840095838230493,0.0
2024-10-09,42,,3.3838528485711987,0.023809523809523808
2020-03-09,43,,3.3823961807027243,0.0
2016-12-16,43,,3.382341805795599,0.0
2024-02-11,43,Super Bowl Sunday,3.381980356330777,0.0
2022-03-11,43,,3.3813551231187393,0.0
2019-04-03,44,,3.3793837987034325,0.0
2026-01-09,43,,3.3787315011801238,0.0
2017-11-02,43,,3.3781744197766708,0.0
2019-05-23,43,,3.3780629163793026,0.0
2017-11-05,38,,3.3769743443624396,0.0
2017-11-08,43,,3.375855754431847,0.0
2018-04-05,44,,3.3747561300908355,0.0
2020-04-24,43,,3.374014866365818,0.046511627906976744
2022-03-16,41,,3.3739355370918998,0.0
2020-11-29,43,,3.3738495191405926,0.0
2022-09-27,43,,3.372698469533416,0.0
2020-10-23,43,,3.3720156660019347,0.0
2016-09-22,44,,3.3709323635614235,0.0
2021-07-29,44,,3.3706473367785965,0.0
2024-10-07,42,,3.370164907574841,0.0
2023-07-29,43,,3.3695771572616113,0.0
2015-10-21,44,,3.3688433768745485,0.0
2023-06-12,42,,3.368589856421801,0.047619047619047616
2020-05-15,43,,3.3677310737070405,0.0
2021-02-19,43,,3.3676796767876014,0.0
2024-11-12,42,,3.3672925407453684,0.0
2024-03-03,43,,3.366461565275569,0.0
2017-09-19,44,,3.3663233824838903,0.0
2022-07-26,43,,3.365980494251259,0.0
2026-03-15,43,,3.364754500712596,0.023255813953488372
2020-11-16,43,,3.36447908875592,0.0
2015-09-28,41,,3.3612481332280715,0.0
2021-05-10,44,,3.3610614962168466,0.022727272727272728
2026-05-14,42,,3.360968306980937,0.0
2017-01-27,44,,3.3609336434308834,0.0
2017-08-28,44,,3.3597454405396485,0.0
2018-03-30,44,,3.3597138316139525,0.0
2020-04-18,42,,3.359197744809231,0.0
2020-07-20,43,,3.3584768534666645,0.0
2021-12-01,42,,3.357523810252137,0.0
2016-09-04,44,,3.3550836707691083,0.022727272727272728
2017-01-29,44,,3.3546059198343343,0.0
2022-01-11,43,,3.353988459465952,0.0
2020-09-27,43,,3.3527541635543376,0.0
2020-12-07,43,,3.3524559339102185,0.0
2020-01-22,42,,3.352093968855995,0.023809523809523808
2016-03-25,44,,3.3513431128606976,0.0
2021-03-14,39,,3.3511461233694964,0.0
2019-12-16,44,,3.3510982664454705,0.0
2017-08-02,44,,3.350906206473611,0.0
2022-05-21,43,,3.3500994406444837,0.023255813953488372
2023-09-28,42,,3.347995505508836,0.0
2016-03-10,43,,3.3478232702411326,0.0
2017-12-29,43,,3.3471949571273063,0.0
2023-02-26,42,,3.3469278936966016,0.0
2020-01-21,43,,3.3469174516787095,0.0
2017-04-30,44,,3.3467960196140814,0.0
2018-11-25,43,,3.346092297397956,0.0
2020-11-08,43,,3.3458038384816673,0.0
2023-12-18,43,,3.3458016551452188,0.0
2023-09-26,42,,3.3451289240029505,0.0
2022-03-22,43,,3.344215467095155,0.0
2024-11-04,42,,3.3441270739491795,0.0
2024-11-11,43,Veterans Day,3.3441043856121557,0.0
2025-12-12,43,,3.3440587030681437,0.0
2023-06-27,43,,3.344027061380492,0.0
2017-07-31,44,,3.3435590008680656,0.0
2019-03-06,44,,3.343552019492726,0.0
2025-05-13,43,,3.3432510937574897,0.0
2020-04-13,43,,3.3429232441376806,0.0
2019-09-07,44,,3.342800216730174,0.0
2019-11-20,43,,3.3420461421670695,0.0
2015-10-28,43,,3.3408124475022554,0.0
2020-02-11,43,,3.340612209450442,0.0
2022-05-24,43,,3.3404980291641193,0.023255813953488372
2022-05-25,43,,3.3390260984792537,0.046511627906976744
2021-05-07,43,,3.3382923440137047,0.0
2023-09-15,43,,3.338228462667762,0.023255813953488372
2021-09-24,43,,3.3377836755851646,0.0
2018-03-25,42,,3.337145051881941,0.0
2024-02-03,43,,3.336804330932975,0.0
2025-01-10,43,,3.336671949476787,0.11627906976744186
2015-12-07,43,,3.3363743907656125,0.0
2016-06-30,44,,3.335909998592012,0.0
2020-10-15,43,,3.334403127138429,0.0
2015-11-16,43,,3.3342783067281347,0.0
2021-09-06,43,Labor Day,3.333643156225848,0.0
2018-07-21,41,,3.3331519099735827,0.0
2025-09-12,43,,3.3324840782698435,0.0
2017-07-06,44,,3.3322227505051742,0.022727272727272728
2018-03-18,43,,3.330909917039403,0.0
2026-01-16,43,,3.330578281962403,0.09302325581395349
2017-05-13,43,,3.330530825689168,0.0
2016-12-11,44,,3.3294016345077324,0.0
2025-12-28,43,,3.329297437758842,0.023255813953488372
2020-07-10,43,,3.328464651602453,0.0
2023-07-24,43,,3.3278977673292554,0.0
2025-02-10,43,,3.3275187936751403,0.0
2022-03-21,43,,3.325418679255252,0.0
2022-06-30,43,,3.325239966789787,0.0
2019-11-22,44,,3.322581393220347,0.022727272727272728
2023-06-10,42,,3.3218215738302934,0.0
2021-04-25,44,,3.320494208502673,0.022727272727272728
2023-02-04,41,,3.3203396669727594,0.0
2016-10-21,44,,3.3196573745407925,0.0
2016-06-23,43,,3.3194624869360556,0.0
2019-02-21,44,,3.3186003337997216,0.0
2021-09-27,43,,3.318252727579939,0.0
2023-08-29,43,,3.3177677679550213,0.0
2025-08-29,43,,3.3171588005206134,0.0
2016-09-25,44,,3.3169715424990054,0.0
2021-12-18,43,,3.3168890334622914,0.0
2024-03-11,43,,3.3168090581094845,0.0
2021-04-26,44,,3.3163952749291057,0.0
2020-07-12,43,,3.3162326512981717,0.046511627906976744
2020-04-23,42,,3.3157498933886274,0.0
2016-05-07,42,,3.3155338665435687,0.0
2023-12-30,43,,3.315398041064325,0.0
2023-09-06,43,,3.3153158701958096,0.0
2020-12-12,43,,3.315025707557272,0.023255813953488372
2017-04-05,44,,3.314406042134547,0.0
2020-06-27,43,,3.3143329434456312,0.0
2018-12-31,41,New Year's Eve,3.314113528997429,0.0
2018-12-11,43,,3.314069425063273,0.0
2016-09-03,43,,3.3140579218955377,0.0
2016-06-15,43,,3.313927206334689,0.0
2022-08-07,43,,3.313775270318557,0.0
2018-06-24,43,,3.312919908738094,0.0
2015-11-19,44,,3.3127103889961322,0.0
2020-02-07,43,,3.3124130714769437,0.0
2016-09-01,44,,3.310644054988819,0.0
2022-09-05,43,Labor Day,3.3085491886089815,0.0
2019-07-21,44,,3.3083709431830095,0.0
2022-07-21,43,,3.307258314460231,0.0
2017-02-11,43,,3.3070395912349038,0.0
2023-12-13,43,,3.306743968906669,0.0
2023-04-08,43,,3.3050086549468416,0.023255813953488372
2019-08-03,44,,3.3032201269615697,0.0
2023-12-10,43,,3.301954491841044,0.0
2024-06-27,43,,3.300805158373943,0.023255813953488372
2017-04-20,44,,3.3003563242390213,0.0
2016-08-13,44,,3.3001264399862125,0.0
2016-05-15,41,,3.298643922739201,0.0
2020-09-25,43,,3.2984934499750485,0.0
2020-11-28,43,,3.2984261295046733,0.023255813953488372
2021-02-10,44,,3.2979347811191273,0.0
2023-12-26,43,,3.2975217232563234,0.0
2022-02-11,42,,3.297105394533533,0.0
2021-12-08,41,,3.2957976162855687,0.0
2017-09-28,43,,3.295402624468486,0.0
2023-08-30,43,,3.29509069763471,0.0
2021-10-07,43,,3.294883944506286,0.0
2026-03-03,42,,3.29454119584374,0.023809523809523808
2023-03-28,43,,3.294436226475949,0.0
2017-03-01,43,,3.292291048538714,0.0
2019-04-14,44,,3.2922070553996408,0.022727272727272728
2018-07-29,42,,3.2917955188516475,0.0
2021-03-07,42,,3.2909097563420575,0.0
2020-03-07,41,,3.2905130466459154,0.0
2020-05-19,43,,3.2902809271172444,0.023255813953488372
2019-12-31,41,New Year's Eve,3.2901387009444347,0.0
2022-12-22,43,,3.2898803194535073,0.023255813953488372
2023-06-22,42,,3.2897661794141957,0.0
2019-08-14,43,,3.2895438374818764,0.0
2025-03-06,43,,3.288888265486272,0.0
2020-09-21,43,,3.28887026812456,0.0
2025-07-09,42,,3.288218561979236,0.0
2017-09-21,43,,3.2880824434394635,0.023255813953488372
2020-10-01,43,,3.287409471400366,0.0
2022-09-08,43,,3.285576952469099,0.023255813953488372
2016-07-25,44,,3.2853070152899093,0.0
2022-05-03,43,,3.2844370009404518,0.0
2020-06-15,43,,3.2827098787982276,0.0
2023-04-07,43,,3.2817696903967777,0.0
2016-09-12,42,,3.2811271068943775,0.0
2023-04-06,43,,3.280599335475657,0.0
2019-07-23,44,,3.280388676738651,0.0
2019-01-20,44,,3.2799456210060987,0.022727272727272728
2018-03-26,44,,3.279585370197707,0.0
2024-08-26,42,,3.2789612286082903,0.0
2022-01-26,42,,3.278844150102297,0.0
2026-01-11,42,,3.278342617506742,0.0
2019-07-14,44,,3.2781445879177227,0.0
2016-03-27,43,,3.277913214311856,0.0
2020-02-10,43,,3.2776210642540673,0.0
2017-02-09,44,,3.2754349571923695,0.0
2025-03-10,43,,3.2752981098132654,0.0
2022-09-26,43,,3.2745732726650023,0.0
2018-01-20,42,,3.2741523658581944,0.07142857142857142
2019-09-29,44,,3.274141404487641,0.0
2020-08-17,42,,3.2735030907663187,0.0
2020-06-13,43,,3.2732419251982523,0.0
2017-06-23,44,,3.272962437335903,0.0
2024-11-25,43,,3.2721710861179054,0.0
2020-10-09,43,,3.272063763519956,0.0
2019-01-04,44,,3.271780960115974,0.0
2025-07-28,43,,3.2712016869958767,0.0
2024-03-18,43,,3.2707862484972843,0.0
2016-10-28,43,,3.2703938465744162,0.0
2024-12-12,42,,3.2702416194178108,0.0
2018-11-12,43,Veterans Day (observed),3.270163879946604,0.0
2019-05-24,44,,3.270141688891254,0.0
2025-12-19,43,,3.2697688526428936,0.0
2015-11-09,44,,3.269689419345778,0.0
2018-06-26,43,,3.2695479510618775,0.0
2024-08-22,43,,3.2694261639885336,0.0
2017-10-07,44,,3.269155646706177,0.0
2016-09-07,44,,3.2680761453036444,0.0
2024-01-12,43,,3.267011228963451,0.0
2022-10-07,43,,3.2666219922638797,0.0
2017-10-18,44,,3.2650970766056764,0.0
2021-03-09,43,,3.2647888714663766,0.0
2018-06-10,43,,3.2639805494190535,0.0
2018-03-14,43,,3.263432998639657,0.0
2021-01-19,44,,3.263113640697713,0.0
2025-12-20,43,,3.26259635802764,0.0
2016-06-25,43,,3.262402952430333,0.0
2018-04-18,44,,3.2623240447345028,0.0
2017-04-03,44,,3.2622646636226724,0.0
2016-04-25,42,,3.2621026940246054,0.0
2015-10-31,41,,3.2608983961426254,0.024390243902439025
2020-05-06,43,,3.259797613384266,0.09302325581395349
2025-03-19,43,,3.2597903312786656,0.023255813953488372
2019-12-04,44,,3.2597676519773215,0.0
2018-09-19,43,,3.2596732378758175,0.046511627906976744
2024-08-02,43,,3.2590610547153265,0.0
2020-04-06,43,,3.258469586795385,0.0
2022-12-03,43,,3.2579726790320387,0.0
2016-02-14,43,,3.2577970859537055,0.0
2026-04-21,42,,3.257078440381008,0.0
2024-08-21,43,,3.2565609934054356,0.0
2021-09-10,43,,3.2562556041304354,0.023255813953488372
2018-05-31,39,,3.2559331734980206,0.0
2022-04-26,43,,3.254697894207429,0.0
2025-03-20,43,,3.2536025355875795,0.0
2023-10-19,43,,3.2534277083951855,0.0
2021-06-11,44,,3.253145630395948,0.0
2017-10-12,44,,3.252693629781155,0.0
2016-02-09,44,,3.252307947008393,0.0
2025-07-23,43,,3.2522172068093074,0.0
2019-03-13,44,,3.2518490032296454,0.0
2023-03-03,42,,3.2513605061585347,0.023809523809523808
2021-07-17,44,,3.250900698361766,0.0
2022-11-01,43,,3.250647608542353,0.0
2020-02-05,43,,3.250469884166357,0.0
2015-09-20,43,,3.2504339511550335,0.0
2025-05-07,43,,3.24954982847187,0.0
2024-03-22,43,,3.249492671371055,0.0
2016-11-07,44,,3.2490565372443934,0.0
2016-01-03,42,,3.2489298744147486,0.0
2021-08-17,44,,3.2488215607584476,0.022727272727272728
2023-09-19,43,,3.247873220375224,0.0
2020-12-19,43,,3.247727998916462,0.09302325581395349
2025-11-18,43,,3.246760782101211,0.0
2022-07-23,43,,3.246125735064928,0.0
2020-11-23,43,,3.2459791371100786,0.0
2019-04-21,42,,3.2457037242858786,0.0
2016-12-01,44,,3.24538815285948,0.0
2024-09-04,43,,3.2447912784193074,0.0
2024-05-22,43,,3.244392032693525,0.0
2017-10-09,44,Columbus Day,3.2442647452148874,0.0
2022-01-22,43,,3.2441609146599584,0.0
2021-03-23,44,,3.2431751931346673,0.0
2018-10-08,43,Columbus Day,3.2425226751778875,0.023255813953488372
2022-05-29,43,,3.2422475660204197,0.0
2018-11-24,43,,3.2406661821630074,0.023255813953488372
2018-12-12,42,,3.2406452092375195,0.11904761904761904
2025-02-07,43,,3.240187021079492,0.0
2021-04-16,44,,3.2379543742552794,0.0
2018-01-26,43,,3.2379041483244553,0.0
2026-02-07,43,,3.2372941665208343,0.023255813953488372
2021-02-03,44,,3.2372493329918957,0.0
2020-04-20,42,,3.2370659893219034,0.023809523809523808
2020-09-16,43,,3.2365463905238214,0.0
2017-04-12,43,,3.235803080466125,0.0
2024-03-19,43,,3.2345252073319104,0.0
2026-06-08,42,,3.2335954491172134,0.0
2020-04-10,43,,3.2331261882802034,0.0
2024-09-08,43,,3.2330941866946863,0.0
2016-11-16,43,,3.232707600946753,0.0
2025-12-27,43,,3.2324546416298885,0.023255813953488372
2020-02-03,43,,3.2319337958463166,0.0
2024-10-13,43,,3.2318051397566707,0.0
2021-12-10,42,,3.2313556118756974,0.0
2018-07-05,37,,3.231319211217465,0.0
2019-05-26,44,,3.2311757963066556,0.0
2020-05-21,43,,3.230185406054489,0.0
2023-02-08,43,,3.230009010983078,0.0
2024-11-20,43,,3.2299061319043005,0.0
2025-04-08,43,,3.2288855719814906,0.0
2020-07-02,43,,3.228859979415883,0.0
2018-07-12,40,,3.228338240860273,0.0
2023-08-07,42,,3.2279195438656316,0.023809523809523808
2018-02-11,43,,3.2273751913677575,0.023255813953488372
2025-02-24,43,,3.2273544500181375,0.0
2017-10-14,43,,3.227191028243643,0.0
2017-04-18,44,,3.2271887982267096,0.0
2018-12-30,44,,3.2268933134860642,0.0
2022-04-12,43,,3.2261437599898897,0.0
2016-05-06,42,,3.2260168455207054,0.0
2023-01-13,43,,3.2255861206692424,0.0
2018-09-28,43,,3.2252802438770245,0.023255813953488372
2025-09-07,43,,3.2239867152260295,0.0
2020-09-10,43,,3.2239093085052017,0.06976744186046512
2022-05-06,43,,3.222958085705025,0.0
2023-07-13,43,,3.2216639531508986,0.0
2017-03-10,42,,3.219385825184601,0.0
2025-09-01,43,Labor Day,3.219220249913158,0.0
2024-09-27,43,,3.2172805583753816,0.046511627906976744
2020-08-10,43,,3.2171813357281698,0.0
2016-02-04,43,,3.2165417754509837,0.0
2015-12-31,43,New Year's Eve,3.2163354942904148,0.0
2019-01-22,44,,3.215896711568865,0.0
2018-12-04,43,,3.215826723436719,0.0
2017-06-08,44,,3.2150406412337693,0.0
2023-11-09,43,,3.214992594278892,0.0
2015-12-20,41,,3.214494697180301,0.07317073170731707
2016-05-04,42,,3.2144732307809143,0.0
2024-09-20,43,,3.2133605575325888,0.0
2016-04-05,42,,3.213260009311867,0.0
2017-11-13,43,,3.212427643014319,0.0
2024-08-07,43,,3.212126893678634,0.0
2018-11-07,42,,3.2118139829328234,0.0
2023-01-24,42,,3.211266814530739,0.0
2019-12-18,44,,3.211175979561898,0.0
2018-09-26,43,,3.210329098707254,0.0
2018-03-20,44,,3.2100607294584522,0.0
2023-06-23,43,,3.209606111619607,0.0
2021-09-03,43,,3.209521794958602,0.0
2024-03-23,43,,3.2085051979742505,0.0
2023-07-14,43,,3.207768744862447,0.0
2019-01-06,44,,3.207732400704927,0.0
2022-04-19,43,,3.2067639983950174,0.0
2024-03-01,43,,3.2065757185663255,0.0
2023-04-09,43,,3.2059616497995846,0.0
2020-12-11,43,,3.205848638934804,0.0
2025-05-25,43,,3.2049641718741926,0.0
2022-07-05,43,,3.2044529298859503,0.0
2020-08-15,43,,3.2041936125062875,0.023255813953488372
2023-10-22,43,,3.2039342528273416,0.0
2018-10-02,43,,3.203660568830544,0.0
2019-05-02,43,,3.2036414422040465,0.0
2021-11-11,43,Veterans Day,3.202976077533327,0.0
2020-04-09,43,,3.200903330211736,0.023255813953488372
2021-03-24,44,,3.20035012830207,0.0
2019-02-24,44,,3.1997506483858045,0.0
2019-09-25,44,,3.199333251461998,0.0
2015-12-09,42,,3.1989301192747055,0.0
2022-09-25,43,,3.198303180724355,0.0
2024-08-03,43,,3.19804094067165,0.0
2017-03-25,44,,3.19602328413977,0.0
2021-02-21,43,,3.195714883000602,0.0
2025-03-18,43,,3.195257922247933,0.0
2018-07-10,38,,3.1946232533845533,0.0
2024-01-15,43,MLK Day,3.1946193613822387,0.0
2023-12-29,43,,3.1934294926043867,0.0
2022-08-06,42,,3.1930894114570667,0.0
2018-12-26,43,,3.1930153152262353,0.0
2020-02-12,43,,3.1914667954857654,0.0
2019-07-29,44,,3.1913763434794498,0.0
2023-09-29,43,,3.1913646940383575,0.0
2018-04-22,44,,3.190759382087237,0.0
2025-09-14,43,,3.1905027868994096,0.0
2016-12-28,43,,3.190170148463236,0.0
2022-08-15,43,,3.19005521854372,0.0
2016-11-04,42,,3.190027910186669,0.0
2022-03-24,43,,3.1895948246179753,0.0
2024-05-09,43,,3.1894832509458912,0.0
2020-02-18,43,,3.188621234894596,0.0
2023-03-04,42,,3.188405164259763,0.0
2019-09-17,44,,3.1877000228420243,0.0
2024-09-03,43,,3.187340291814707,0.023255813953488372
2015-10-22,44,,3.186852368693061,0.0
2020-02-13,43,,3.1864639904916663,0.0
2023-03-02,43,,3.1863546273145285,0.023255813953488372
2025-02-21,43,,3.186015711880875,0.023255813953488372
2020-09-05,43,,3.1857860878028674,0.0
2022-02-20,43,,3.18517590562569,0.046511627906976744
2017-04-09,44,,3.1844964135604226,0.0
2023-01-26,43,,3.1840769984495205,0.0
2020-11-05,43,,3.183262204399947,0.0
2024-10-02,43,,3.1831743302943893,0.0
2024-08-13,43,,3.183056069806663,0.0
2021-12-11,42,,3.18242230777355,0.0
2019-06-19,44,,3.1823670429568853,0.0
2020-04-22,42,,3.1822450382429484,0.0
2019-03-01,44,,3.182063472256808,0.0
2021-02-04,44,,3.182059911707162,0.045454545454545456
2024-02-23,43,,3.181793002767255,0.0
2016-12-07,44,,3.1814514195450925,0.0
2020-11-24,43,,3.1808003466677883,0.0
2018-06-25,43,,3.180578535698881,0.023255813953488372
2016-12-03,42,,3.1792503639509846,0.0
2023-06-08,43,,3.1791609166649684,0.0
2019-09-09,44,,3.1780119883570723,0.0
2021-02-13,44,,3.1778406683766174,0.0
2023-03-22,43,,3.177230015032358,0.0
2025-02-13,43,,3.176156389817799,0.0
2018-04-19,44,,3.17524343092115,0.0
2022-02-17,42,,3.1749059764219805,0.023809523809523808
2020-02-17,43,Presidents' Day,3.1743141466309113,0.0
2022-08-19,43,,3.173841581365886,0.0
2019-03-07,44,,3.173395316843407,0.022727272727272728
2017-07-16,44,,3.173318490739315,0.0
2023-09-12,43,,3.1732465511789854,0.0
2016-09-13,44,,3.173153176207002,0.0
2019-03-19,44,,3.172780749850896,0.0
2022-08-17,43,,3.1723845700368445,0.0
2026-04-29,42,,3.171937020424372,0.0
2018-09-24,43,,3.171931821402164,0.0
2017-05-07,44,,3.1717632428623594,0.0
2025-11-26,43,,3.171537308722388,0.0
2015-09-24,42,,3.171500883273362,0.0
2016-07-17,44,,3.17095703240996,0.0
2016-11-26,44,,3.1701198830285193,0.0
2020-05-08,43,,3.169157901479589,0.023255813953488372
2026-01-23,42,,3.168306946719853,0.0
2024-08-08,43,,3.168037240273838,0.0
2016-05-27,44,,3.16710064189677,0.0
2024-05-30,42,,3.1666361443056497,0.0
2017-06-30,44,,3.1663968040229826,0.0
2024-06-17,43,,3.165394862746547,0.046511627906976744
2017-09-17,44,,3.16460225710925,0.0
2024-02-16,43,,3.16458138821726,0.0
2015-09-30,43,,3.1642193100195954,0.023255813953488372
2026-02-25,43,,3.1640298615956692,0.023255813953488372
2026-06-09,41,,3.1627231925348895,0.0
2025-12-03,43,,3.1627028705462212,0.0
2021-10-05,43,,3.161694389967587,0.0
2016-01-07,43,,3.1614081536675185,0.023255813953488372
2023-11-21,43,,3.1613921181292115,0.0
2025-08-09,43,,3.1601701861592253,0.0
2020-08-01,43,,3.160073601567411,0.0
2017-09-13,44,,3.160000620004861,0.0
2019-03-20,44,,3.1597728678039374,0.0
2025-12-01,43,,3.158389661799902,0.0
2026-02-12,43,,3.1579948906599618,0.023255813953488372
2024-04-02,43,,3.1573953674487543,0.0
2022-11-06,43,,3.1567085788311404,0.0
2016-11-28,44,,3.1562362436327818,0.0
2016-01-11,43,,3.1558797180549227,0.0
2026-05-08,41,,3.1556915048232583,0.04878048780487805
2015-10-10,44,,3.1556080433198757,0.0
2015-09-26,43,,3.1554052371387065,0.0
2017-05-25,43,,3.1551336303030677,0.0
2015-10-26,43,,3.155080261533711,0.0
2018-11-26,43,,3.1545451861245355,0.0
2022-03-31,43,,3.1543297453329964,0.0
2023-03-29,43,,3.1540946965145755,0.0
2019-05-22,43,,3.1534593574186345,0.0
2019-06-20,44,,3.152389569533824,0.022727272727272728
2022-09-20,43,,3.1516464912873388,0.0
2018-01-03,43,,3.1510444049641837,0.023255813953488372
2019-06-14,44,,3.1502932249794298,0.0
2019-12-02,44,,3.1501266143486637,0.0
2016-10-25,44,,3.1497344698429375,0.0
2017-04-13,44,,3.149622628598144,0.022727272727272728
2022-04-09,43,,3.149539433882735,0.0
2026-01-15,43,,3.148361037018595,0.0
2024-03-29,43,,3.147500188482603,0.0
2023-04-20,43,,3.146712103667499,0.0
2023-07-09,43,,3.1436105846696516,0.0
2021-05-11,44,,3.1435551711726055,0.0
2019-03-09,44,,3.1435541965317277,0.0
2020-03-24,43,,3.1432699432931326,0.0
2019-03-27,44,,3.142591741590542,0.0
2015-11-02,42,,3.142175695301903,0.0
2023-02-21,43,,3.1419811630954175,0.0
2022-07-17,43,,3.141830157494954,0.023255813953488372
2016-02-02,43,,3.14130037874815,0.0
2019-09-22,44,,3.141269572370528,0.0
2026-02-22,43,,3.1411945251752025,0.0
2016-07-29,44,,3.141127735941674,0.0
2016-12-27,44,,3.1403383138603504,0.0
2019-02-22,43,,3.140315801310673,0.0
2025-11-21,43,,3.140287109266899,0.023255813953488372
2017-05-02,44,,3.139854616950956,0.0
2019-02-25,44,,3.139534847468072,0.0
2020-05-12,43,,3.139165342008872,0.0
2016-12-22,43,,3.13907560722994,0.0
2018-07-14,39,,3.137424385656457,0.0
2023-09-25,43,,3.13681438131948,0.0
2015-11-03,42,,3.1364411387594684,0.0
2016-03-12,43,,3.1350483972866923,0.09302325581395349
2019-08-23,43,,3.1346154137686364,0.023255813953488372
2016-02-06,43,,3.1345713123257464,0.0
2023-02-18,43,,3.132990710531531,0.0
2021-07-27,44,,3.132650584276209,0.0
2022-07-20,43,,3.1320808127298094,0.0
2019-11-23,44,,3.128414237419685,0.0
2016-01-02,43,,3.127799038810888,0.0
2016-12-15,43,,3.1274331928308223,0.0
2025-11-19,43,,3.1264477236922237,0.0
2019-12-22,43,,3.125178743291437,0.0
2024-02-02,43,,3.1250283534213166,0.0
2019-01-30,44,,3.123809245430209,0.0
2016-04-03,44,,3.122185046128865,0.0
2023-04-27,43,,3.122156384676822,0.023255813953488372
2021-02-16,44,,3.1220400216396555,0.0
2016-09-29,44,,3.1217667321339215,0.0
2023-12-19,43,,3.1204473176235528,0.0
2019-03-26,44,,3.1202411479023793,0.0
2021-08-27,44,,3.1190018104680863,0.0
2018-01-08,43,,3.1184725858816686,0.023255813953488372
2021-03-10,43,,3.118307094953823,0.0
2016-09-16,44,,3.1182663066677767,0.022727272727272728
2025-01-20,43,MLK Day,3.1182002276401626,0.023255813953488372
2023-07-19,43,,3.118066243170816,0.0
2019-02-10,44,,3.1179639676563875,0.0
2019-01-21,44,MLK Day,3.117656152861146,0.022727272727272728
2024-11-05,43,,3.117524704773805,0.046511627906976744
2016-05-18,42,,3.117046791637516,0.0
2023-08-28,43,,3.1163573594637355,0.0
2021-12-22,43,,3.116063540702508,0.0
2021-10-25,43,,3.1156258123315026,0.0
2024-09-11,43,,3.1152005269163277,0.0
2023-03-24,43,,3.11500953325579,0.0
2019-08-05,44,,3.1141133383520208,0.0
2022-05-11,43,,3.1140187478844656,0.023255813953488372
2016-01-14,44,,3.1140015823472167,0.0
2018-01-07,43,,3.1136450479112034,0.11627906976744186
2019-11-11,44,Veterans Day,3.111945341613909,0.022727272727272728
2026-04-05,41,,3.111011530976882,0.024390243902439025
2024-10-23,43,,3.110833607737372,0.0
2025-01-12,43,,3.1105865242251087,0.0
2017-03-29,42,,3.110552694777282,0.0
2025-09-18,42,,3.1097394631850115,0.0
2021-07-07,44,,3.1069140351660725,0.022727272727272728
2021-08-23,44,,3.1066839281869605,0.022727272727272728
2017-03-21,42,,3.106653288315565,0.0
2022-06-14,43,,3.1062532420721394,0.0
2024-11-02,41,,3.1061984707719503,0.024390243902439025
2021-07-26,44,,3.105966203446167,0.022727272727272728
2025-09-02,42,,3.1050292210946964,0.0
2019-04-02,44,,3.1041488257840486,0.0
2020-07-28,43,,3.1033620241552966,0.0
2018-12-13,44,,3.1024392315157026,0.0
2026-01-31,43,,3.101742827985696,0.0
2022-02-16,42,,3.101641177759049,0.0
2021-12-02,43,,3.1016379709309585,0.023255813953488372
2015-10-15,44,,3.1013048510120544,0.0
2017-04-06,44,,3.100795764390446,0.0
2022-07-14,43,,3.100616257326766,0.0
2016-10-24,44,,3.10032049026674,0.0
2026-01-30,42,,3.1003061521476765,0.0
2017-10-06,44,,3.099584702093563,0.0
2024-04-23,43,,3.0995684912339088,0.0
2019-03-28,44,,3.0990171061122194,0.0
2021-07-30,44,,3.0979783926166515,0.0
2023-01-03,43,,3.097036808866016,0.0
2024-04-12,43,,3.097013833809718,0.0
2015-11-28,42,,3.097005291641237,0.0
2025-11-17,43,,3.096984040847384,0.0
2016-01-06,43,,3.09571619641083,0.0
2018-09-27,41,,3.0956640943479123,0.0
2018-04-10,44,,3.0955412946227328,0.0
2020-07-22,43,,3.094013385976638,0.0
2018-04-17,44,,3.0933734114098392,0.0
2015-08-30,44,,3.0928916258978663,0.0
2026-04-08,42,,3.092656301795362,0.047619047619047616
2018-07-30,42,,3.0925547053242637,0.0
2023-10-04,43,,3.0916788197616967,0.0
2023-04-03,43,,3.0906242435384987,0.0
2017-01-02,44,New Year's Day (observed),3.0900817496023953,0.0
2025-07-11,43,,3.0900003591774086,0.023255813953488372
2018-03-31,42,,3.0898872125969468,0.0
2023-09-13,43,,3.089761023506532,0.0
2021-12-29,43,,3.0891149870839767,0.0
2022-02-01,42,,3.088854909671729,0.0
2024-03-04,43,,3.0886860637760307,0.0
2019-12-01,44,,3.0879870657718467,0.0
2026-05-15,42,,3.087804369300357,0.0
2020-09-01,43,,3.0877894410758735,0.0
2025-09-05,43,,3.087445612030419,0.023255813953488372
2025-09-21,43,,3.087271849368017,0.0
2020-12-22,43,,3.0867480677553707,0.0
2024-01-18,43,,3.085861318569397,0.0
2017-07-02,42,,3.0857458811512273,0.0
2023-11-20,43,,3.085061458027707,0.0
2020-02-16,43,,3.0845078838844353,0.0
2016-02-19,43,,3.083873409941748,0.0
2016-10-03,44,,3.0838514606880256,0.0
2015-08-31,43,,3.0819402578381396,0.0
2022-03-03,43,,3.081784503892569,0.0
2025-07-15,43,,3.080909108144009,0.0
2024-02-18,42,,3.0807709352733896,0.0
2017-12-07,43,,3.080320273850898,0.0
2025-07-16,43,,3.080079164717223,0.0
2026-03-07,42,,3.079882356065128,0.023809523809523808
2017-01-30,43,,3.0798173819774637,0.0
2023-11-06,42,,3.0790321702918897,0.0
2016-01-19,44,,3.079019136453545,0.0
2019-02-04,44,,3.0789785518089974,0.0
2022-04-27,43,,3.0779352460750142,0.0
2019-08-24,43,,3.077847256801577,0.023255813953488372
2023-07-17,43,,3.0771526238148548,0.0
2021-07-19,44,,3.076445679567785,0.0
2021-12-30,43,,3.0759712880667407,0.0
2020-04-05,43,,3.0759700736535054,0.023255813953488372
2022-11-30,43,,3.0746407606096207,0.023255813953488372
2018-04-21,44,,3.0743417008805323,0.0
2022-01-08,43,,3.0741525488350034,0.023255813953488372
2018-02-28,43,,3.07403134519099,0.0
2024-08-01,43,,3.073486130690559,0.0
2024-01-02,43,,3.0726954153474177,0.0
2018-11-06,43,,3.072080131598391,0.0
2023-06-09,43,,3.0720775829299938,0.0
2018-07-16,41,,3.071519204775775,0.0
2018-12-03,43,,3.0714507755626066,0.0
2018-01-24,43,,3.071350231413346,0.0
2020-10-13,43,,3.071231678188029,0.0
2022-02-27,43,,3.0700385610374292,0.0
2018-08-27,41,,3.069056311970637,0.0
2021-09-09,43,,3.0689987684437408,0.0
2025-09-08,43,,3.068920565554555,0.0
2018-01-19,42,,3.068334528311937,0.14285714285714285
2016-03-06,44,,3.068157819697379,0.0
2024-09-05,43,,3.0676974266672805,0.0
2020-01-08,43,,3.067046314575746,0.0
2026-06-26,42,,3.0658631434055117,0.0
2017-07-18,42,,3.065615669678274,0.023809523809523808
2018-03-24,43,,3.064662841445341,0.0
2022-07-27,43,,3.064563437566323,0.0
2018-12-05,40,,3.0643313538409944,0.0
2016-05-23,42,,3.063464266375771,0.0
2021-07-28,44,,3.0634603167868315,0.0
2024-09-18,43,,3.0627472856482822,0.0
2018-03-29,44,,3.0619974826646095,0.0
2022-04-01,43,,3.060827923945175,0.0
2022-02-10,42,,3.0605419273263244,0.0
2024-09-21,43,,3.0602681615043523,0.0
2019-07-25,44,,3.0600690438129865,0.0
2017-04-29,44,,3.058773008896017,0.0
2016-05-08,41,,3.058598754206383,0.0
2019-08-25,43,,3.0584805805695012,0.0
2022-10-31,43,,3.055910469443729,0.0
2019-12-07,44,,3.0556638480291696,0.0
2022-01-10,43,,3.055602208816098,0.0
2020-05-14,43,,3.0548270452514,0.0
2021-02-14,44,,3.053848523834392,0.0
2023-09-09,43,,3.052719531396628,0.0
2024-09-29,43,,3.0512093934278828,0.0
2024-04-04,43,,3.050459770589941,0.0
2025-02-15,43,,3.050344056608528,0.0
2025-09-22,43,,3.0502467857756033,0.0
2022-03-17,43,,3.050102049689525,0.0
2026-04-20,42,,3.0496712392722607,0.0
2017-01-31,43,,3.0493513758032944,0.023255813953488372
2022-12-17,43,,3.0493032775810005,0.0
2026-01-28,43,,3.0492448436197748,0.0
2022-02-08,43,,3.0484538529875604,0.0
2026-02-21,43,,3.0483874354375846,0.0
2016-02-11,43,,3.0482117552276025,0.11627906976744186
2022-07-07,43,,3.0477439363180583,0.0
2025-02-19,43,,3.047697901750755,0.0
2015-07-13,40,,3.0476907850095567,0.0
2022-04-20,43,,3.047598162981262,0.0
2023-02-10,43,,3.0474402822537296,0.0
2024-04-06,43,,3.047113405047519,0.0
2022-09-15,43,,3.0465481104575987,0.0
2024-07-21,43,,3.0464965877339285,0.0
2025-11-22,43,,3.045485362431462,0.0
2019-12-27,44,,3.0448677444450984,0.0
2023-09-18,43,,3.0431764040585887,0.0
2023-05-06,43,,3.042576118947946,0.023255813953488372
2023-07-07,43,,3.0425315192863183,0.0
2019-04-16,43,,3.0421620282786477,0.023255813953488372
2018-07-28,42,,3.041042915484419,0.0
2020-11-14,43,,3.040299000677227,0.046511627906976744
2020-07-23,43,,3.039644722163411,0.0
2021-12-27,43,,3.039510974483517,0.0
2017-03-23,44,,3.039062750979763,0.0
2016-08-21,44,,3.037907924407575,0.0
2021-09-13,43,,3.0376424818140433,0.0
2023-04-18,43,,3.0369801295016154,0.0
2018-12-06,43,,3.03606652501557,0.023255813953488372
2020-10-06,43,,3.033349837495903,0.0
2025-03-08,42,,3.0326477638304423,0.0
2019-05-03,43,,3.0323029223311035,0.0
2019-02-28,43,,3.0319054527095926,0.0
2016-02-21,42,,3.0316581336842874,0.0
2016-09-14,42,,3.0311299183225726,0.0
2025-09-29,43,,3.0306808390441793,0.0
2016-02-26,43,,3.0292808906426094,0.0
2024-01-05,43,,3.0275136170301,0.023255813953488372
2020-07-26,43,,3.027112116705211,0.023255813953488372
2023-03-08,43,,3.0258906919260298,0.0
2019-12-21,43,,3.0258126856730376,0.0
2021-10-03,43,,3.0257407499829467,0.0
2025-01-17,43,,3.02522021804065,0.0
2023-04-02,43,,3.0241825363804358,0.0
2025-01-28,43,,3.0238433121724126,0.0
2018-01-02,43,,3.0227817598168816,0.0
2017-12-05,42,,3.022664854433125,0.0
2015-09-03,42,,3.0224224513962934,0.0
2018-04-09,43,,3.021951114738108,0.0
2024-03-12,41,,3.021300106461762,0.0
2022-01-06,43,,3.0209861387368986,0.0
2025-09-09,43,,3.020582364784902,0.0
2017-05-14,44,,3.020013989242963,0.0
2019-12-08,44,,3.0182006814155944,0.0
2017-02-28,42,,3.017868998462471,0.0
2018-09-11,43,,3.0176236696889904,0.0
2018-03-05,42,,3.0170371903572826,0.0
2016-04-02,44,,3.016773767373918,0.0
2021-07-14,44,,3.0167584550100055,0.0
2026-01-19,43,MLK Day,3.0163993485270906,0.0
2020-08-24,43,,3.0154156224678927,0.0
2023-07-25,43,,3.015262621510148,0.0
2022-11-02,43,,3.0149987592451115,0.0
2019-08-13,43,,3.014739159224321,0.0
2023-05-05,43,,3.0145032123594206,0.0
2015-12-16,44,,3.014043909721488,0.0
2020-08-21,43,,3.0137832689585764,0.0
2024-04-11,43,,3.012926190618988,0.0
2024-03-25,43,,3.0095455321337297,0.0
2024-10-14,43,Columbus Day,3.009505599725671,0.023255813953488372
2023-07-20,43,,3.0093374192757243,0.0
2022-06-28,43,,3.0087474365131395,0.0
2017-04-08,44,,3.008514960470656,0.022727272727272728
2026-02-23,43,,3.008475239075643,0.0
2020-01-12,43,,3.007299031411109,0.0
2021-02-23,43,,3.007205173356425,0.0
2021-03-04,42,,3.0068972660006557,0.0
2015-09-25,43,,3.0061505032700024,0.0
2018-04-04,44,,3.006081938986001,0.0
2023-09-14,43,,3.005807847804082,0.0
2022-11-28,43,,3.0057433806151956,0.0
2023-06-21,43,,3.0054019061112274,0.0
2017-04-24,44,,3.005301638579252,0.0
2021-04-23,44,,3.0052136471853483,0.0
2018-09-02,42,,3.005177881107568,0.0
2017-01-25,44,,3.0046495354105867,0.0
2025-12-04,41,,3.0035691686358623,0.0
2016-10-01,44,,3.0029723770545345,0.0
2015-09-21,41,,3.002767484980691,0.0
2023-09-07,43,,3.002561118721036,0.0
2016-09-18,44,,3.0019132088790865,0.0
2024-09-19,43,,3.0016553321322355,0.0
2024-02-07,43,,3.0013438317115266,0.0
2026-01-14,43,,3.0013430639626595,0.0
2023-12-20,43,,2.9986892005258547,0.0
2023-08-21,42,,2.996686439115977,0.0
2023-04-24,43,,2.996553926097434,0.0
2019-12-28,44,,2.9955293084566605,0.0
2023-04-21,43,,2.994646086565844,0.0
2023-12-08,43,,2.9939338629985,0.0
2020-10-22,43,,2.993831908758251,0.023255813953488372
2023-09-08,43,,2.992996614283296,0.0
2015-09-29,44,,2.992956589092537,0.0
2022-11-26,43,,2.992129930344011,0.023255813953488372
2016-02-24,42,,2.991958532243302,0.0
2019-07-31,44,,2.991847293928225,0.0
2023-11-07,43,,2.9917181670554416,0.0
2018-07-23,41,,2.991639289658164,0.0
2017-06-22,44,,2.990767890938428,0.0
2021-01-04,43,,2.990495464767336,0.0
2016-09-23,44,,2.9900333988357612,0.0
2016-03-13,36,,2.989873347927136,0.08333333333333333
2017-03-12,37,,2.989472171856351,0.0
2018-04-12,44,,2.9885629302159655,0.0
2016-10-13,43,,2.9884585720372088,0.0
2024-04-26,43,,2.9874176183000922,0.0
2021-07-13,44,,2.987179411328344,0.0
2018-11-29,42,,2.9870890914833357,0.09523809523809523
2016-01-31,42,,2.986013584208397,0.0
2020-07-30,42,,2.9855714067309433,0.0
2021-08-11,44,,2.985392770166635,0.0
2024-08-05,43,,2.9848334295199246,0.0
2024-09-28,43,,2.984177126973654,0.0
2017-06-29,44,,2.98315861499919,0.0
2019-06-26,44,,2.9824177824497338,0.022727272727272728
2023-08-31,43,,2.9823329658813553,0.0
2023-01-08,43,,2.981821166088817,0.0
2023-03-06,43,,2.9815516383520504,0.0
2015-08-01,37,,2.9811436928931747,0.0
2016-09-27,44,,2.9810384390342257,0.0
2023-06-19,43,Juneteenth,2.9791137531109153,0.023255813953488372
2025-01-09,43,,2.978626032299513,0.0
2020-04-02,43,,2.9777193658543397,0.0
2017-03-05,44,,2.9771911172836942,0.0
2018-07-19,41,,2.97681648230044,0.0
2021-05-08,44,,2.9761286100804787,0.0
2026-02-17,43,,2.9756940581983913,0.0
2017-06-26,44,,2.9755296858929094,0.0
2024-04-09,43,,2.975122409644444,0.0
2025-01-08,43,,2.974851931791775,0.0
2019-09-28,44,,2.9740111825396895,0.022727272727272728
2021-02-26,43,,2.9731431957207715,0.0
2025-05-19,43,,2.972475265198029,0.0
2024-07-31,42,,2.9724580926670705,0.0
2015-12-06,42,,2.9721899686298894,0.0
2021-01-30,44,,2.972065204136999,0.0
2017-02-23,44,,2.9714656424632055,0.0
2022-07-28,43,,2.970038995151007,0.0
2019-02-01,44,,2.9696377979352473,0.0
2016-07-05,44,,2.9695886613366866,0.0
2026-06-28,42,,2.9685928889038142,0.0
2018-01-28,43,,2.968433125523047,0.0
2023-12-14,43,,2.967773407781837,0.0
2018-08-11,42,,2.9674241482717663,0.0
2018-12-09,43,,2.9673998428958,0.0
2022-04-23,43,,2.967195271697069,0.0
2025-09-19,43,,2.9666684070198905,0.0
2022-08-26,43,,2.96662467050625,0.0
2019-02-12,44,,2.966589460279576,0.0
2022-02-07,42,,2.9661885210496926,0.0
2024-03-09,42,,2.9654989678037564,0.0
2019-12-10,44,,2.964935378919431,0.0
2020-10-21,43,,2.9647214331644665,0.0
2023-06-20,43,,2.9646973530323284,0.0
2022-03-26,43,,2.9641213083873086,0.023255813953488372
2022-09-17,43,,2.9640991200991307,0.0
2020-03-05,43,,2.9640983077422356,0.0
2024-07-16,43,,2.9640106653608638,0.023255813953488372
2017-02-08,43,,2.963870625827246,0.0
2024-10-30,42,,2.963190377260717,0.0
2020-06-28,43,,2.963134395090882,0.0
2018-01-27,43,,2.962620687334161,0.0
2024-11-26,43,,2.962269513682282,0.0
2015-11-18,44,,2.962084641109839,0.0
2016-07-01,44,,2.96173219727475,0.0
2018-12-27,43,,2.961724343486456,0.0
2018-11-05,43,,2.961602354242997,0.0
2018-06-14,42,,2.9613717943547497,0.0
2020-12-14,43,,2.960628638423159,0.023255813953488372
2017-07-14,44,,2.9605591066227843,0.0
2020-07-14,43,,2.9590867288730305,0.0
2015-09-08,42,,2.958144438972205,0.0
2024-02-08,43,,2.958004303503227,0.0
2017-11-16,43,,2.957890922659121,0.0
2025-04-17,42,,2.957204053127766,0.0
2019-11-30,44,,2.957128701787139,0.0
2025-05-20,43,,2.956979998372282,0.0
2025-11-25,43,,2.9568383730474235,0.0
2019-07-17,44,,2.956734429589532,0.0
2023-03-30,43,,2.9566746007623737,0.0
2022-08-09,43,,2.955746363715941,0.0
2020-04-14,42,,2.955734048859923,0.0
2023-07-08,43,,2.9555249588292507,0.0
2018-08-21,41,,2.9551910910327623,0.0
2016-09-08,42,,2.954966295667123,0.0
2016-08-04,44,,2.954938292921611,0.0
2019-09-10,44,,2.9529835859482363,0.022727272727272728
2019-05-01,43,,2.95291289244856,0.0
2021-01-02,43,,2.952560991982185,0.0
2017-12-31,41,New Year's Eve,2.9519682337339153,0.0
2018-09-30,43,,2.9516342379689404,0.0
2025-03-04,43,,2.951587196118843,0.0
2023-06-13,43,,2.95101360292973,0.0
2020-04-17,42,,2.949722965227874,0.0
2019-05-18,43,,2.9496283661536298,0.023255813953488372
2016-05-20,43,,2.9492593480553775,0.0
2024-12-02,43,,2.9492578817332986,0.0
2019-03-12,43,,2.948699948988015,0.023255813953488372
2020-09-14,42,,2.9482970749930084,0.0
2026-04-07,42,,2.9481850075718823,0.023809523809523808
2021-10-04,43,,2.9476090178995733,0.0
2025-12-29,43,,2.9472251063333297,0.06976744186046512
2019-08-04,44,,2.9469931162914396,0.0
2021-03-25,44,,2.94676402900412,0.0
2015-07-15,37,,2.9465061935717127,0.0
2019-04-17,42,,2.9464927721032748,0.0
2023-08-17,43,,2.945973177865029,0.0
2024-10-03,43,,2.945261356634105,0.0
2023-09-02,43,,2.945100471949962,0.0
2020-07-21,43,,2.9436076050636766,0.0
2024-03-20,43,,2.943495504888277,0.0
2021-12-26,43,,2.9432848933286437,0.0
2015-09-05,42,,2.9428498224741535,0.0
2023-12-03,43,,2.942273005094189,0.0
2019-06-27,44,,2.9418715254364076,0.0
2020-10-19,43,,2.940370965596713,0.0
2019-07-15,44,,2.940253685282796,0.0
2023-10-20,43,,2.9398553516715458,0.0
2023-10-02,43,,2.939001926591464,0.0
2016-08-20,43,,2.9386309495567886,0.0
2015-12-30,44,,2.938462516661217,0.0
2025-08-12,43,,2.938416294060189,0.0
2024-12-28,43,,2.937934745370956,0.0
2016-12-23,44,,2.9364924201948006,0.0
2017-08-06,43,,2.936458809226283,0.0
2024-02-29,43,,2.9335741268607105,0.0
2022-01-07,43,,2.931931378323549,0.0
2016-09-19,42,,2.930898477597884,0.0
2016-02-03,44,,2.927663599246011,0.0
2016-08-24,43,,2.9276142208547995,0.0
2024-12-29,43,,2.926620663234777,0.0
2018-08-24,42,,2.925951552667297,0.0
2018-03-21,44,,2.924831329508361,0.0
2025-03-12,43,,2.9237059377578496,0.0
2018-09-09,42,,2.923146977037086,0.0
2019-12-29,44,,2.9217763642933416,0.0
2026-04-10,42,,2.92156356118846,0.023809523809523808
2025-09-04,43,,2.920362758795887,0.023255813953488372
2026-01-04,43,,2.9196762733117914,0.023255813953488372
2021-09-26,43,,2.9195187115431986,0.06976744186046512
2021-02-07,44,Super Bowl Sunday,2.918864945428002,0.0
2024-03-27,43,,2.918685034899548,0.0
2020-02-15,43,,2.918620707698033,0.046511627906976744
2020-09-15,43,,2.918330291832239,0.0
2021-09-12,43,,2.917342619038159,0.0
2016-07-24,44,,2.9171508353404985,0.0
2025-03-25,43,,2.9168510484659724,0.0
2017-02-14,43,,2.9165860983247263,0.0
2024-01-19,43,,2.916214992818111,0.0
2022-04-29,43,,2.9148868631734297,0.0
2025-01-06,43,,2.9138287936640612,0.0
2018-12-23,41,,2.9132914927630216,0.07317073170731707
2016-09-20,42,,2.9117200053575347,0.0
2024-12-21,42,,2.9109408164377317,0.0
2018-06-23,43,,2.910219762465678,0.0
2018-05-01,44,,2.9095139448317955,0.0
2022-02-15,42,,2.9092493820975687,0.0
2018-12-22,42,,2.908897759963044,0.0
2025-09-16,43,,2.9087032851013754,0.0
2024-07-19,43,,2.9079508256172777,0.0
2016-04-12,42,,2.907695756314112,0.0
2018-08-28,42,,2.907673607401758,0.0
2022-03-25,43,,2.9075677778485387,0.0
2016-04-06,43,,2.907344931484794,0.0
2022-02-14,42,,2.9068931210485838,0.0
2020-07-25,43,,2.906810116115895,0.0
2020-02-26,43,,2.9062953495626367,0.0
2022-03-02,43,,2.9061186684692193,0.0
2026-04-19,42,,2.9059218574302452,0.0
2019-02-26,44,,2.9056394910304872,0.022727272727272728
2024-09-02,42,Labor Day,2.905360177428202,0.0
2019-09-21,44,,2.90524581864208,0.0
2023-06-14,43,,2.9052010237662245,0.0
2024-11-27,43,,2.9050367782238187,0.0
2023-12-17,42,,2.904992816742741,0.0
2019-02-13,44,,2.899966110701615,0.0
2017-01-04,44,,2.899777996166745,0.0
2023-03-05,42,,2.8990101874530003,0.0
2024-02-24,43,,2.898668750404784,0.0
2021-03-18,43,,2.8978918992932075,0.0
2021-09-15,43,,2.897529306141891,0.0
2017-04-02,44,,2.896035268033459,0.0
2025-07-10,43,,2.894307801353406,0.0
2022-07-31,43,,2.8918697791698156,0.0
2024-03-10,39,,2.8912160629454977,0.0
2020-01-13,43,,2.891206054868621,0.0
2020-08-03,42,,2.891080729134985,0.0
2025-08-18,43,,2.890980377861431,0.0
2023-08-22,43,,2.8908518507327323,0.0
2024-09-01,43,,2.8888952486712727,0.0
2019-09-11,44,,2.8887184909464922,0.022727272727272728
2019-12-15,44,,2.888641278009284,0.0
2020-03-22,43,,2.8885721924514636,0.09302325581395349
2024-08-25,43,,2.8865985386703428,0.0
2019-01-29,44,,2.8840511853782225,0.022727272727272728
2017-01-09,44,,2.8838944398395023,0.09090909090909091
2022-09-12,43,,2.883599467925025,0.0
2018-06-28,43,,2.8827524681921637,0.0
2022-11-03,43,,2.882686619163639,0.0
2016-01-30,44,,2.882540828143953,0.0
2018-12-02,43,,2.882113312218683,0.0
2017-02-05,44,Super Bowl Sunday,2.8814651957378343,0.0
2021-04-20,44,,2.8812825185050395,0.0
2019-07-03,44,,2.881028528157376,0.0
2017-07-26,44,,2.880651457393302,0.0
2019-12-05,44,,2.880395543128425,0.0
2025-01-13,43,,2.8782567097630154,0.0
2021-02-15,44,Presidents' Day,2.8779439866316006,0.0
2022-04-13,43,,2.8778573448491302,0.0
2015-10-29,43,,2.8774430883232145,0.0
2021-01-27,44,,2.8773877914691015,0.0
2021-07-25,44,,2.8760482301653805,0.0
2022-09-06,43,,2.8751027571094974,0.023255813953488372
2020-04-01,43,,2.872831760274776,0.0
2024-08-30,43,,2.872560405395817,0.0
2023-01-23,43,,2.87010554916228,0.0
2015-08-29,43,,2.8680036013556798,0.023255813953488372
2026-02-15,43,,2.8677741372013466,0.0
2025-05-23,43,,2.8660799598461852,0.0
2017-07-22,44,,2.8660220834496046,0.0
2017-03-28,43,,2.8654176011426977,0.0
2019-08-21,43,,2.8653503502700666,0.0
2021-02-11,44,,2.8642560129613712,0.0
2021-08-19,44,,2.863946349761764,0.022727272727272728
2016-01-04,44,,2.862742232664849,0.0
2019-03-23,44,,2.8623549919743705,0.0
2021-03-22,44,,2.8609146385981736,0.0
2021-08-25,44,,2.859830456309908,0.0
2025-09-11,42,,2.8596747753421354,0.0
2019-02-18,44,Presidents' Day,2.858747440248188,0.0
2021-09-11,43,,2.8579014320590614,0.0
2020-03-10,43,,2.857872659327447,0.0
2020-01-02,43,,2.857388862299495,0.0
2024-07-25,43,,2.857112915580999,0.0
2025-07-29,43,,2.8562433778346867,0.0
2021-01-03,43,,2.855967876639859,0.0
2026-02-04,42,,2.855592169225207,0.047619047619047616
2016-03-29,44,,2.8552731770355493,0.0
2020-01-15,42,,2.8550145760887258,0.0
2024-02-09,43,,2.8549634196583256,0.0
2025-08-04,43,,2.8538179982699434,0.0
2016-01-24,43,,2.8537057517405557,0.09302325581395349
2021-08-21,44,,2.8528777138528496,0.0
2018-10-01,43,,2.8522714315836586,0.0
2019-01-24,44,,2.8521183864003543,0.0
2018-02-04,43,Super Bowl Sunday,2.8512685141691576,0.0
2021-01-10,43,,2.8504391058661436,0.0
2017-11-06,43,,2.8499200730693715,0.0
2019-02-19,44,,2.847962789475037,0.022727272727272728
2022-07-13,43,,2.8477996481941603,0.0
2023-01-22,43,,2.8477733007448824,0.0
2018-08-22,41,,2.847199517972535,0.0
2017-09-02,44,,2.8468290815589503,0.0
2018-09-23,43,,2.8467540494662518,0.0
2019-08-26,43,,2.84670169664985,0.0
2017-07-11,44,,2.845958612858908,0.0
2017-01-23,44,,2.8458122878532084,0.0
2020-07-31,42,,2.845084422548056,0.0
2015-12-02,44,,2.8444292033822336,0.0
2023-01-20,43,,2.8433258368859833,0.0
2020-12-31,41,New Year's Eve,2.8429844162489113,0.0
2020-09-26,43,,2.8425256910752426,0.0
2022-03-08,43,,2.842462138673735,0.0
2017-12-02,43,,2.8424093432785305,0.0
2021-09-07,43,,2.842354562210131,0.0
2025-09-17,43,,2.8423094739775974,0.0
2021-04-14,44,,2.8422203183573207,0.0
2018-01-14,41,,2.840888503434201,0.0
2017-10-19,42,,2.8393729715793654,0.0
2018-08-25,42,,2.839216015094991,0.0
2024-01-08,43,,2.839077725369483,0.0
2021-08-01,44,,2.8389791581642303,0.0
2022-03-13,39,,2.838884797073825,0.0
2019-04-11,43,,2.838874909362195,0.023255813953488372
2024-12-14,43,,2.8377678935682686,0.0
2017-02-20,44,Presidents' Day,2.8376063859470753,0.0
2018-04-13,44,,2.8374495245448097,0.0
2015-12-01,44,,2.836558629794492,0.0
2024-04-08,43,,2.83647413483374,0.0
2024-03-02,43,,2.8364607873562933,0.0
2016-04-01,43,,2.8362821921715016,0.0
2024-09-09,43,,2.835431221128468,0.0
2017-03-24,44,,2.8350476305842562,0.0
2024-09-24,43,,2.834922507301899,0.0
2026-06-29,42,,2.8347031548408808,0.0
2017-01-13,43,,2.834205441180322,0.023255813953488372
2026-01-29,43,,2.8340146124817984,0.09302325581395349
2025-08-06,43,,2.8338185634977333,0.0
2016-03-08,43,,2.833604198997855,0.0
2020-10-10,43,,2.8327874132561397,0.0
2025-04-16,43,,2.8326796781906327,0.023255813953488372
2018-01-29,43,,2.832500605513444,0.0
2019-02-20,44,,2.8308402387963865,0.0
2021-12-28,43,,2.829851616005613,0.0
2017-03-04,44,,2.828581772431698,0.0
2023-03-31,43,,2.8272743540206315,0.0
2021-08-14,44,,2.826509088385319,0.0
2016-08-26,44,,2.8264647974917603,0.0
2023-02-23,43,,2.825249863068756,0.0
2016-03-31,42,,2.8243740278475093,0.0
2017-03-11,43,,2.822733061228745,0.0
2021-01-20,44,,2.822657774056547,0.0
2023-02-27,43,,2.8220083410095893,0.023255813953488372
2021-08-04,44,,2.8210996253895146,0.0
2015-12-21,43,,2.820907982111641,0.0
2021-07-24,44,,2.8208142449293687,0.0
2018-09-15,42,,2.819570986885107,0.0
2024-07-03,43,,2.8194970204361014,0.0
2018-07-02,37,,2.8184867321394935,0.0
2021-02-20,43,,2.818043929756296,0.0
2019-01-05,43,,2.8167244573676546,0.0
2025-01-03,43,,2.8160621737911797,0.0
2017-11-04,42,,2.8152870142690216,0.0
2022-07-29,43,,2.8128511387468524,0.0
2017-07-07,44,,2.8126293102696662,0.0
2023-12-27,43,,2.81257886291902,0.0
2020-03-11,43,,2.810931639819411,0.0
2021-01-09,43,,2.810553779010165,0.0
2021-08-15,44,,2.810202674755955,0.0
2020-01-10,43,,2.8099422246636347,0.0
2016-03-30,43,,2.809461021323757,0.0
2019-12-11,43,,2.80941454958771,0.0
2018-07-13,40,,2.8073578155364745,0.0
2017-07-24,43,,2.807195272985812,0.0
2016-10-09,44,,2.8066732630408477,0.0
2020-08-31,43,,2.8064061593120995,0.0
2021-08-03,44,,2.8062287822333802,0.0
2019-02-05,44,,2.805659007050995,0.0
2019-01-11,44,,2.8047411584589192,0.0
2018-12-19,43,,2.8040169398165604,0.0
2016-10-15,44,,2.8038832153865743,0.0
2018-12-08,43,,2.802456161037874,0.0
2016-03-11,43,,2.8022873447583803,0.0
2020-06-14,43,,2.8014303405128245,0.0
2016-08-27,44,,2.800546577731219,0.0
2019-07-26,43,,2.7998878289864058,0.0
2025-12-06,43,,2.7996577658522903,0.0
2022-05-10,43,,2.799410560373727,0.023255813953488372
2017-06-28,44,,2.7982422397869415,0.0
2019-08-19,44,,2.7975381172954377,0.0
2024-09-06,43,,2.7972057822011998,0.0
2022-02-28,43,,2.797033676431954,0.0
2020-04-03,42,,2.7964292172897514,0.0
2017-12-22,42,,2.7959634187540097,0.0
2024-01-29,43,,2.7957286451208745,0.0
2019-08-12,43,,2.793048136950991,0.0
2017-09-07,44,,2.7923915715440537,0.0
2019-08-27,43,,2.7918511991434225,0.0
2019-02-16,43,,2.791000308205997,0.0
2019-09-14,43,,2.790857612682425,0.0
2021-01-24,44,,2.790551030845579,0.0
2018-10-07,43,,2.788946920931301,0.023255813953488372
2023-09-16,43,,2.78796009309552,0.0
2017-03-09,41,,2.787667566992056,0.024390243902439025
2026-06-27,42,,2.7874010300647822,0.0
2016-04-09,44,,2.7872211099174393,0.0
2022-03-15,43,,2.7872131145461982,0.0
2021-11-29,43,,2.7864193206572128,0.0
2025-07-18,43,,2.786400672260448,0.0
2018-11-30,42,,2.7857549098719976,0.047619047619047616
2016-07-21,44,,2.785685631583434,0.0
2017-12-04,42,,2.784265790502835,0.0
2023-01-21,43,,2.7838827019261463,0.0
2022-07-18,43,,2.7830215659301976,0.0
2015-11-05,44,,2.7819200123680963,0.022727272727272728
2017-01-22,44,,2.7807988925591403,0.0
2026-06-30,42,,2.7805584135068955,0.0
2016-01-12,44,,2.78012661594906,0.022727272727272728
2016-02-29,43,,2.780102159849179,0.0
2024-04-05,43,,2.7799312989583864,0.0
2018-07-31,41,,2.779878500331178,0.0
2017-12-08,43,,2.7796256002586257,0.0
2023-07-21,42,,2.779260272160298,0.0
2016-02-10,43,,2.778951249109048,0.0
2024-12-22,43,,2.7788009721577938,0.0
2023-10-05,43,,2.7786560126022315,0.0
2019-08-06,44,,2.778081154212261,0.0
2023-01-25,43,,2.777840544067556,0.0
2020-01-05,43,,2.777808539122856,0.0
2020-07-29,43,,2.777703111760053,0.0
2025-08-07,43,,2.7771753983341934,0.0
2016-02-12,44,,2.776093443890403,0.0
2025-11-24,43,,2.7748743160754024,0.023255813953488372
2016-03-07,42,,2.774230951654799,0.0
2017-05-12,44,,2.7732119498134864,0.0
2018-09-13,43,,2.772931267139463,0.0
2017-09-12,44,,2.7727725086639454,0.0
2018-01-25,43,,2.771371232532019,0.0
2017-05-08,44,,2.771158578158154,0.0
2020-08-19,43,,2.7710758012849532,0.0
2018-08-01,41,,2.7702819393927975,0.024390243902439025
2018-09-20,43,,2.7698843661846246,0.0
2019-01-23,44,,2.768618888634939,0.0
2021-09-04,43,,2.7681194990253717,0.0
2022-07-06,43,,2.768117559900426,0.0
2019-09-06,44,,2.767997281471601,0.0
2025-09-23,43,,2.7676375931033155,0.0
2019-03-08,44,,2.7670391655347393,0.0
2016-09-17,44,,2.766899376373562,0.0
2025-12-02,42,,2.766834928287996,0.0
2024-09-10,43,,2.766734590133099,0.0
2015-10-24,44,,2.766345997574646,0.0
2016-03-05,44,,2.7660076235067366,0.0
2020-03-06,43,,2.765717310409722,0.0
2020-04-19,42,,2.765333749258928,0.0
2022-02-19,42,,2.7649822055329825,0.0
2021-08-18,44,,2.764463663555383,0.045454545454545456
2024-11-18,43,,2.763377020903204,0.0
2023-12-23,43,,2.763149201576133,0.0
2023-12-31,42,New Year's Eve,2.762859114183045,0.023809523809523808
2025-07-21,43,,2.7622343791366295,0.0
2020-10-12,43,Columbus Day,2.7592720520664313,0.0
2020-12-28,43,,2.7577371383616214,0.023255813953488372
2019-06-25,43,,2.7572482105216385,0.0
2025-12-18,43,,2.7571618402205873,0.0
2016-12-04,43,,2.7560687309614234,0.023255813953488372
2021-02-01,44,,2.7558055327518463,0.022727272727272728
2025-10-01,43,,2.7555945604155845,0.0
2019-07-27,44,,2.753414070214302,0.0
2026-02-03,42,,2.752859257115584,0.09523809523809523
2020-02-25,43,,2.752318357927812,0.0
2015-09-22,42,,2.7522333677918027,0.0
2022-06-19,43,Juneteenth,2.7516871286212314,0.0
2025-09-25,43,,2.7508860059599374,0.0
2018-07-25,42,,2.750873594893905,0.0
2021-07-21,44,,2.7507789045848816,0.0
2017-02-22,43,,2.75075997418109,0.0
2018-02-17,42,,2.750704440494113,0.023809523809523808
2024-07-27,43,,2.750672272427467,0.0
2018-09-29,42,,2.749556057244056,0.0
2017-04-10,44,,2.7478783088271337,0.0
2021-07-31,44,,2.747811574184187,0.0
2017-08-04,44,,2.7473926806692215,0.0
2016-02-25,41,,2.7473920575023794,0.0
2019-09-01,44,,2.746498470159019,0.0
2019-08-10,43,,2.7463636932653928,0.023255813953488372
2018-09-25,40,,2.744325559526318,0.0
2016-08-14,44,,2.7441186143775314,0.0
2021-08-26,44,,2.7439624793670787,0.0
2024-12-23,43,,2.7429214700814954,0.0
2017-01-03,44,,2.742324619480489,0.0
2023-08-16,43,,2.74232294787713,0.0
2019-03-21,44,,2.7416659905538348,0.0
2016-01-10,41,,2.7415454354052056,0.024390243902439025
2021-12-23,43,,2.7415259007134907,0.0
2024-08-09,43,,2.741187609487107,0.023255813953488372
2018-07-27,41,,2.740116694463729,0.0
2015-08-04,40,,2.7396693563984087,0.0
2023-07-30,43,,2.738939624825305,0.0
2020-12-15,42,,2.738190268059437,0.0
2016-08-18,42,,2.737013013766867,0.0
2015-10-14,42,,2.7361551240617317,0.0
2017-07-19,43,,2.7356408177552476,0.023255813953488372
2023-02-09,43,,2.7355985689925397,0.0
2016-03-04,44,,2.735040880432541,0.0
2015-10-07,44,,2.735017707908929,0.0
2017-07-30,44,,2.7344800279278703,0.0
2019-02-09,44,,2.7342663536352587,0.0
2021-12-25,43,Christmas Day,2.733813897254773,0.0
2016-12-06,42,,2.7336281567376695,0.0
2020-05-20,43,,2.7334219155216357,0.0
2015-07-31,41,,2.731643871090662,0.024390243902439025
2026-01-22,41,,2.731199531756499,0.0
2022-01-19,43,,2.729328160157136,0.023255813953488372
2017-08-27,44,,2.7287092969117492,0.0
2021-01-12,44,,2.727934820073513,0.0
2018-08-30,41,,2.7277510706077317,0.0
2021-12-17,43,,2.7267413384660832,0.0
2022-08-03,43,,2.7260860272512866,0.0
2015-10-13,42,,2.725612857126475,0.0
2018-03-17,43,,2.725090129958213,0.0
2018-08-08,41,,2.7250170790893207,0.0
2016-12-29,44,,2.723726519231249,0.0
2015-11-29,43,,2.7231350419980136,0.0
2023-09-10,43,,2.7229099938165917,0.0
2021-12-06,43,,2.722843847789715,0.0
2016-07-14,44,,2.721994499424203,0.0
2020-07-16,43,,2.7218183640866145,0.0
2024-02-14,43,,2.7217559046158746,0.0
2015-08-07,41,,2.7212742935064345,0.0
2017-09-09,44,,2.7187615517581207,0.0
2018-12-18,44,,2.7181430711065233,0.0
2017-09-03,44,,2.716957768030073,0.0
2017-06-27,43,,2.716472251019686,0.0
2021-08-30,44,,2.716376392300559,0.0
2024-02-17,43,,2.715854842548418,0.0
2017-03-03,44,,2.715053947645811,0.0
2022-08-10,43,,2.714935292094049,0.0
2023-07-26,43,,2.7144358663898416,0.0
2022-08-27,43,,2.7137624136624297,0.0
2016-12-12,44,,2.713573472690669,0.0
2020-07-24,43,,2.711646244884968,0.0
2021-04-15,44,,2.71138897629885,0.0
2018-12-01,43,,2.710017936115416,0.023255813953488372
2021-08-20,44,,2.709459474224094,0.0
2025-08-15,43,,2.707768947502381,0.0
2025-08-13,43,,2.7067774377063594,0.0
2021-02-18,43,,2.706425720002991,0.0
2019-08-28,43,,2.7062936292233952,0.0
2019-12-26,44,,2.7058710476827255,0.0
2022-07-08,43,,2.704624621182755,0.0
2019-03-22,44,,2.704009300964443,0.0
2022-12-31,42,New Year's Eve,2.703297496579708,0.0
2021-08-02,44,,2.7023958679917817,0.0
2018-08-23,42,,2.7007841241476616,0.0
2017-12-20,43,,2.6996447307939864,0.0
2019-01-28,44,,2.6982882572664733,0.0
2020-05-13,43,,2.6979797924102837,0.0
2023-02-05,43,,2.6972260888227826,0.0
2017-09-11,43,,2.6964423484570896,0.06976744186046512
2015-08-05,40,,2.695169869149515,0.0
2021-08-16,44,,2.6950290809702686,0.0
2020-08-04,43,,2.6937005440297606,0.046511627906976744
2022-09-04,43,,2.6930865984158654,0.0
2017-08-29,44,,2.692720322457326,0.0
2017-12-19,43,,2.691558031775789,0.0
2022-04-14,43,,2.6914207127908396,0.0
2016-05-26,44,,2.690576156677426,0.0
2021-08-06,44,,2.6891657329659227,0.022727272727272728
2021-02-05,44,,2.685719611359456,0.0
2022-11-29,43,,2.685668648647883,0.0
2025-09-10,43,,2.6831542802751986,0.0
2016-08-29,44,,2.6824424502866533,0.022727272727272728
2017-04-27,44,,2.681633011573683,0.0
2022-08-08,43,,2.680413570045128,0.0
2015-08-15,41,,2.6797384783642153,0.0
2022-09-01,43,,2.6783891625811935,0.0
2025-08-02,42,,2.6782973913795187,0.0
2017-08-24,44,,2.677993448129766,0.0
2023-09-11,43,,2.675822212901195,0.0
2024-03-26,43,,2.6746125734698882,0.0
2018-02-09,43,,2.6735169405548573,0.0
2016-10-20,44,,2.6695141811741623,0.0
2018-08-10,42,,2.668444267401271,0.0
2015-12-28,43,,2.667414602151447,0.0
2019-04-04,44,,2.664425065621932,0.0
2022-04-21,43,,2.6643026712556845,0.0
2017-03-02,44,,2.662860096919131,0.0
2025-09-28,43,,2.6626380922049875,0.0
2024-10-04,43,,2.6619120066622743,0.0
2021-08-28,44,,2.660081426356074,0.0
2021-08-05,44,,2.6595329132527876,0.022727272727272728
2017-12-28,43,,2.6576071727227495,0.0
2024-01-31,43,,2.6574603428480765,0.0
2015-12-14,44,,2.655744192631031,0.0
2023-08-06,43,,2.655247989596798,0.0
2022-01-25,43,,2.653993610231227,0.0
2018-03-09,42,,2.652818990466626,0.023809523809523808
2019-12-23,44,,2.652142423802599,0.0
2020-02-08,43,,2.651517970897628,0.0
2017-04-04,44,,2.651477576181226,0.0
2023-12-01,43,,2.651341814658614,0.0
2023-08-27,43,,2.6512852207033197,0.0
2017-08-03,44,,2.6503000854065513,0.0
2020-07-17,43,,2.649878514608135,0.0
2015-07-10,40,,2.6497350741384067,0.0
2024-12-20,43,,2.6487544560131164,0.0
2023-05-02,43,,2.648506482535908,0.023255813953488372
2017-09-15,44,,2.6454072541292017,0.0
2026-02-14,43,,2.644961118150444,0.11627906976744186
2024-03-21,43,,2.644524284473401,0.0
2024-01-10,43,,2.6443023186604537,0.0
2017-02-06,44,,2.6425193234810034,0.0
2025-08-16,43,,2.6420110621873234,0.0
2016-05-25,43,,2.6411914623946333,0.0
2023-12-09,43,,2.6410907010486495,0.0
2017-12-03,43,,2.640709395213632,0.0
2022-08-01,43,,2.639810057353069,0.0
2022-01-21,43,,2.6389127954974323,0.0
2024-08-29,42,,2.638386946165925,0.0
2020-01-09,43,,2.638309314459595,0.0
2019-07-08,44,,2.638224390039746,0.0
2016-01-22,44,,2.6365065943186705,0.0
2015-08-28,44,,2.6362491132754196,0.0
2019-03-29,44,,2.6362436183949485,0.0
2023-08-12,43,,2.635578406815026,0.0
2015-09-02,42,,2.635438567457914,0.0
2018-01-23,43,,2.635247902112753,0.0
2022-11-27,43,,2.6350837664839535,0.0
2023-06-15,43,,2.6333826279019767,0.0
2017-02-15,44,,2.6333496246407577,0.022727272727272728
2022-08-21,43,,2.6313085464926096,0.0
2018-06-22,43,,2.6312648423114244,0.0
2015-07-07,38,,2.6306231790783503,0.0
2017-12-21,42,,2.6305574661508935,0.0
2018-08-29,41,,2.6305014974117533,0.0
2021-02-22,43,,2.62937994449715,0.0
2022-08-30,43,,2.6292548367005772,0.0
2016-06-24,43,,2.6289786277975526,0.0
2019-09-15,43,,2.628484589275031,0.0
2023-12-28,43,,2.625049555767914,0.0
2025-02-17,42,Presidents' Day,2.6243425076614955,0.0
2019-11-27,44,,2.624173592915887,0.0
2022-05-12,43,,2.624037426664596,0.023255813953488372
2018-12-21,44,,2.623675548174217,0.0
2016-02-18,42,,2.622350274833467,0.0
2024-02-06,43,,2.621692203976756,0.0
2022-12-19,43,,2.620243230613585,0.0
2016-12-30,43,,2.620051643080984,0.0
2024-03-28,43,,2.61971814236569,0.0
2016-08-05,44,,2.619023530297306,0.0
2015-08-17,43,,2.6176927408086628,0.0
2024-01-07,43,,2.617147795923841,0.0
2016-11-29,44,,2.6167645416940304,0.0
2021-08-29,44,,2.616687406853036,0.0
2022-01-31,42,,2.616319238875249,0.07142857142857142
2023-01-17,42,,2.6156945011674733,0.047619047619047616
2021-01-28,44,,2.615325507110188,0.0
2020-12-29,43,,2.6150952861687227,0.0
2023-01-10,43,,2.613497222197786,0.0
2025-02-25,43,,2.613385511924006,0.0
2018-09-12,43,,2.6128881478931527,0.0
2024-12-09,42,,2.6120373535151167,0.0
2020-03-04,43,,2.611932758442111,0.0
2019-07-02,44,,2.6110840383874274,0.0
2018-01-12,42,,2.609929724127896,0.023809523809523808
2018-12-29,44,,2.608337338678406,0.0
2016-08-30,44,,2.6082772097164355,0.0
2020-12-21,43,,2.6081555799205236,0.0
2018-12-16,43,,2.607576201420167,0.0
2018-03-03,43,,2.6072508885931844,0.0
2025-01-02,43,,2.6069943200901267,0.0
2016-02-16,42,,2.605982591033209,0.0
2025-12-21,43,,2.6058472795172665,0.0
2017-08-25,44,,2.605592471168394,0.0
2016-12-14,43,,2.6042837606131752,0.0
2020-01-11,43,,2.60350055638741,0.023255813953488372
2017-12-23,43,,2.603253271884043,0.0
2024-08-15,43,,2.6029466404011736,0.0
2017-02-18,44,,2.6025405351827153,0.0
2017-12-17,43,,2.6015926322273573,0.023255813953488372
2026-01-02,43,,2.6006470130489707,0.023255813953488372
2021-09-05,43,,2.600341329987295,0.023255813953488372
2017-01-20,44,,2.600296982279433,0.0
2016-03-24,44,,2.600057373678104,0.0
2023-02-20,43,Presidents' Day,2.5997685504882995,0.0
2021-01-11,43,,2.599380709533299,0.0
2021-09-18,43,,2.59811526751155,0.0
2023-01-12,43,,2.597587341052675,0.0
2016-02-01,43,,2.5951137732206697,0.0
2020-09-04,42,,2.594878365477501,0.0
2023-03-09,43,,2.5942004239373904,0.0
2025-02-02,43,,2.593526342033353,0.0
2021-01-26,44,,2.591368042224701,0.0
2018-02-07,43,,2.591311857928527,0.0
2017-09-18,44,,2.5911221470117987,0.0
2018-07-17,41,,2.5909530449708953,0.0
2023-07-31,43,,2.5907001587327296,0.0
2016-08-09,42,,2.58966054126948,0.0
2018-01-22,42,,2.5882403733654504,0.0
2024-08-11,43,,2.587643463423632,0.0
2017-09-01,44,,2.5858193563040706,0.0
2022-01-14,43,,2.5856813644438867,0.0
2017-11-29,42,,2.5853012413079606,0.0
2018-01-30,43,,2.5837467323164622,0.0
2021-12-20,43,,2.5831807048011446,0.0
2023-08-10,43,,2.5806649184989356,0.0
2018-08-04,42,,2.5803556216156434,0.0
2025-12-05,42,,2.580240242841242,0.0
2017-12-27,43,,2.5796161306366567,0.0
2017-02-01,43,,2.5781190104760743,0.0
2025-01-04,43,,2.5780568136603286,0.0
2022-05-09,43,,2.5764512729046234,0.046511627906976744
2018-03-28,44,,2.575993147761653,0.0
2025-08-17,43,,2.5751611277045328,0.0
2026-04-30,42,,2.5742907136435265,0.0
2017-04-01,44,,2.573733361938277,0.0
2022-08-22,43,,2.571737458312112,0.0
2024-12-26,43,,2.570212672042707,0.0
2025-09-03,43,,2.570114986818581,0.0
2017-09-05,44,,2.569512322679124,0.0
2017-07-25,44,,2.5691271686003603,0.0
2019-12-13,44,,2.5690724052169216,0.0
2020-10-07,43,,2.5688230711290294,0.0
2015-12-15,44,,2.5682587779429342,0.0
2019-05-21,43,,2.5674140550207376,0.0
2021-09-14,43,,2.567145064546151,0.0
2021-02-02,44,,2.5660819080515536,0.0
2019-08-01,44,,2.5660683975455254,0.0
2018-09-17,42,,2.5660451516499267,0.0
2021-02-06,44,,2.5657696096725138,0.0
2023-01-06,43,,2.5655313703758633,0.0
2019-01-16,44,,2.565503817079942,0.0
2022-12-12,43,,2.5650525495916052,0.0
2018-12-10,43,,2.5650239893935054,0.0
2015-10-11,44,,2.563639436153389,0.0
2023-08-05,43,,2.56294164416989,0.0
2016-07-10,44,,2.5629149187884783,0.0
2016-01-09,42,,2.5584513905647723,0.0
2021-08-24,44,,2.5581148956684676,0.022727272727272728
2026-04-28,42,,2.5579526449971297,0.0
2019-12-14,44,,2.555906664833948,0.0
2016-05-01,42,,2.555685585078775,0.0
2016-10-27,44,,2.5549107069321506,0.0
2018-01-15,42,MLK Day,2.554529697787878,0.0
2015-08-26,43,,2.5521109133435083,0.0
2022-07-15,43,,2.5501698642592343,0.0
2015-07-28,41,,2.5493579298468334,0.024390243902439025
2015-07-17,38,,2.5488577131022847,0.0
2023-01-04,43,,2.5482378254583997,0.0
2016-09-11,43,,2.5449402065980786,0.023255813953488372
2021-02-12,44,,2.544479697299072,0.0
2025-08-01,42,,2.5443722128193516,0.0
2015-08-14,43,,2.5435917412861895,0.0
2024-08-19,42,,2.5432851423056735,0.0
2016-09-10,42,,2.5429375352162253,0.0
2017-08-23,44,,2.542248662442401,0.0
2024-08-17,43,,2.5416938626242644,0.0
2021-12-04,43,,2.5399445956672877,0.0
2019-01-12,44,,2.539317981934259,0.0
2023-04-26,43,,2.539277718236211,0.0
2024-08-06,42,,2.53905408905509,0.0
2023-01-31,43,,2.538921125376389,0.0
2018-07-18,41,,2.537737298314986,0.0
2016-10-16,44,,2.537161954869917,0.0
2019-08-11,43,,2.5363807062087096,0.0
2023-01-11,43,,2.5361681613416147,0.0
2015-08-18,43,,2.5345952503045774,0.0
2020-01-20,43,MLK Day,2.534462577457774,0.0
2021-08-10,44,,2.5329547574260878,0.022727272727272728
2016-07-13,44,,2.53287131944839,0.0
2023-01-01,43,New Year's Day,2.5319127908794274,0.0
2018-01-05,43,,2.5312239307310214,0.06976744186046512
2025-08-28,43,,2.5308528431127106,0.0
2025-02-03,43,,2.53039420796626,0.0
2025-01-07,43,,2.5303685409101284,0.0
2020-01-18,43,,2.53007676362718,0.0
2016-12-13,44,,2.529662678236578,0.022727272727272728
2015-09-18,42,,2.5287412330366363,0.0
2020-05-01,43,,2.5285569874762617,0.0
2018-03-06,42,,2.527931929204012,0.0
2017-08-19,44,,2.527530468025767,0.0
2024-01-04,43,,2.5267035769544672,0.0
2018-06-27,42,,2.5259366251192175,0.0
2018-02-14,42,,2.525747714188603,0.0
2015-07-23,41,,2.5252864492563645,0.0
2018-10-03,43,,2.524990154641995,0.0
2017-08-30,44,,2.5247490704071325,0.0
2022-01-24,43,,2.5232472892694595,0.11627906976744186
2019-02-11,44,,2.5228112764395725,0.0
2019-09-05,44,,2.5223592230601737,0.0
2016-12-24,44,Christmas Eve,2.521846412483736,0.0
2022-12-20,43,,2.521724549876627,0.0
2016-07-12,44,,2.5184183542940093,0.0
2016-04-28,44,,2.5180149754736076,0.0
2016-07-18,42,,2.5171653543723584,0.0
2015-09-23,42,,2.5171218317220827,0.0
2024-01-28,43,,2.516951917744897,0.0
2024-01-27,43,,2.515823707300976,0.0
2022-04-28,43,,2.515294639136351,0.0
2017-07-12,44,,2.515056835822692,0.0
2017-12-26,42,,2.513803893284284,0.0
2023-12-04,43,,2.51275269735037,0.0
2018-01-21,42,,2.5121195395662808,0.0
2022-08-02,42,,2.511705060353316,0.0
2016-01-17,43,,2.5102131628713846,0.0
2018-04-20,43,,2.5083338389869665,0.0
2022-08-29,43,,2.5058443943217377,0.0
2024-01-26,43,,2.5058260482045287,0.0
2020-01-31,43,,2.505709491304429,0.0
2025-08-05,42,,2.5042235922390015,0.0
2024-08-20,42,,2.504077862759697,0.0
2016-05-16,42,,2.5033764822353843,0.0
2021-12-14,43,,2.5024267532926556,0.0
2024-12-16,43,,2.50170206968683,0.0
2022-03-01,43,,2.501200451725855,0.0
2021-03-06,42,,2.5010215314105926,0.0
2019-07-24,43,,2.5009684099863856,0.0
2020-01-27,43,,2.4992375373459472,0.0
2023-01-09,43,,2.499184245702222,0.0
2016-04-08,42,,2.4990857924440157,0.0
2016-03-09,42,,2.498256840626376,0.0
2017-08-14,44,,2.497861689350975,0.0
2015-08-02,37,,2.497850461427762,0.0
2025-07-24,42,,2.496454822580568,0.0
2017-01-16,43,MLK Day,2.4953292600934804,0.0
2018-08-31,41,,2.493925380389029,0.0
2020-12-30,43,,2.4937379837765126,0.0
2020-07-09,43,,2.4933439029941726,0.0
2020-01-07,43,,2.4925617850179558,0.0
2018-01-13,42,,2.492157534757942,0.023809523809523808
2018-09-18,43,,2.4915321591660464,0.0
2018-08-06,42,,2.4913255245201946,0.0
2016-04-15,44,,2.490826010267492,0.0
2015-07-29,42,,2.490720650532186,0.0
2019-04-12,43,,2.4899952046394347,0.0
2016-05-24,42,,2.4899687503493286,0.0
2015-08-25,43,,2.4898998690792067,0.0
2023-02-28,43,,2.488974819815601,0.023255813953488372
2019-07-20,44,,2.4873909657223234,0.0
2016-11-03,42,,2.487323495737874,0.0
2024-08-18,43,,2.48596028357103,0.0
2015-07-21,38,,2.4858635341972746,0.0
2020-12-13,43,,2.4857860942820507,0.0
2016-10-26,44,,2.48546728836068,0.0
2016-08-19,43,,2.484724535920367,0.0
2022-08-14,43,,2.484457728241682,0.0
2017-02-16,44,,2.483235710337213,0.0
2022-08-20,43,,2.482398930984124,0.0
2015-08-09,37,,2.4817061440256065,0.0
2019-02-17,44,,2.481483029842389,0.0
2022-08-16,43,,2.4810914313250514,0.0
2016-04-11,43,,2.4792375801677946,0.0
2016-04-27,43,,2.47916913641886,0.0
2020-09-03,42,,2.4790614027281723,0.0
2021-01-22,44,,2.4785006066489976,0.0
2016-02-13,43,,2.4766054542992957,0.0
2017-03-08,43,,2.4765102213778407,0.023255813953488372
2021-07-20,44,,2.475603335961358,0.0
2019-09-03,44,,2.475531945924348,0.0
2017-01-17,42,,2.474835460691188,0.023809523809523808
2019-01-03,44,,2.4743574425825856,0.0
2024-12-10,43,,2.4727459705994677,0.0
2018-03-27,43,,2.4712270942716015,0.0
2019-07-28,44,,2.470688212381349,0.0
2019-01-18,44,,2.4686136437454405,0.0
2018-07-24,41,,2.468420319883313,0.0
2017-08-21,44,,2.4668960675214504,0.0
2020-08-09,43,,2.466662678406796,0.0
2019-07-16,44,,2.4666212487620873,0.0
2022-01-18,43,,2.465671717327139,0.0
2018-08-02,41,,2.4643695223229534,0.0
2015-12-12,44,,2.463285808425851,0.0
2018-07-03,37,,2.4614874956443,0.0
2016-04-29,43,,2.460759736727012,0.0
2018-09-22,42,,2.4603940428095505,0.0
2022-12-15,43,,2.4603552765849037,0.046511627906976744
2023-08-23,43,,2.460126392230986,0.023255813953488372
2018-09-04,42,,2.4576501797682937,0.0
2015-09-10,43,,2.4575478173321597,0.0
2026-01-07,43,,2.4568890185553642,0.0
2020-08-25,43,,2.456813447820817,0.0
2016-01-25,42,,2.4564411072150727,0.14285714285714285
2018-08-18,42,,2.4561034245664226,0.0
2018-01-09,43,,2.454810574741935,0.0
2025-03-11,43,,2.454666525066128,0.0
2015-07-14,39,,2.4545617985996286,0.0
2018-09-10,43,,2.4540988477715,0.0
2017-01-18,44,,2.4540470617466292,0.0
2018-09-08,41,,2.453962085338031,0.0
2018-09-07,42,,2.453374489603319,0.0
2021-12-03,43,,2.453163441368407,0.0
2018-08-12,42,,2.451983356901363,0.0
2019-08-30,44,,2.4516226434112327,0.0
2019-01-27,44,,2.4516176140078847,0.0
2016-05-05,43,,2.449941946161423,0.0
2021-01-31,44,,2.44642750752658,0.0
2018-02-05,43,,2.4453279233572203,0.0
2016-09-21,43,,2.4448822835792137,0.0
2015-07-27,41,,2.4445699994882877,0.0
2020-01-19,43,,2.4443500984262605,0.0
2017-05-17,43,,2.443677598288094,0.046511627906976744
2015-09-11,43,,2.4429198393951457,0.0
2024-01-06,43,,2.4425948623404308,0.0
2021-07-15,44,,2.4423816417049258,0.0
2024-08-12,43,,2.441931044983399,0.0
2022-08-12,42,,2.4411823342966223,0.0
2017-08-20,44,,2.4409137884375065,0.0
2015-12-29,43,,2.440734203747676,0.0
2022-12-13,43,,2.439748776199684,0.0
2016-11-30,44,,2.439268151153753,0.0
2021-02-25,43,,2.4391133584449567,0.023255813953488372
2020-12-17,43,,2.438967630614401,0.0
2017-12-01,43,,2.4387477323114513,0.0
2020-08-20,43,,2.436781541993691,0.0
2018-12-17,44,,2.43663632112521,0.0
2018-08-03,42,,2.436477510901391,0.023809523809523808
2016-01-29,42,,2.4354916061654253,0.0
2021-08-12,44,,2.4352393029152264,0.022727272727272728
2025-07-17,42,,2.4343456613751906,0.0
2022-09-03,43,,2.433911477942326,0.0
2020-02-01,43,,2.433171966996836,0.0
2020-09-06,43,,2.433089612127208,0.0
2022-01-13,43,,2.432887699117495,0.0
2024-12-31,41,New Year's Eve,2.432821062411171,0.0
2016-08-22,42,,2.431182096953675,0.0
2024-12-27,43,,2.430152847846186,0.0
2016-04-26,43,,2.429266656521488,0.0
2018-03-02,43,,2.428905564796401,0.0
2015-07-08,40,,2.428469119610361,0.0
2016-08-10,43,,2.428359471160236,0.0
2020-08-05,43,,2.427836485598723,0.0
2020-07-07,43,,2.427767772570984,0.0
2024-07-22,43,,2.4276656430166863,0.023255813953488372
2015-09-09,43,,2.4265810405689994,0.0
2022-08-04,43,,2.426454293213469,0.0
2020-07-08,43,,2.4259733421753973,0.0
2017-01-06,43,,2.4256050450902995,0.0
2016-05-19,44,,2.425025936497529,0.0
2024-07-23,43,,2.4246029558096445,0.0
2016-09-15,43,,2.4238546166555945,0.0
2019-02-15,44,,2.4233128025388293,0.0
2023-03-10,43,,2.422610354634876,0.0
2023-01-18,43,,2.421414124710659,0.0
2022-12-30,43,,2.420119629482985,0.0
2015-08-23,41,,2.4192703000170765,0.0
2021-03-05,42,,2.4190811916209727,0.0
2015-07-30,42,,2.4173730882071864,0.0
2016-11-01,42,,2.416931766485824,0.0
2015-09-06,41,,2.416802549350276,0.0
2018-09-01,42,,2.4164830209207313,0.0
2022-12-04,42,,2.4159684488485667,0.0
2020-01-17,43,,2.4156312596311005,0.0
2021-08-09,44,,2.4144460388973954,0.022727272727272728
2019-08-22,43,,2.4136490612852226,0.0
2015-11-30,42,,2.412150878573568,0.0
2024-06-18,43,,2.411883573262132,0.023255813953488372
2020-07-01,43,,2.4109906607500666,0.0
2025-07-31,42,,2.4106495341750414,0.047619047619047616
2015-08-27,43,,2.4106053385327413,0.0
2018-08-15,42,,2.4101235245323087,0.023809523809523808
2023-08-25,43,,2.409538104520003,0.023255813953488372
2020-08-23,43,,2.4080004096876313,0.0
2017-05-18,44,,2.407427026836369,0.0
2024-07-26,43,,2.4059142757397027,0.0
2025-11-20,42,,2.4055211922966757,0.0
2023-08-04,43,,2.40536845397657,0.0
2018-02-03,43,,2.405157740612655,0.0
2016-04-17,44,,2.404934639764809,0.0
2019-08-02,44,,2.4035430881750557,0.0
2017-02-03,43,,2.402778533316467,0.0
2016-01-15,43,,2.402226272329784,0.0
2017-08-07,42,,2.401832245296663,0.0
2020-01-14,43,,2.401208133387468,0.0
2024-10-08,43,,2.401155267379064,0.0
2022-01-20,43,,2.400912120237793,0.0
2016-05-17,43,,2.400082954266551,0.023255813953488372
2019-01-07,44,,2.399601262504916,0.0
2025-09-13,43,,2.399287529757958,0.0
2022-01-05,43,,2.3983396931093233,0.0
2021-12-05,43,,2.3982925210934036,0.0
2016-04-16,44,,2.3980790907325567,0.0
2016-02-17,42,,2.3973121485215647,0.0
2015-08-06,41,,2.3958885325651855,0.0
2019-01-19,44,,2.3924073242280945,0.0
2021-02-09,44,,2.3922487531736536,0.0
2019-06-23,44,,2.390821951944932,0.0
2017-08-26,44,,2.3894892961111442,0.0
2018-02-08,43,,2.3891779813006013,0.0
2025-07-26,43,,2.3888839608247068,0.0
2016-07-23,44,,2.387653852497787,0.0
2026-01-08,42,,2.387592408759175,0.0
2016-03-03,42,,2.3869292881967397,0.0
2021-01-06,43,,2.385944177070873,0.0
2015-12-10,44,,2.385881914377328,0.0
2024-12-15,43,,2.3851050707412984,0.0
2024-01-23,43,,2.384188155831095,0.023255813953488372
2017-01-24,44,,2.3829852704871897,0.0
2015-12-27,43,,2.382069462895016,0.0
2017-01-26,44,,2.3820316755151945,0.0
2018-01-16,42,,2.3817255047268944,0.0
2017-02-26,44,,2.3812627056276536,0.0
2021-01-21,44,,2.38087187429652,0.0
2015-08-21,42,,2.3801245404703373,0.0
2017-08-09,42,,2.3785263224548427,0.0
2023-01-19,43,,2.37365262704242,0.0
2015-08-24,43,,2.370513899669904,0.0
2019-12-06,44,,2.370438904729843,0.0
2023-01-05,43,,2.3696361021131516,0.0
2019-06-22,44,,2.368947490984408,0.0
2016-01-23,44,,2.368574775295216,0.0
2016-09-28,44,,2.3670357053189823,0.0
2025-02-18,43,,2.3668908721693662,0.023255813953488372
2022-08-13,43,,2.366546793176614,0.0
2024-01-24,43,,2.366235615794439,0.0
2024-02-15,43,,2.3657159069165203,0.0
2016-07-31,44,,2.3643443945448768,0.0
2022-09-07,43,,2.3640985598140074,0.0
2016-08-15,44,,2.3633688183248602,0.0
2016-07-07,44,,2.3600681104363885,0.0
2022-08-18,43,,2.3592108728907357,0.0
2021-01-18,44,MLK Day,2.358273469125878,0.0
2019-07-30,44,,2.3549949472205616,0.0
2018-08-09,42,,2.3543054244097386,0.0
2016-07-20,43,,2.352577053044635,0.023255813953488372
2017-07-20,44,,2.351694050023218,0.0
2023-12-21,43,,2.3516630567771544,0.0
2015-08-03,40,,2.3505127896561726,0.0
2015-07-26,38,,2.350202881717697,0.0
2018-03-07,42,,2.34887020377514,0.0
2017-03-06,43,,2.3488610360144895,0.0
2015-10-09,44,,2.3481356255690784,0.0
2023-08-24,43,,2.347606260383607,0.0
2023-12-02,43,,2.347314120674777,0.0
2023-04-22,43,,2.346108315298381,0.023255813953488372
2017-12-18,42,,2.344773427308432,0.0
2019-08-31,44,,2.344229093886762,0.0
2017-07-28,44,,2.3407207623810704,0.0
2016-07-09,44,,2.339513596549139,0.0
2018-09-06,43,,2.3384038647753185,0.0
2021-01-08,44,,2.337161811317163,0.0
2020-10-08,43,,2.335984157229727,0.023255813953488372
2020-08-18,43,,2.3345337449137653,0.0
2022-08-11,43,,2.3338590919376943,0.0
2025-02-20,43,,2.3328416815450863,0.0
2024-08-10,43,,2.3328260601358752,0.0
2016-08-25,43,,2.330637540712524,0.0
2025-08-30,43,,2.3299603103142847,0.0
2017-11-30,42,,2.3293602256980517,0.0
2018-01-04,42,,2.3291025367990175,0.11904761904761904
2016-08-02,44,,2.325588241339573,0.0
2024-01-25,43,,2.324890828195426,0.0
2022-07-22,43,,2.3241069273967447,0.0
2024-07-24,43,,2.3240507401257675,0.0
2018-12-20,44,,2.323330608455027,0.0
2017-07-27,43,,2.322027445794277,0.0
2018-01-17,41,,2.3214035607138293,0.0
2024-12-17,43,,2.320935586904076,0.0
2017-08-12,44,,2.3198166005321657,0.0
2015-09-01,42,,2.314962063160049,0.0
2024-08-31,43,,2.314120607124448,0.0
2020-06-16,43,,2.312005446029661,0.0
2015-07-20,39,,2.311488634837822,0.0
2025-09-20,43,,2.311248423275161,0.0
2026-01-05,43,,2.3104024494395996,0.023255813953488372
2022-08-31,43,,2.3099149710814464,0.0
2020-01-06,43,,2.3082370704992172,0.0
2019-02-27,44,,2.308222258551014,0.0
2020-01-03,43,,2.308140127417246,0.0
2018-12-14,44,,2.3078568089699534,0.0
2016-09-09,43,,2.3077946650171013,0.0
2020-06-17,43,,2.3069191942217135,0.0
2020-08-08,43,,2.3060873653391223,0.0
2022-12-11,43,,2.3051776858056567,0.0
2016-01-08,44,,2.303854247513865,0.0
2019-01-13,44,,2.3031221982340484,0.0
2017-08-08,43,,2.301036128932585,0.0
2025-08-19,43,,2.299208435539674,0.0
2016-08-12,44,,2.2969520346313006,0.0
2019-08-18,43,,2.2969155296343526,0.0
2015-10-08,44,,2.2968847550094544,0.0
2017-08-05,44,,2.295030484651563,0.0
2017-08-13,44,,2.2947640207164777,0.022727272727272728
2017-02-04,44,,2.2942898897334523,0.0
2018-08-07,42,,2.2920551109438696,0.0
2020-02-24,43,,2.2896620152759963,0.023255813953488372
2016-01-16,44,,2.2895254182051716,0.0
2016-03-23,44,,2.2894413034881547,0.0
2025-08-03,43,,2.2875153406106854,0.0
2020-12-16,43,,2.2870378715501096,0.0
2016-07-22,44,,2.2847644343150506,0.0
2020-08-06,43,,2.2837212802423386,0.0
2017-01-12,43,,2.2831942376979013,0.0
2019-07-18,44,,2.2800663622317057,0.0
2025-07-19,43,,2.27843091004422,0.0
2022-08-05,42,,2.277729463029142,0.0
2015-08-22,41,,2.273694286266402,0.0
2021-02-08,44,,2.2732113039700796,0.0
2016-10-17,44,,2.270378055200763,0.0
2021-09-08,43,,2.265116868115444,0.0
2016-07-16,44,,2.2640255393360715,0.0
2020-03-02,43,,2.2624780720097175,0.0
2025-08-21,42,,2.261336776363904,0.0
2021-07-16,44,,2.257975514011858,0.0
2016-10-19,44,,2.2545679248209165,0.0
2016-04-07,42,,2.253766421178936,0.0
2021-12-09,42,,2.252800651097523,0.0
2018-07-20,41,,2.2513129068200177,0.0
2016-07-11,44,,2.2511710495533785,0.0
2016-01-18,44,MLK Day,2.2491170415227,0.0
2015-10-12,42,Columbus Day,2.2477894323808423,0.0
2016-10-29,43,,2.246444812487502,0.0
2024-07-29,43,,2.245721312922675,0.0
2018-09-05,42,,2.243724755608362,0.0
2018-02-02,43,,2.2407767838854324,0.0
2021-01-05,43,,2.2403613494661925,0.0
2020-08-28,43,,2.239942753445796,0.0
2022-12-10,43,,2.23903203502232,0.023255813953488372
2025-08-08,43,,2.2385972351707797,0.0
2016-07-08,44,,2.2380827286722482,0.0
2016-07-30,44,,2.2376756431165905,0.0
2016-04-14,43,,2.237270259784718,0.0
2024-12-30,42,,2.2353480613199963,0.0
2016-07-28,44,,2.232691887817084,0.0
2025-01-05,43,,2.2312151783273975,0.0
2015-08-16,39,,2.231214881447446,0.0
2016-08-06,44,,2.228750412379713,0.0
2015-08-08,39,,2.227512904933805,0.0
2016-07-06,44,,2.2237804210859826,0.0
2019-08-20,44,,2.219947522944354,0.0
2024-01-03,43,,2.218963591764169,0.0
2023-08-01,43,,2.2179596221808846,0.0
2024-07-30,43,,2.216927895833119,0.0
2022-08-24,43,,2.216269578815137,0.0
2020-03-03,43,,2.2155045604169064,0.0
2023-07-28,43,,2.214225841362041,0.0
2016-04-13,41,,2.213573201055978,0.0
2018-02-06,43,,2.21302583316457,0.0
2021-12-21,43,,2.211579288512751,0.0
2017-07-13,44,,2.211179587035515,0.0
2025-07-20,43,,2.210886190417499,0.0
2018-08-13,42,,2.210677174026049,0.023809523809523808
2025-08-14,43,,2.2105626882387557,0.0
2016-04-30,44,,2.2098129233843684,0.0
2016-01-20,43,,2.2027246409641483,0.11627906976744186
2016-12-31,43,New Year's Eve,2.2021377434304035,0.023255813953488372
2019-08-29,42,,2.1966021525063275,0.0
2020-08-13,43,,2.1963770471308446,0.0
2017-07-21,44,,2.1918107201834456,0.0
2018-08-19,42,,2.1916713230973706,0.0
2016-07-15,44,,2.191613811650556,0.0
2020-01-24,43,,2.1912615776023445,0.0
2019-09-04,44,,2.186482547447702,0.0
2021-01-15,44,,2.184062025304388,0.0
2016-01-28,43,,2.1826355980712604,0.0
2020-09-02,43,,2.1825697329730827,0.0
2017-01-10,44,,2.1810069898576447,0.045454545454545456
2017-01-11,42,,2.1801055564112324,0.0
2016-10-18,44,,2.177191298150823,0.0
2020-08-14,43,,2.176102140178572,0.0
2021-12-16,43,,2.176095720738097,0.0
2020-08-07,43,,2.1747979921370337,0.0
2023-04-25,43,,2.174297075633874,0.0
2023-08-03,43,,2.1737349571754745,0.0
2024-01-30,43,,2.173005717942673,0.0
2025-07-27,43,,2.1724671817264545,0.0
2015-07-24,40,,2.171501531264754,0.0
2017-01-14,44,,2.171249744176428,0.022727272727272728
2016-08-28,44,,2.1696660193978055,0.0
2015-07-16,38,,2.1692777498015094,0.0
2022-08-28,43,,2.163968138273965,0.0
2020-06-30,43,,2.1635273557168566,0.0
2017-02-19,43,,2.1574401510967913,0.0
2021-07-23,44,,2.1568921904095566,0.045454545454545456
2022-12-05,43,,2.1566698253064005,0.0
2019-06-21,43,,2.15621996426974,0.0
2021-01-07,43,,2.1535231204084595,0.0
2025-12-23,43,,2.1470656251374383,0.0
2024-02-05,43,,2.144686549975365,0.0
2018-01-10,42,,2.143197197449371,0.0
2022-09-02,43,,2.141396565066965,0.0
2018-08-05,42,,2.140630950117772,0.0
2017-02-07,43,,2.1392166387301654,0.0
2023-08-26,43,,2.1384460464495736,0.0
2024-07-28,43,,2.1374417981132683,0.0
2017-08-22,44,,2.1372898476146514,0.0
2016-11-02,42,,2.134879098598578,0.0
2023-08-02,43,,2.1337546614857854,0.0
2026-01-03,43,,2.1306462956816246,0.023255813953488372
2019-01-14,44,,2.1297846496792925,0.0
2016-08-31,43,,2.129642924072417,0.0
2016-08-16,44,,2.128895386995314,0.0
2022-01-17,43,MLK Day,2.1265794117237533,0.0
2016-07-27,44,,2.125543280698669,0.0
2020-01-28,43,,2.1255245822542124,0.0
2020-01-25,43,,2.1225226670314035,0.0
2020-01-23,43,,2.1218585644695716,0.0
2018-01-31,43,,2.1212642356949556,0.0
2018-08-14,42,,2.12111964008018,0.0
2016-10-30,43,,2.114947428996079,0.0
2025-12-22,43,,2.114875391994396,0.0
2018-01-06,43,,2.113929346463747,0.09302325581395349
2022-12-14,43,,2.1136032939943967,0.0
2017-04-25,44,,2.110722426398546,0.0
2020-01-26,43,,2.1103467306364103,0.0
2016-10-31,42,,2.105192743382685,0.0
2023-02-06,43,,2.1019909942211825,0.0
2019-01-10,44,,2.1018034748197305,0.022727272727272728
2016-07-26,44,,2.1010363057504255,0.0
2025-07-30,43,,2.1010355939081764,0.0
2016-08-01,44,,2.100678520332063,0.0
2015-12-23,43,,2.0921616289424043,0.0
2019-09-12,43,,2.091313568912806,0.023255813953488372
2017-03-07,43,,2.0869023464587975,0.0
2022-08-25,43,,2.086863341635961,0.0
2025-08-20,43,,2.0806763656215215,0.0
2015-07-09,40,,2.0776986123022274,0.0
2016-08-23,43,,2.077197355760496,0.0
2015-08-19,40,,2.0719929530871415,0.0
2017-01-05,44,,2.070842598311075,0.0
2019-08-17,43,,2.0708409384773243,0.0
2016-08-17,44,,2.0679771628856516,0.0
2024-12-18,42,,2.067522298279875,0.0
2015-12-13,43,,2.065451929076002,0.0
2017-08-17,44,,2.064034719928644,0.0
2021-08-07,44,,2.061373540031667,0.022727272727272728
2020-08-27,42,,2.0611378421911404,0.0
2020-08-22,43,,2.06107222617524,0.0
2022-01-15,42,,2.058587882165025,0.0
2022-12-07,43,,2.0551839059180854,0.0
2018-08-20,41,,2.0551052660950084,0.0
2016-01-26,44,,2.053805760982944,0.0
2015-08-10,41,,2.0509978656300607,0.0
2018-08-16,41,,2.048484954246809,0.0
2019-01-08,44,,2.048150652161638,0.0
2018-01-11,42,,2.048138308672516,0.023809523809523808
2017-02-27,41,,2.0451606929961788,0.0
2020-08-26,43,,2.0422934426840724,0.0
2019-08-07,44,,2.0391988533592014,0.0
2017-02-02,43,,2.035726691336206,0.0
2017-08-31,44,,2.0348645521182664,0.0
2021-08-13,44,,2.0347567405561193,0.022727272727272728
2016-08-03,44,,2.0345209861796567,0.0
2019-08-16,43,,2.0330358561022646,0.0
2015-08-13,41,,2.030297470878065,0.0
2019-08-15,44,,2.0291566839088517,0.0
2021-07-22,44,,2.027648466557913,0.0
2024-08-16,43,,2.0240236368682223,0.0
2019-01-17,44,,2.0236333673862736,0.0
2019-07-19,44,,2.020077390257695,0.022727272727272728
2018-08-17,42,,2.019668991507416,0.0
2015-08-11,40,,2.0019625532890877,0.0
2017-08-10,44,,2.000399247149476,0.0
2017-08-18,44,,2.000166408168643,0.0
2023-08-08,43,,1.9973638140263115,0.0
2021-12-15,43,,1.9970722534558436,0.0
2022-12-09,43,,1.9945166329596575,0.0
2021-01-17,43,,1.9818574502832549,0.0
2022-08-23,43,,1.980898225612533,0.0
2016-07-19,43,,1.9808353166540775,0.0
2023-07-27,42,,1.9723020712285657,0.0
2020-08-12,43,,1.9680327536320517,0.0
2017-08-11,44,,1.962886080323587,0.0
2015-08-20,42,,1.9624168262753239,0.0
2022-12-06,43,,1.9507653030900785,0.0
2017-08-15,43,,1.950249503564672,0.0
2016-01-21,44,,1.9492945191380704,0.0
2017-01-21,44,,1.9475670154292564,0.0
2017-01-19,44,,1.9407393204360162,0.0
2019-08-08,44,,1.937108507375188,0.0
2020-08-11,43,,1.9369916074076727,0.0
2015-12-11,44,,1.925597562662606,0.0
2018-12-15,43,,1.9224634202166124,0.0
2019-01-15,44,,1.9218062873785233,0.0
2018-03-08,43,,1.921205881512869,0.0
2021-01-16,43,,1.915854918512458,0.0
2016-08-11,44,,1.9126151590232663,0.0
2017-08-16,44,,1.9092750591294927,0.0
2024-12-19,42,,1.9056604855335957,0.0
2017-02-21,44,,1.9030177299143423,0.0
2021-12-07,43,,1.888818537758323,0.0
2022-12-08,43,,1.880873584247102,0.0
2023-08-11,43,,1.8620989777434573,0.0
2016-08-07,44,,1.849707873564312,0.0
2019-08-09,44,,1.8442740799783264,0.0
2015-12-17,44,,1.8387430609459634,0.0
2016-01-27,43,,1.8030332599824241,0.0
2025-07-25,43,,1.797018862280728,0.0
2016-08-08,44,,1.7829311630390685,0.0
2023-08-09,42,,1.7825599399870682,0.0
2024-08-14,43,,1.7716556398680687,0.0
2015-12-22,43,,1.770909299173436,0.0
2018-02-01,43,,1.715941739675472,0.0
2015-08-12,41,,1.6941663555179047,0.0
2015-07-22,38,,1.660517181600076,0.0
2020-01-30,43,,1.6583559391260365,0.0
2020-01-29,43,,1.6552375833130417,0.0
2026-01-06,43,,1.6370704207968798,0.0
2019-01-09,43,,1.6226392110084265,0.0
