ba,date,label,weekday,err_own,err_sat,err_sun,closest,label_base
AEC,2015-09-07,Labor Day,Mon,2.4833981661252924,3.0283548226576325,2.173817866694365,Sunday,Labor Day
AEC,2015-10-12,Columbus Day,Mon,2.4023532210151393,6.138661054424754,4.934544651974399,own weekday,Columbus Day
AEC,2015-11-11,Veterans Day,Wed,8.759758238914277,7.398899948001503,5.621054265879759,Sunday,Veterans Day
AEC,2015-11-26,Thanksgiving,Thu,14.61619260725027,11.358669241994157,11.34585547155188,Sunday,Thanksgiving
AEC,2015-11-27,Day after Thanksgiving,Fri,3.5468551931590397,2.471240565008188,3.491509774335091,Saturday,Day after Thanksgiving
AEC,2015-12-24,Christmas Eve,Thu,7.448928603313701,8.00462662297727,7.880797322100247,own weekday,Christmas Eve
AEC,2015-12-25,Christmas Day,Fri,10.947932855436598,8.120916173720838,8.193884721656758,Saturday,Christmas Day
AEC,2015-12-31,New Year's Eve,Thu,4.637687331984747,5.733216278659387,4.489927791349455,Sunday,New Year's Eve
AEC,2016-01-01,New Year's Day,Fri,11.527433424547533,9.315454559876596,7.670887923062937,Sunday,New Year's Day
AEC,2016-01-18,MLK Day,Mon,8.186823685052168,12.91573369654817,13.824991869834715,own weekday,MLK Day
AEC,2016-02-07,Super Bowl Sunday,Sun,14.68556948374529,9.785222710538607,14.68556948374529,Saturday,Super Bowl Sunday
AEC,2016-02-15,Presidents' Day,Mon,8.251677619899226,7.143843547973539,7.374826599494913,Saturday,Presidents' Day
AEC,2016-05-30,Memorial Day,Mon,10.372153522625611,8.589275753378246,6.617199468228392,Sunday,Memorial Day
AEC,2016-07-04,Independence Day,Mon,6.982022222510952,3.562089265414576,3.1814712922492405,Sunday,Independence Day
AEC,2016-09-05,Labor Day,Mon,3.0458477308665644,2.620580675768481,2.79145838688581,Saturday,Labor Day
AEC,2016-10-10,Columbus Day,Mon,3.9372114659584887,6.065502237961267,5.792420186552857,own weekday,Columbus Day
AEC,2016-11-11,Veterans Day,Fri,15.36441542321044,16.500520758682356,17.254580788312598,own weekday,Veterans Day
AEC,2016-11-24,Thanksgiving,Thu,12.671699426946322,10.320465493859153,10.751605678023639,Saturday,Thanksgiving
AEC,2016-11-25,Day after Thanksgiving,Fri,7.288153098006244,5.916488780032878,6.346046690217226,Saturday,Day after Thanksgiving
AEC,2016-12-24,Christmas Eve,Sat,3.9335471479122064,3.9335471479122064,3.190235453176234,Sunday,Christmas Eve
AEC,2016-12-25,Christmas Day,Sun,6.947439930621171,8.273357201064753,6.947439930621171,Sunday,Christmas Day
AEC,2016-12-26,Christmas Day (observed),Mon,9.703752706065373,12.367469584286365,11.947917013507949,own weekday,Christmas Day
AEC,2016-12-31,New Year's Eve,Sat,6.788739861618389,6.788739861618389,7.003675930955389,Saturday,New Year's Eve
AEC,2017-01-01,New Year's Day,Sun,4.063148723888423,4.889855803977832,4.063148723888423,Sunday,New Year's Day
AEC,2017-01-02,New Year's Day (observed),Mon,9.883019558010396,11.578363664255276,14.164284253302714,own weekday,New Year's Day
AEC,2017-01-16,MLK Day,Mon,8.712145900724634,8.420714126406054,12.403202461031347,Saturday,MLK Day
AEC,2017-02-05,Super Bowl Sunday,Sun,8.383628649815615,11.705670502320316,8.383628649815615,Sunday,Super Bowl Sunday
AEC,2017-02-20,Presidents' Day,Mon,11.306777719580117,12.267979400981055,7.32961806130138,Sunday,Presidents' Day
AEC,2017-05-29,Memorial Day,Mon,7.768248599065183,4.559184263418775,5.5335387065047374,Saturday,Memorial Day
AEC,2017-07-04,Independence Day,Tue,9.60021821244298,5.185734792319094,4.357904993943277,Sunday,Independence Day
AEC,2017-09-04,Labor Day,Mon,6.592566244261229,4.211504072040446,3.2819120758766527,Sunday,Labor Day
AEC,2017-10-09,Columbus Day,Mon,2.176450682196131,5.716204019712063,4.519800426573798,own weekday,Columbus Day
AEC,2017-11-10,Veterans Day (observed),Fri,16.56509661047283,16.644594339399955,15.883510374948054,Sunday,Veterans Day
AEC,2017-11-11,Veterans Day,Sat,17.382202598103078,17.382202598103078,16.733182433403467,Sunday,Veterans Day
AEC,2017-11-23,Thanksgiving,Thu,17.43292765871206,20.634171617646977,17.725283041619463,own weekday,Thanksgiving
AEC,2017-11-24,Day after Thanksgiving,Fri,17.541584726964796,20.560481174942787,17.299537399909195,Sunday,Day after Thanksgiving
AEC,2017-12-24,Christmas Eve,Sun,5.300024323823765,7.337950817914941,5.300024323823765,Sunday,Christmas Eve
AEC,2017-12-25,Christmas Day,Mon,8.325934190134454,10.254369603993592,8.730365924010712,own weekday,Christmas Day
AEC,2017-12-31,New Year's Eve,Sun,8.643016268372676,15.24656356134552,8.643016268372676,Sunday,New Year's Eve
AEC,2018-01-01,New Year's Day,Mon,6.278043224287187,4.378709786258644,3.6389280580530197,Sunday,New Year's Day
AEC,2018-01-15,MLK Day,Mon,13.197753461368688,12.488121666238667,7.22681289596472,Sunday,MLK Day
AEC,2018-02-04,Super Bowl Sunday,Sun,10.949351878553156,9.895062039696988,10.949351878553156,Saturday,Super Bowl Sunday
AEC,2018-02-19,Presidents' Day,Mon,16.453262723617197,22.271717354629228,16.570062554306993,own weekday,Presidents' Day
AEC,2018-05-28,Memorial Day,Mon,7.178038727921308,2.483854755339252,4.381601366725587,Saturday,Memorial Day
AEC,2018-07-04,Independence Day,Wed,3.9955987349469395,3.2234540301114016,2.2708131518592722,Sunday,Independence Day
AEC,2018-09-03,Labor Day,Mon,2.9365640827675583,2.4541725795694487,2.4226544081554073,Sunday,Labor Day
AEC,2018-10-08,Columbus Day,Mon,1.913391766368188,3.6694791478432367,3.961632870111801,own weekday,Columbus Day
AEC,2018-11-11,Veterans Day,Sun,23.764879935561133,24.567099785462744,23.764879935561133,Sunday,Veterans Day
AEC,2018-11-12,Veterans Day (observed),Mon,8.704465187719553,10.426707911168604,9.733883764764089,own weekday,Veterans Day
AEC,2018-11-22,Thanksgiving,Thu,23.51602568803737,26.87599459546971,22.05305281829808,Sunday,Thanksgiving
AEC,2018-11-23,Day after Thanksgiving,Fri,16.013005080540037,17.85250466834045,12.997598398782875,Sunday,Day after Thanksgiving
AEC,2018-12-24,Christmas Eve,Mon,8.12542264744107,7.217778973580155,6.467950821678626,Sunday,Christmas Eve
AEC,2018-12-25,Christmas Day,Tue,18.421334922428642,16.375704120418625,16.096981062403252,Sunday,Christmas Day
AEC,2019-01-01,New Year's Day,Tue,13.28169289443442,8.158824378268328,9.434849546773604,Saturday,New Year's Day
AEC,2019-01-21,MLK Day,Mon,20.403424480709766,19.58309680550515,21.122889478194175,Saturday,MLK Day
AEC,2019-02-03,Super Bowl Sunday,Sun,2.90991180969537,7.194772561529263,2.90991180969537,Sunday,Super Bowl Sunday
AEC,2019-02-18,Presidents' Day,Mon,12.120969629194843,17.440447953020264,8.534939038014775,Sunday,Presidents' Day
AEC,2019-05-27,Memorial Day,Mon,10.624481161493451,8.660262316265968,6.801077558349977,Sunday,Memorial Day
AEC,2019-07-04,Independence Day,Thu,3.765355909288353,3.5855753939744237,2.0290565660097664,Sunday,Independence Day
AEC,2019-09-02,Labor Day,Mon,3.24392068411423,4.031691743033732,2.9549956321206046,Sunday,Labor Day
AEC,2019-10-14,Columbus Day,Mon,4.3348223576613,5.479217792418135,4.171993016367592,Sunday,Columbus Day
AEC,2019-11-11,Veterans Day,Mon,21.01060346147488,15.408165222051897,17.64475755741067,Saturday,Veterans Day
AEC,2019-11-28,Thanksgiving,Thu,8.460357762318042,8.586619761376411,9.02052103332097,own weekday,Thanksgiving
AEC,2019-11-29,Day after Thanksgiving,Fri,7.0226883197857335,8.832136953575148,7.599338014454599,own weekday,Day after Thanksgiving
AEC,2019-12-24,Christmas Eve,Tue,7.419137297426044,3.084413711186849,4.919212300258146,Saturday,Christmas Eve
AEC,2019-12-25,Christmas Day,Wed,6.685314798405504,3.9627000920413753,4.705444169976288,Saturday,Christmas Day
AEC,2019-12-31,New Year's Eve,Tue,11.877599125729093,9.120851994387207,8.207670089739349,Sunday,New Year's Eve
AEC,2020-01-01,New Year's Day,Wed,9.134531918070406,14.09986320301674,13.159016026322037,own weekday,New Year's Day
AEC,2020-01-20,MLK Day,Mon,9.228843381560797,9.693879614280839,11.083228867486755,own weekday,MLK Day
AEC,2020-02-02,Super Bowl Sunday,Sun,20.585202937238478,20.127233447993028,20.585202937238478,Saturday,Super Bowl Sunday
AEC,2020-02-17,Presidents' Day,Mon,2.622735353183887,2.9012721778212454,3.4042945858061904,own weekday,Presidents' Day
AEC,2020-05-25,Memorial Day,Mon,6.995292280512615,5.92804127590204,5.277796273230287,Sunday,Memorial Day
AEC,2020-07-03,Independence Day (observed),Fri,5.0892909895852805,5.567567195738158,5.1296927135238155,own weekday,Independence Day
AEC,2020-07-04,Independence Day,Sat,3.528147183018053,3.528147183018053,3.7142955107946594,Saturday,Independence Day
AEC,2020-09-07,Labor Day,Mon,3.5963308457754173,5.536520748482788,3.5994024347391442,own weekday,Labor Day
AEC,2020-10-12,Columbus Day,Mon,5.233400485377483,5.875057190504637,5.99530072143268,own weekday,Columbus Day
AEC,2020-11-11,Veterans Day,Wed,3.8938566998776603,4.503234588641888,3.2167957063652155,Sunday,Veterans Day
AEC,2020-11-26,Thanksgiving,Thu,9.660991234598837,9.081146085626134,9.85468759658765,Saturday,Thanksgiving
AEC,2020-11-27,Day after Thanksgiving,Fri,3.8384315537064015,3.619615737306344,2.5897337221650414,Sunday,Day after Thanksgiving
AEC,2020-12-24,Christmas Eve,Thu,23.373774250656677,20.024016445421964,15.344005081145475,Sunday,Christmas Eve
AEC,2020-12-25,Christmas Day,Fri,12.4886438727718,17.169186999708984,22.080747413751663,own weekday,Christmas Day
AEC,2020-12-31,New Year's Eve,Thu,9.104510936253694,2.011903575627644,4.483375965751029,Saturday,New Year's Eve
AEC,2021-01-01,New Year's Day,Fri,9.152662413377097,4.270118444411628,4.274753624998561,Saturday,New Year's Day
AEC,2021-01-18,MLK Day,Mon,15.707719153194114,9.238102881907295,11.744677815162333,Saturday,MLK Day
AEC,2021-02-07,Super Bowl Sunday,Sun,5.700018936257637,4.817164548005997,5.700018936257637,Saturday,Super Bowl Sunday
AEC,2021-02-15,Presidents' Day,Mon,8.060399152206436,4.917237309789623,10.244514062349271,Saturday,Presidents' Day
AEC,2021-05-31,Memorial Day,Mon,12.158359724083482,11.78002759209435,9.302129311730619,Sunday,Memorial Day
AEC,2021-06-18,Juneteenth (observed),Fri,5.061036900545348,5.685433413206392,8.468056834321048,own weekday,Juneteenth
AEC,2021-06-19,Juneteenth,Sat,6.542979951657135,6.542979951657135,9.305126332498217,Saturday,Juneteenth
AEC,2021-07-04,Independence Day,Sun,3.5236225358025086,2.6221879065827483,3.5236225358025086,Saturday,Independence Day
AEC,2021-07-05,Independence Day (observed),Mon,5.325415520776841,5.246378419287198,6.181801357625848,Saturday,Independence Day
AECI,2015-09-07,Labor Day,Mon,4.237184170572206,3.5070935273656816,4.846774282570346,Saturday,Labor Day
AECI,2015-10-12,Columbus Day,Mon,4.759027116879555,3.7041074843435684,4.021558730931747,Saturday,Columbus Day
AECI,2015-11-11,Veterans Day,Wed,5.209722984610733,4.179297567140083,3.849853812273405,Sunday,Veterans Day
AECI,2015-11-26,Thanksgiving,Thu,8.591069449431323,4.818322046803765,5.2151320760527256,Saturday,Thanksgiving
AECI,2015-11-27,Day after Thanksgiving,Fri,11.695928155355467,10.5792511373377,12.939310810640956,Saturday,Day after Thanksgiving
AECI,2015-12-24,Christmas Eve,Thu,6.326521798567521,2.840383576015319,3.2258400853199456,Saturday,Christmas Eve
AECI,2015-12-25,Christmas Day,Fri,4.574038644084838,3.789858693715647,4.265157100932656,Saturday,Christmas Day
AECI,2015-12-31,New Year's Eve,Thu,3.4368725486192084,3.256144682521643,2.796900144325438,Sunday,New Year's Eve
AECI,2016-01-01,New Year's Day,Fri,3.137132637636806,6.024488886869036,5.49799546007184,own weekday,New Year's Day
AECI,2016-01-18,MLK Day,Mon,6.517398171331239,6.604268950914495,7.228441306693058,own weekday,MLK Day
AECI,2016-02-07,Super Bowl Sunday,Sun,4.467698384984084,1.9513177135362259,4.467698384984084,Saturday,Super Bowl Sunday
AECI,2016-02-15,Presidents' Day,Mon,7.3259857781253945,2.689822721035561,4.9623238768948585,Saturday,Presidents' Day
AECI,2016-05-30,Memorial Day,Mon,11.805003032470097,12.239854605286009,9.738284990783715,Sunday,Memorial Day
AECI,2016-07-04,Independence Day,Mon,4.250933013102019,2.6253698252869855,2.6809691897047383,Saturday,Independence Day
AECI,2016-09-05,Labor Day,Mon,7.918542387965107,7.061314273455189,6.198956049714465,Sunday,Labor Day
AECI,2016-10-10,Columbus Day,Mon,11.865715134449733,9.231530082554906,12.481933921147276,Saturday,Columbus Day
AECI,2016-11-11,Veterans Day,Fri,7.618787690868757,10.101360863237066,12.292399944095122,own weekday,Veterans Day
AECI,2016-11-24,Thanksgiving,Thu,10.710295751709127,8.808688537585317,11.507496688506745,Saturday,Thanksgiving
AECI,2016-11-25,Day after Thanksgiving,Fri,6.509078364585415,5.250164170163255,6.911488955649861,Saturday,Day after Thanksgiving
AECI,2016-12-24,Christmas Eve,Sat,4.653144286118016,4.653144286118016,3.2593887482548927,Sunday,Christmas Eve
AECI,2016-12-25,Christmas Day,Sun,4.777828817004737,5.968496301832279,4.777828817004737,Sunday,Christmas Day
AECI,2016-12-26,Christmas Day (observed),Mon,12.41076025074924,8.993043215395968,9.78880360815856,Saturday,Christmas Day
AECI,2016-12-31,New Year's Eve,Sat,4.173392543624379,4.173392543624379,4.129916960098897,Sunday,New Year's Eve
AECI,2017-01-01,New Year's Day,Sun,5.284999431176623,5.016367154184694,5.284999431176623,Saturday,New Year's Day
AECI,2017-01-02,New Year's Day (observed),Mon,6.605138853094385,5.440038020216952,4.457356820050213,Sunday,New Year's Day
AECI,2017-01-16,MLK Day,Mon,4.6985435325900955,1.919765129776645,3.0962163060553998,Saturday,MLK Day
AECI,2017-02-05,Super Bowl Sunday,Sun,12.333060091198805,9.322816084237557,12.333060091198805,Saturday,Super Bowl Sunday
AECI,2017-02-20,Presidents' Day,Mon,12.17362078352211,8.046635785917095,6.331785341652164,Sunday,Presidents' Day
AECI,2017-05-29,Memorial Day,Mon,13.364868723172002,11.593962354735083,11.508463798525332,Sunday,Memorial Day
AECI,2017-07-04,Independence Day,Tue,5.671969219044285,2.87092439542891,3.230705253627295,Saturday,Independence Day
AECI,2017-09-04,Labor Day,Mon,5.5530472375791815,6.301265547224238,5.611174025676061,own weekday,Labor Day
AECI,2017-10-09,Columbus Day,Mon,1.467095091632597,3.949895829201088,4.25779706537365,own weekday,Columbus Day
AECI,2017-11-10,Veterans Day (observed),Fri,15.523214224353305,15.243835845053042,14.888474625387637,Sunday,Veterans Day
AECI,2017-11-11,Veterans Day,Sat,17.625594997504926,17.625594997504926,16.87968187403449,Sunday,Veterans Day
AECI,2017-11-23,Thanksgiving,Thu,17.875666973196882,23.868275167817966,21.327728374819756,own weekday,Thanksgiving
AECI,2017-11-24,Day after Thanksgiving,Fri,14.103052288386877,17.086083447568416,14.487809546090219,own weekday,Day after Thanksgiving
AECI,2017-12-24,Christmas Eve,Sun,7.355628435485769,4.0580068587316696,7.355628435485769,Saturday,Christmas Eve
AECI,2017-12-25,Christmas Day,Mon,5.811714098393279,5.872550079347833,4.847968522469448,Sunday,Christmas Day
AECI,2017-12-31,New Year's Eve,Sun,2.92649313016796,1.8156256745130268,2.92649313016796,Saturday,New Year's Eve
AECI,2018-01-01,New Year's Day,Mon,5.658225169588276,5.480534571055071,4.218997103342401,Sunday,New Year's Day
AECI,2018-01-15,MLK Day,Mon,10.532557532260517,11.385767977796306,10.80287877979178,own weekday,MLK Day
AECI,2018-02-04,Super Bowl Sunday,Sun,12.49713866778249,14.706552876161313,12.49713866778249,Sunday,Super Bowl Sunday
AECI,2018-02-19,Presidents' Day,Mon,5.832842976077606,7.261903815541712,5.5275203690240975,Sunday,Presidents' Day
AECI,2018-05-28,Memorial Day,Mon,21.405363255296916,13.506937288138596,13.616326443979215,Saturday,Memorial Day
AECI,2018-07-04,Independence Day,Wed,5.095357776489658,2.378761645383552,2.0623706842861456,Sunday,Independence Day
AECI,2018-09-03,Labor Day,Mon,2.4777696231096975,2.084380903647515,2.613473590318631,Saturday,Labor Day
AECI,2018-10-08,Columbus Day,Mon,1.7624230417476467,2.566034095994163,2.947964775379816,own weekday,Columbus Day
AECI,2018-11-11,Veterans Day,Sun,13.443508253734398,6.838622560076435,13.443508253734398,Saturday,Veterans Day
AECI,2018-11-12,Veterans Day (observed),Mon,6.022888828901678,8.093741419839166,4.769603789791014,Sunday,Veterans Day
AECI,2018-11-22,Thanksgiving,Thu,13.424597812169784,9.31940310364721,15.503478878761465,Saturday,Thanksgiving
AECI,2018-11-23,Day after Thanksgiving,Fri,2.893520623805203,3.611064152567436,3.296498489801486,own weekday,Day after Thanksgiving
AECI,2018-12-24,Christmas Eve,Mon,6.069562505282466,3.8856512596581982,10.61705144921229,Saturday,Christmas Eve
AECI,2018-12-25,Christmas Day,Tue,3.6409112296934514,1.8570782424798975,8.56655562615347,Saturday,Christmas Day
AECI,2018-12-31,New Year's Eve,Mon,4.882787600080793,6.0564701191222206,5.510884580013928,own weekday,New Year's Eve
AECI,2019-01-01,New Year's Day,Tue,10.15214481156737,9.416024617773113,8.439757370879736,Sunday,New Year's Day
AECI,2019-01-21,MLK Day,Mon,3.177889894187347,2.9195218384232264,2.513600564003806,Sunday,MLK Day
AECI,2019-02-03,Super Bowl Sunday,Sun,2.874390590731101,2.995290639655134,2.874390590731101,Sunday,Super Bowl Sunday
AECI,2019-02-18,Presidents' Day,Mon,5.835181067124641,3.243687394927545,2.997845473119501,Sunday,Presidents' Day
AECI,2019-05-27,Memorial Day,Mon,12.40154309843075,14.59394319707044,12.565839810697144,own weekday,Memorial Day
AECI,2019-07-04,Independence Day,Thu,7.597920106152116,4.1359948106237265,5.591800642152794,Saturday,Independence Day
AECI,2019-09-02,Labor Day,Mon,6.7736325684626495,5.951942233886572,7.030101319794496,Saturday,Labor Day
AECI,2019-10-14,Columbus Day,Mon,16.328791135728473,11.772500448646694,14.155111327738265,Saturday,Columbus Day
AECI,2019-11-11,Veterans Day,Mon,11.93883597480216,18.116149431859448,18.49922022741608,own weekday,Veterans Day
AECI,2019-11-28,Thanksgiving,Thu,6.324395012852537,4.112598276366206,4.399638835210532,Saturday,Thanksgiving
AECI,2019-11-29,Day after Thanksgiving,Fri,4.316201532917308,5.309750146602809,5.234299214870541,own weekday,Day after Thanksgiving
AECI,2019-12-24,Christmas Eve,Tue,5.06019816916643,3.626894094041882,4.2083011454635475,Saturday,Christmas Eve
AECI,2019-12-25,Christmas Day,Wed,4.35628240301521,4.228731387828838,4.527119681550159,Saturday,Christmas Day
AECI,2019-12-31,New Year's Eve,Tue,2.917711282643781,2.3049620960971935,4.0281604901067585,Saturday,New Year's Eve
AECI,2020-01-01,New Year's Day,Wed,2.8474067704662933,3.6943959992157738,4.500568235530445,own weekday,New Year's Day
AECI,2020-01-20,MLK Day,Mon,1.8781381689728607,2.7313061984173057,1.842812178723666,Sunday,MLK Day
AECI,2020-02-02,Super Bowl Sunday,Sun,6.962095976916263,9.55995673103792,6.962095976916263,Sunday,Super Bowl Sunday
AECI,2020-02-17,Presidents' Day,Mon,4.27983167967122,4.507715184901397,4.134159859322913,Sunday,Presidents' Day
AECI,2020-05-25,Memorial Day,Mon,13.277098437281126,11.589495027234225,12.12383354261936,Saturday,Memorial Day
AECI,2020-07-03,Independence Day (observed),Fri,7.037017843168386,5.5363249383380175,2.6769718331379586,Sunday,Independence Day
AECI,2020-07-04,Independence Day,Sat,4.911850497471418,4.911850497471418,3.4194744235053443,Sunday,Independence Day
AECI,2020-09-07,Labor Day,Mon,3.416036705803348,2.252385778721975,2.5889662697058005,Saturday,Labor Day
AECI,2020-10-12,Columbus Day,Mon,5.77400344984906,7.385557128433609,10.140176227493226,own weekday,Columbus Day
AECI,2020-11-11,Veterans Day,Wed,12.052838149375551,6.986327333057794,10.338541479358293,Saturday,Veterans Day
AECI,2020-11-26,Thanksgiving,Thu,11.859578863065908,8.545519399876484,13.008778942504525,Saturday,Thanksgiving
AECI,2020-11-27,Day after Thanksgiving,Fri,5.118711630738161,6.1311217303093635,7.3609905525318915,own weekday,Day after Thanksgiving
AECI,2020-12-24,Christmas Eve,Thu,3.3614193790749014,2.7834325947077314,3.9552453957943987,Saturday,Christmas Eve
AECI,2020-12-25,Christmas Day,Fri,6.492290952576994,7.884689441152511,12.63999567372216,own weekday,Christmas Day
AECI,2020-12-31,New Year's Eve,Thu,4.682325241413479,2.473659677888264,3.973563878397849,Saturday,New Year's Eve
AECI,2021-01-01,New Year's Day,Fri,5.105185882321931,3.9360538656825934,5.4947259218626465,Saturday,New Year's Day
AECI,2021-01-18,MLK Day,Mon,4.448800651902641,4.108172178445172,3.714378355411186,Sunday,MLK Day
AECI,2021-02-07,Super Bowl Sunday,Sun,3.95521298136478,2.7667031313000856,3.95521298136478,Saturday,Super Bowl Sunday
AECI,2021-02-15,Presidents' Day,Mon,3.148282966048192,1.3576375640703944,1.996726610669539,Saturday,Presidents' Day
AECI,2021-05-31,Memorial Day,Mon,3.6782511387417447,2.956307017774287,4.087103420593639,Saturday,Memorial Day
AECI,2021-06-18,Juneteenth (observed),Fri,11.904530369527444,10.131127265770019,8.61602617780951,Sunday,Juneteenth
AECI,2021-06-19,Juneteenth,Sat,8.72906060070479,8.72906060070479,7.49152194775478,Sunday,Juneteenth
AECI,2021-07-04,Independence Day,Sun,5.783370201050192,7.310090482384261,5.783370201050192,Sunday,Independence Day
AECI,2021-07-05,Independence Day (observed),Mon,8.92443862116031,9.55216361810938,7.129309843578821,Sunday,Independence Day
AECI,2021-09-06,Labor Day,Mon,3.748905581938058,5.264236993567228,5.2612385702648785,own weekday,Labor Day
AECI,2021-10-11,Columbus Day,Mon,13.978130341307363,10.626883083824259,12.108615104903473,Saturday,Columbus Day
AECI,2021-11-11,Veterans Day,Thu,6.361418979062856,7.202427975269774,8.917243695541533,own weekday,Veterans Day
AECI,2021-11-25,Thanksgiving,Thu,7.370001146364526,8.87067564390396,6.879236351919454,Sunday,Thanksgiving
AECI,2021-11-26,Day after Thanksgiving,Fri,11.971467312174278,8.878586900514462,12.20729684606474,Saturday,Day after Thanksgiving
AECI,2021-12-24,Christmas Eve,Fri,2.6564636114247655,2.7693740706719874,3.662294057543548,own weekday,Christmas Eve
AECI,2021-12-25,Christmas Day,Sat,8.553346577555489,8.553346577555489,7.575372249568408,Sunday,Christmas Day
AECI,2021-12-31,New Year's Day (observed),Fri,2.75904374109241,3.6825960291158135,3.607907292723426,own weekday,New Year's Day
AECI,2022-01-01,New Year's Day,Sat,22.445165292814462,22.445165292814462,20.61313195413166,Sunday,New Year's Day
AECI,2022-01-17,MLK Day,Mon,2.0797198699620214,9.145016792755518,4.873416050650736,own weekday,MLK Day
AECI,2022-02-13,Super Bowl Sunday,Sun,5.642802673144608,3.574661819671326,5.642802673144608,Saturday,Super Bowl Sunday
AECI,2022-02-21,Presidents' Day,Mon,6.491001831557071,5.615618834758935,5.3889700043028395,Sunday,Presidents' Day
AECI,2022-05-30,Memorial Day,Mon,11.643457325201094,11.427848137704487,9.825739839429222,Sunday,Memorial Day
AECI,2022-06-19,Juneteenth,Sun,8.01824076953051,4.30796196875367,8.01824076953051,Saturday,Juneteenth
AECI,2022-06-20,Juneteenth (observed),Mon,8.257478536290035,9.104445566521994,10.806535233199005,own weekday,Juneteenth
AECI,2022-07-04,Independence Day,Mon,5.51153662682691,3.2848483671367945,4.202503473510958,Saturday,Independence Day
AECI,2022-09-05,Labor Day,Mon,4.305788388309038,4.4181406166675865,2.334364190624134,Sunday,Labor Day
AECI,2022-10-10,Columbus Day,Mon,6.659587262347418,9.104915042986413,7.5823526869483615,own weekday,Columbus Day
AECI,2022-11-11,Veterans Day,Fri,7.588723480141119,6.547965442413263,7.32576850338868,Saturday,Veterans Day
AECI,2022-11-24,Thanksgiving,Thu,5.651929090698406,3.930035673065344,5.124611339393225,Saturday,Thanksgiving
AECI,2022-11-25,Day after Thanksgiving,Fri,5.725626857019135,5.641310992354992,6.6556355166980925,Saturday,Day after Thanksgiving
AECI,2022-12-24,Christmas Eve,Sat,7.984496505174872,7.984496505174872,6.306397912130432,Sunday,Christmas Eve
AECI,2022-12-25,Christmas Day,Sun,7.654913709161805,9.774926482243405,7.654913709161805,Sunday,Christmas Day
AECI,2022-12-26,Christmas Day (observed),Mon,6.648355187735143,4.523630294052569,7.210307204258533,Saturday,Christmas Day
AECI,2022-12-31,New Year's Eve,Sat,7.037171770871089,7.037171770871089,4.383412451432681,Sunday,New Year's Eve
AECI,2023-01-01,New Year's Day,Sun,1.8785304398876732,3.3907563665156077,1.8785304398876732,Sunday,New Year's Day
AECI,2023-01-02,New Year's Day (observed),Mon,6.016080407957655,4.137823213382228,7.877184761989052,Saturday,New Year's Day
AECI,2023-01-16,MLK Day,Mon,3.932094554582139,1.0162891774879486,1.530109105273806,Saturday,MLK Day
AECI,2023-02-12,Super Bowl Sunday,Sun,10.846828013832372,7.138276635986723,10.846828013832372,Saturday,Super Bowl Sunday
AECI,2023-02-20,Presidents' Day,Mon,2.95240807651327,4.81070757164718,2.7193923165344835,Sunday,Presidents' Day
AECI,2023-05-29,Memorial Day,Mon,17.556745526383647,13.374507638107413,12.576472580468149,Sunday,Memorial Day
AECI,2023-06-19,Juneteenth,Mon,12.633435862289824,8.757147773630834,8.533588932994592,Sunday,Juneteenth
AECI,2023-07-04,Independence Day,Tue,7.181477807302304,7.323446477472433,7.56903275600454,own weekday,Independence Day
AECI,2023-09-04,Labor Day,Mon,5.886591796636279,5.336424660398122,6.5785756257643255,Saturday,Labor Day
AECI,2023-10-09,Columbus Day,Mon,10.735103327966485,10.211368457273984,11.248469637702563,Saturday,Columbus Day
AECI,2023-11-10,Veterans Day (observed),Fri,11.018858056626923,12.35348447694109,12.705043854530393,own weekday,Veterans Day
AECI,2023-11-11,Veterans Day,Sat,13.239326408238819,13.239326408238819,13.906403050434758,Saturday,Veterans Day
AECI,2023-11-23,Thanksgiving,Thu,17.330647356791726,13.62660481403227,14.542898976840924,Saturday,Thanksgiving
AECI,2023-11-24,Day after Thanksgiving,Fri,6.527350968305067,5.926483924465434,6.331839902860483,Saturday,Day after Thanksgiving
AECI,2023-12-24,Christmas Eve,Sun,5.968969327256687,2.111214477843102,5.968969327256687,Saturday,Christmas Eve
AECI,2023-12-25,Christmas Day,Mon,11.533178362714649,8.638049943033863,13.271267854397797,Saturday,Christmas Day
AECI,2023-12-31,New Year's Eve,Sun,5.668684552891955,2.564607570741397,5.668684552891955,Saturday,New Year's Eve
AECI,2024-01-01,New Year's Day,Mon,4.770346353915175,3.1573085329033774,5.074972115202912,Saturday,New Year's Day
AECI,2024-01-15,MLK Day,Mon,5.47972141671915,5.184897375299079,4.01751485384527,Sunday,MLK Day
AECI,2024-02-11,Super Bowl Sunday,Sun,2.7091970650430492,2.456915312792442,2.7091970650430492,Saturday,Super Bowl Sunday
AECI,2024-02-19,Presidents' Day,Mon,9.220845065905433,11.381420241247845,9.708389911146059,own weekday,Presidents' Day
AECI,2024-05-27,Memorial Day,Mon,11.93291830446504,13.02634161796419,11.270688578604053,Sunday,Memorial Day
AECI,2024-06-19,Juneteenth,Wed,6.859385437311773,2.012576143236422,3.9008198351079812,Saturday,Juneteenth
AECI,2024-07-04,Independence Day,Thu,5.025480511101315,3.151037739577859,4.538553752517488,Saturday,Independence Day
AECI,2024-09-02,Labor Day,Mon,3.60365964889282,1.833385463180139,3.0235704713458467,Saturday,Labor Day
AECI,2024-10-14,Columbus Day,Mon,10.902100833483058,9.710993484499237,11.994474313711784,Saturday,Columbus Day
AECI,2024-11-11,Veterans Day,Mon,10.931181638030024,9.744145352943821,10.59223316048652,Saturday,Veterans Day
AECI,2024-11-28,Thanksgiving,Thu,5.242945522184338,5.506423113843362,7.295623687792075,own weekday,Thanksgiving
AECI,2024-11-29,Day after Thanksgiving,Fri,6.241168352376293,8.976577653914259,10.94917669481633,own weekday,Day after Thanksgiving
AECI,2024-12-24,Christmas Eve,Tue,7.364659341752329,8.029617090561093,6.29674526031514,Sunday,Christmas Eve
AECI,2024-12-25,Christmas Day,Wed,6.13908380036026,4.3204678420087985,3.567262636330056,Sunday,Christmas Day
AECI,2024-12-31,New Year's Eve,Tue,9.111605146611314,10.079022164275676,7.882919404630982,Sunday,New Year's Eve
AECI,2025-01-01,New Year's Day,Wed,5.685291372477635,4.062748856604941,4.590140709225502,Saturday,New Year's Day
AECI,2025-01-20,MLK Day,Mon,7.062545048243378,5.172356990271856,5.677671401877867,Saturday,MLK Day
AECI,2025-02-09,Super Bowl Sunday,Sun,2.2125724752586287,1.8022735829370158,2.2125724752586287,Saturday,Super Bowl Sunday
AECI,2025-02-17,Presidents' Day,Mon,2.9939017658216716,6.6068137825571815,5.4156854088552,own weekday,Presidents' Day
AECI,2025-05-26,Memorial Day,Mon,5.3262518921286475,3.7277359163898636,3.3022717064439724,Sunday,Memorial Day
AECI,2025-06-19,Juneteenth,Thu,12.897340553025083,11.801138984987592,10.446273637128574,Sunday,Juneteenth
AECI,2025-07-04,Independence Day,Fri,8.671006616814193,6.463792033650805,5.414650710598834,Sunday,Independence Day
AECI,2025-09-01,Labor Day,Mon,3.4791545428838075,2.4053677649419227,1.9166911904439004,Sunday,Labor Day
AECI,2025-10-13,Columbus Day,Mon,8.107821700633638,8.319749117395684,8.407901154137932,own weekday,Columbus Day
AECI,2025-11-11,Veterans Day,Tue,24.093063436802186,26.510858269284448,27.04711020087243,own weekday,Veterans Day
AECI,2025-11-27,Thanksgiving,Thu,9.126108651785218,13.475880661856019,13.472436473156266,own weekday,Thanksgiving
AECI,2025-11-28,Day after Thanksgiving,Fri,7.878552924836242,11.055160819718058,10.700739840024461,own weekday,Day after Thanksgiving
AECI,2025-12-24,Christmas Eve,Wed,5.829745253906877,4.62287962968205,5.4775557126204495,Saturday,Christmas Eve
AECI,2025-12-25,Christmas Day,Thu,8.900306540137308,5.524597199646117,7.5363288393631365,Saturday,Christmas Day
AECI,2025-12-31,New Year's Eve,Wed,8.65776694256684,13.158554972019967,13.004639948444039,own weekday,New Year's Eve
AECI,2026-01-01,New Year's Day,Thu,4.455314587137797,8.260089204778405,8.425296397262482,own weekday,New Year's Day
AECI,2026-01-19,MLK Day,Mon,7.718371929554858,2.100387156867969,3.9260104988503572,Saturday,MLK Day
AECI,2026-02-08,Super Bowl Sunday,Sun,4.148166353333789,6.897155249257921,4.148166353333789,Sunday,Super Bowl Sunday
AECI,2026-02-16,Presidents' Day,Mon,1.8831856831188847,8.795675584576944,4.710592688711868,own weekday,Presidents' Day
AECI,2026-05-25,Memorial Day,Mon,8.800798695885465,10.743251184378028,11.037070796686404,own weekday,Memorial Day
AECI,2026-06-19,Juneteenth,Fri,10.025197326196668,6.502677329551358,3.47152490431304,Sunday,Juneteenth
AVA,2015-09-07,Labor Day,Mon,7.345519114529557,3.4044276377841474,5.987466372581174,Saturday,Labor Day
AVA,2015-10-12,Columbus Day,Mon,2.13806078431146,4.755851561377176,5.129759608157544,own weekday,Columbus Day
AVA,2015-11-11,Veterans Day,Wed,2.8599939067729054,3.242671651224236,3.822523544828802,own weekday,Veterans Day
AVA,2015-11-26,Thanksgiving,Thu,6.419720844074983,5.923408684343761,8.020205362158507,Saturday,Thanksgiving
AVA,2015-11-27,Day after Thanksgiving,Fri,5.435024187383844,4.33224755413348,5.88780568471772,Saturday,Day after Thanksgiving
AVA,2015-12-24,Christmas Eve,Thu,3.251380466761564,1.4001320500219012,3.616704769930714,Saturday,Christmas Eve
AVA,2015-12-25,Christmas Day,Fri,3.0827936064789605,1.0955718189554728,2.91068154033586,Saturday,Christmas Day
AVA,2015-12-31,New Year's Eve,Thu,3.011995635111583,1.8093778724728626,3.84837024535371,Saturday,New Year's Eve
AVA,2016-01-01,New Year's Day,Fri,5.0046012512033204,3.03677334283305,4.526451672533355,Saturday,New Year's Day
AVA,2016-01-18,MLK Day,Mon,1.3687453148790656,2.8143709555012877,2.5045491091186256,own weekday,MLK Day
AVA,2016-02-07,Super Bowl Sunday,Sun,3.934831275298454,3.3673347518202377,3.934831275298454,Saturday,Super Bowl Sunday
AVA,2016-02-15,Presidents' Day,Mon,2.5631050942162297,3.3026489357707107,3.0322960785021076,own weekday,Presidents' Day
AVA,2016-05-30,Memorial Day,Mon,5.9138956428741665,3.3495963571794802,1.8799345001281362,Sunday,Memorial Day
AVA,2016-07-04,Independence Day,Mon,4.837817614665719,3.6017411929590106,2.380841608030329,Sunday,Independence Day
AVA,2016-09-05,Labor Day,Mon,6.734047918516235,3.8989466777654074,5.001861099358626,Saturday,Labor Day
AVA,2016-10-10,Columbus Day,Mon,3.52417183087126,4.690647585912931,5.010795337554445,own weekday,Columbus Day
AVA,2016-11-11,Veterans Day,Fri,2.883338108232204,3.2619490231398762,4.183816063572523,own weekday,Veterans Day
AVA,2016-11-24,Thanksgiving,Thu,5.610789558148156,4.175276473617983,6.190750550867459,Saturday,Thanksgiving
AVA,2016-11-25,Day after Thanksgiving,Fri,3.569005736657976,1.6144949554059058,1.8073371018372055,Saturday,Day after Thanksgiving
AVA,2016-12-24,Christmas Eve,Sat,1.386946671343682,1.386946671343682,2.8548881672155053,Saturday,Christmas Eve
AVA,2016-12-25,Christmas Day,Sun,3.9907157923693064,2.1428310578620575,3.9907157923693064,Saturday,Christmas Day
AVA,2016-12-26,Christmas Day (observed),Mon,3.127730264066443,0.9537042653369939,2.709519422801942,Saturday,Christmas Day
AVA,2016-12-31,New Year's Eve,Sat,2.611310674924264,2.611310674924264,5.036168080960471,Saturday,New Year's Eve
AVA,2017-01-01,New Year's Day,Sun,3.050453101129779,2.7671077109480002,3.050453101129779,Saturday,New Year's Day
AVA,2017-01-02,New Year's Day (observed),Mon,2.922189270697073,1.7900810869552264,2.106850369969657,Saturday,New Year's Day
AVA,2017-01-16,MLK Day,Mon,3.4273856131533074,1.9426786437222943,3.0605616729666885,Saturday,MLK Day
AVA,2017-02-05,Super Bowl Sunday,Sun,1.9184396036926714,2.6197730209960275,1.9184396036926714,Sunday,Super Bowl Sunday
AVA,2017-02-20,Presidents' Day,Mon,2.0339617879400946,3.4619704166876866,3.6950532319001397,own weekday,Presidents' Day
AVA,2017-05-29,Memorial Day,Mon,12.895098316733847,13.768421297869324,11.726742629361302,Sunday,Memorial Day
AVA,2017-07-04,Independence Day,Tue,6.585929476611385,8.584312974331715,7.0998926372845235,own weekday,Independence Day
AVA,2017-09-04,Labor Day,Mon,3.876933052892253,1.8000048072613437,1.340545739918894,Sunday,Labor Day
AVA,2017-10-09,Columbus Day,Mon,8.225755030098505,7.062449874741934,7.8108236456859865,Saturday,Columbus Day
AVA,2017-11-10,Veterans Day (observed),Fri,2.219465503354304,3.3174311634780933,3.7151122148434004,own weekday,Veterans Day
AVA,2017-11-11,Veterans Day,Sat,1.6344883344906986,1.6344883344906986,2.552013759776957,Saturday,Veterans Day
AVA,2017-11-23,Thanksgiving,Thu,5.5907181652986715,2.964529138398125,3.761204284872193,Saturday,Thanksgiving
AVA,2017-11-24,Day after Thanksgiving,Fri,3.7727428829235987,2.0960498339200493,1.870657036100984,Sunday,Day after Thanksgiving
AVA,2017-12-24,Christmas Eve,Sun,4.747700661248189,3.39908250989445,4.747700661248189,Saturday,Christmas Eve
AVA,2017-12-25,Christmas Day,Mon,4.057999788554136,2.333664982032095,3.6563786180750824,Saturday,Christmas Day
AVA,2017-12-31,New Year's Eve,Sun,2.7798410126033897,2.004230348110587,2.7798410126033897,Saturday,New Year's Eve
AVA,2018-01-01,New Year's Day,Mon,3.7921792442208067,1.7272284922513512,2.3012334764911433,Saturday,New Year's Day
AVA,2018-01-15,MLK Day,Mon,1.5242487985077044,2.212147495786052,3.433439060993572,own weekday,MLK Day
AVA,2018-02-04,Super Bowl Sunday,Sun,2.8139503883715427,2.8777323405161526,2.8139503883715427,Sunday,Super Bowl Sunday
AVA,2018-02-19,Presidents' Day,Mon,3.0390012671482185,3.020966882948361,3.5108732014866257,Saturday,Presidents' Day
AVA,2018-05-28,Memorial Day,Mon,9.230170747939876,8.180799921524223,6.129536271747221,Sunday,Memorial Day
AVA,2018-07-04,Independence Day,Wed,3.457741736487331,2.364513465431375,2.323034691673961,Sunday,Independence Day
AVA,2018-09-03,Labor Day,Mon,6.154152982832728,2.3874157842685944,3.099723919460202,Saturday,Labor Day
AVA,2018-10-08,Columbus Day,Mon,2.4270687401038327,4.912906021197803,5.501815503000362,own weekday,Columbus Day
AVA,2018-11-11,Veterans Day,Sun,2.1445587387803595,2.1377740329238235,2.1445587387803595,Saturday,Veterans Day
AVA,2018-11-12,Veterans Day (observed),Mon,2.884910548305706,2.4960177181362346,3.569795875004815,Saturday,Veterans Day
AVA,2018-11-22,Thanksgiving,Thu,8.581492173637677,7.317889742819464,6.310225338140861,Sunday,Thanksgiving
AVA,2018-11-23,Day after Thanksgiving,Fri,7.342101895844562,7.711311325574186,8.335760279900551,own weekday,Day after Thanksgiving
AVA,2018-12-24,Christmas Eve,Mon,3.820814870952707,2.2247606899300165,2.699909387984391,Saturday,Christmas Eve
AVA,2018-12-25,Christmas Day,Tue,2.9610418927828537,0.9075637398983202,2.3379116673901263,Saturday,Christmas Day
AVA,2018-12-31,New Year's Eve,Mon,2.5275405055903795,1.4691036257235388,2.498640708487372,Saturday,New Year's Eve
AVA,2019-01-01,New Year's Day,Tue,3.4316463077544643,1.5519514224764541,2.3491184122323174,Saturday,New Year's Day
AVA,2019-01-21,MLK Day,Mon,1.6248836073165862,2.7275752671589086,2.839697695411908,own weekday,MLK Day
AVA,2019-02-03,Super Bowl Sunday,Sun,3.2781716658639284,4.324742325921719,3.2781716658639284,Sunday,Super Bowl Sunday
AVA,2019-02-18,Presidents' Day,Mon,1.98644972052173,2.4287229118260867,3.4208735140737385,own weekday,Presidents' Day
AVA,2019-05-27,Memorial Day,Mon,5.605408550563604,3.5909002078177163,2.7456983415504457,Sunday,Memorial Day
AVA,2019-07-04,Independence Day,Thu,3.964943611706137,2.3302809182963986,1.9314163039814651,Sunday,Independence Day
AVA,2019-09-02,Labor Day,Mon,3.419014949775999,3.0538802767584734,1.5155336782454514,Sunday,Labor Day
AVA,2019-10-14,Columbus Day,Mon,4.366336988890259,6.137404548224171,5.521374392423811,own weekday,Columbus Day
AVA,2019-11-11,Veterans Day,Mon,2.2824234383492956,3.276405694436979,3.608121698268489,own weekday,Veterans Day
AVA,2019-11-28,Thanksgiving,Thu,3.833899232100347,2.6263634711363757,3.8652194911014446,Saturday,Thanksgiving
AVA,2019-11-29,Day after Thanksgiving,Fri,2.644990881229283,1.4668445205446983,2.5220189781784885,Saturday,Day after Thanksgiving
AVA,2019-12-24,Christmas Eve,Tue,2.6353495998547025,1.9032445112944103,3.416450800679875,Saturday,Christmas Eve
AVA,2019-12-25,Christmas Day,Wed,2.727166409471922,1.248684321062178,2.3923793179154513,Saturday,Christmas Day
AVA,2019-12-31,New Year's Eve,Tue,3.6740468816590854,3.0433406518686357,5.081011900200099,Saturday,New Year's Eve
AVA,2020-01-01,New Year's Day,Wed,3.9177986968764533,2.2457671249017044,1.7882084467200878,Sunday,New Year's Day
AVA,2020-01-20,MLK Day,Mon,1.579675944128443,2.139271113182425,3.150966390885343,own weekday,MLK Day
AVA,2020-02-02,Super Bowl Sunday,Sun,3.4318001819512722,3.867827865077215,3.4318001819512722,Sunday,Super Bowl Sunday
AVA,2020-02-17,Presidents' Day,Mon,3.0415797772351816,3.8454379630715385,3.756884740625699,own weekday,Presidents' Day
AVA,2020-05-25,Memorial Day,Mon,5.150156832670677,3.2237905261451836,3.3910602240449417,Saturday,Memorial Day
AVA,2020-07-03,Independence Day (observed),Fri,4.84311342462386,4.054819475965964,3.088097004248401,Sunday,Independence Day
AVA,2020-07-04,Independence Day,Sat,3.6815802007742358,3.6815802007742358,2.7474178420021476,Sunday,Independence Day
AVA,2020-09-07,Labor Day,Mon,12.369695776385038,9.852165687763998,13.37370381025306,Saturday,Labor Day
AVA,2020-10-12,Columbus Day,Mon,3.113691758579135,4.636738633555889,5.170591254772475,own weekday,Columbus Day
AVA,2020-11-11,Veterans Day,Wed,2.339075445685139,3.0478897911385032,3.603337174274806,own weekday,Veterans Day
AVA,2020-11-26,Thanksgiving,Thu,4.718228771342173,3.939434881807485,4.528322725045802,Saturday,Thanksgiving
AVA,2020-11-27,Day after Thanksgiving,Fri,4.116547124311209,2.576174359481434,2.485656029398395,Sunday,Day after Thanksgiving
AVA,2020-12-24,Christmas Eve,Thu,3.697965967593516,3.1070566487271742,3.6403422324049557,Saturday,Christmas Eve
AVA,2020-12-25,Christmas Day,Fri,3.300354075591918,2.5809239201556,2.9493164067638316,Saturday,Christmas Day
AVA,2020-12-31,New Year's Eve,Thu,2.7556121599667454,2.4818368302078038,2.940674832956952,Saturday,New Year's Eve
AVA,2021-01-01,New Year's Day,Fri,3.6436595948979558,1.468617680256259,1.5533126101285135,Saturday,New Year's Day
AVA,2021-01-18,MLK Day,Mon,2.087684967555699,2.7413982024448122,2.718519977004142,own weekday,MLK Day
AVA,2021-02-07,Super Bowl Sunday,Sun,2.1775556119866075,2.1463913879079084,2.1775556119866075,Saturday,Super Bowl Sunday
AVA,2021-02-15,Presidents' Day,Mon,1.9313388050489493,1.5874240532771409,2.1713924375065363,Saturday,Presidents' Day
AVA,2021-05-31,Memorial Day,Mon,11.269619976367917,9.658824022515093,8.177728229988631,Sunday,Memorial Day
AVA,2021-06-18,Juneteenth (observed),Fri,9.028608142786505,8.575187029262338,7.383343265122587,Sunday,Juneteenth
AVA,2021-06-19,Juneteenth,Sat,6.962254823063257,6.962254823063257,5.485994955627268,Sunday,Juneteenth
AVA,2021-07-04,Independence Day,Sun,5.784902837474351,8.140292220676262,5.784902837474351,Sunday,Independence Day
AVA,2021-07-05,Independence Day (observed),Mon,7.362520721502492,10.309290844500419,5.850496613139022,Sunday,Independence Day
AVA,2021-09-06,Labor Day,Mon,2.8869305382983517,2.270735904136909,1.494830095790661,Sunday,Labor Day
AVA,2021-10-11,Columbus Day,Mon,6.032014757792171,5.957307026234253,7.612063823634832,Saturday,Columbus Day
AVA,2021-11-11,Veterans Day,Thu,1.7368235254562343,2.936764382884942,3.6995735844730557,own weekday,Veterans Day
AVA,2021-11-25,Thanksgiving,Thu,5.163496892418527,4.132311838789592,5.4267722301358114,Saturday,Thanksgiving
AVA,2021-11-26,Day after Thanksgiving,Fri,2.6836973183921193,1.1984550637859102,1.9713323148233157,Saturday,Day after Thanksgiving
AVA,2021-12-24,Christmas Eve,Fri,2.9095271331698753,1.5689246615931451,3.3366248597321317,Saturday,Christmas Eve
AVA,2021-12-25,Christmas Day,Sat,2.8004302326110415,2.8004302326110415,3.0421099165185512,Saturday,Christmas Day
AVA,2021-12-31,New Year's Day (observed),Fri,4.40043612306935,3.147752420954725,3.440621330497489,Saturday,New Year's Day
AVA,2022-01-01,New Year's Day,Sat,3.7015646261224036,3.7015646261224036,4.220906853364649,Saturday,New Year's Day
AVA,2022-01-17,MLK Day,Mon,1.2657772779356833,1.9470099920653634,3.496732266641997,own weekday,MLK Day
AVA,2022-02-13,Super Bowl Sunday,Sun,5.139591828038794,3.3733365527398314,5.139591828038794,Saturday,Super Bowl Sunday
AVA,2022-02-21,Presidents' Day,Mon,5.573689204667409,6.947987435336028,5.978581731334325,own weekday,Presidents' Day
AVA,2022-05-30,Memorial Day,Mon,3.752656765527661,4.192931720426285,4.337134971814283,own weekday,Memorial Day
AVA,2022-06-19,Juneteenth,Sun,2.5294673473233744,2.2114276699447464,2.5294673473233744,Saturday,Juneteenth
AVA,2022-06-20,Juneteenth (observed),Mon,3.4007646744586193,4.1505207149600905,5.120382457149764,own weekday,Juneteenth
AVA,2022-07-04,Independence Day,Mon,5.183685679278705,1.9578633331151982,1.7660525301650212,Sunday,Independence Day
AVA,2022-09-05,Labor Day,Mon,3.7886394005343305,1.3859744653921717,3.1038889289594893,Saturday,Labor Day
AVA,2022-10-10,Columbus Day,Mon,3.9815328160668675,3.7893498952770646,4.989683271800641,Saturday,Columbus Day
AVA,2022-11-11,Veterans Day,Fri,3.5738180574283898,4.416945601012451,6.056998055346835,own weekday,Veterans Day
AVA,2022-11-24,Thanksgiving,Thu,3.570793724018627,3.974671786377023,4.707203344101572,own weekday,Thanksgiving
AVA,2022-11-25,Day after Thanksgiving,Fri,2.42752764977499,2.0805372526899015,1.981501961644117,Sunday,Day after Thanksgiving
AVA,2022-12-24,Christmas Eve,Sat,4.528040075836448,4.528040075836448,5.634375713500921,Saturday,Christmas Eve
AVA,2022-12-25,Christmas Day,Sun,3.294377660778105,2.383405339221904,3.294377660778105,Saturday,Christmas Day
AVA,2022-12-26,Christmas Day (observed),Mon,3.219993879866508,1.5099690296544004,1.4986557040728599,Sunday,Christmas Day
AVA,2022-12-31,New Year's Eve,Sat,1.3832584548855058,1.3832584548855058,1.2024421946793382,Sunday,New Year's Eve
AVA,2023-01-01,New Year's Day,Sun,1.393649259164334,2.7218947194801224,1.393649259164334,Sunday,New Year's Day
AVA,2023-01-02,New Year's Day (observed),Mon,2.550637158008567,2.809423271822933,1.9703996215174682,Sunday,New Year's Day
AVA,2023-01-16,MLK Day,Mon,2.385406578173919,3.662897215481426,2.9480659048640803,own weekday,MLK Day
AVA,2023-02-12,Super Bowl Sunday,Sun,5.334367789018705,2.257206764200461,5.334367789018705,Saturday,Super Bowl Sunday
AVA,2023-02-20,Presidents' Day,Mon,1.2261079828745738,3.3377110329838047,2.4484721339264945,own weekday,Presidents' Day
AVA,2023-05-29,Memorial Day,Mon,10.145700506393652,8.996297936231684,6.647730268016237,Sunday,Memorial Day
AVA,2023-06-19,Juneteenth,Mon,1.7651033720553235,4.368362951633541,6.21380670684207,own weekday,Juneteenth
AVA,2023-07-04,Independence Day,Tue,4.606331464467642,3.918939543228432,2.0957652788153895,Sunday,Independence Day
AVA,2023-09-04,Labor Day,Mon,4.5066060902841505,6.682311080013085,7.9379154074612,own weekday,Labor Day
AVA,2023-10-09,Columbus Day,Mon,2.6917045062736533,6.561888681261757,5.249590999931568,own weekday,Columbus Day
AVA,2023-11-10,Veterans Day (observed),Fri,1.410394500028464,2.080020642796474,3.538141113538379,own weekday,Veterans Day
AVA,2023-11-11,Veterans Day,Sat,1.315831852624335,1.315831852624335,3.0320051001755113,Saturday,Veterans Day
AVA,2023-11-23,Thanksgiving,Thu,4.0298844159492955,2.774258529902061,4.9048343369396035,Saturday,Thanksgiving
AVA,2023-11-24,Day after Thanksgiving,Fri,4.292408037676751,3.694111918908348,4.916389891019913,Saturday,Day after Thanksgiving
AVA,2023-12-24,Christmas Eve,Sun,3.0757158150532478,1.3458086546822503,3.0757158150532478,Saturday,Christmas Eve
AVA,2023-12-25,Christmas Day,Mon,3.57292171755555,1.9297960129859386,3.9182369837479856,Saturday,Christmas Day
AVA,2023-12-31,New Year's Eve,Sun,1.7550953142164254,1.944460807705383,1.7550953142164254,Sunday,New Year's Eve
AVA,2024-01-01,New Year's Day,Mon,3.4106806290323393,3.265139680887505,1.2183806465256588,Sunday,New Year's Day
AVA,2024-01-15,MLK Day,Mon,2.9914443377192335,1.978526927465455,3.5719002550307444,Saturday,MLK Day
AVA,2024-02-11,Super Bowl Sunday,Sun,2.4520628469773857,2.266441036124132,2.4520628469773857,Saturday,Super Bowl Sunday
AVA,2024-02-19,Presidents' Day,Mon,1.1326597801192373,2.6640053203248883,2.722048759044253,own weekday,Presidents' Day
AVA,2024-05-27,Memorial Day,Mon,6.26426727381172,4.567616827086663,2.634486732543486,Sunday,Memorial Day
AVA,2024-06-19,Juneteenth,Wed,2.7999556529557283,2.7952700870978866,1.9958419889751648,Sunday,Juneteenth
AVA,2024-07-04,Independence Day,Thu,6.57785352813149,6.279792396273308,5.279601744532872,Sunday,Independence Day
AVA,2024-09-02,Labor Day,Mon,3.3692049580311414,3.1929630323580502,3.2167737524210893,Saturday,Labor Day
AVA,2024-10-14,Columbus Day,Mon,4.561804820566379,4.749188747849523,4.990732375816397,own weekday,Columbus Day
AVA,2024-11-11,Veterans Day,Mon,1.8325691197460958,3.759541971912491,3.0453416923571073,own weekday,Veterans Day
AVA,2024-11-28,Thanksgiving,Thu,4.100896803801725,2.525730277314187,4.38277492340177,Saturday,Thanksgiving
AVA,2024-11-29,Day after Thanksgiving,Fri,3.7303947908779063,2.152403918886004,1.4047903053346988,Sunday,Day after Thanksgiving
AVA,2024-12-24,Christmas Eve,Tue,3.5638277101424447,2.647269614000759,2.866248318810354,Saturday,Christmas Eve
AVA,2024-12-25,Christmas Day,Wed,2.444772925701559,0.9358033095079105,1.6162673452810052,Saturday,Christmas Day
AVA,2024-12-31,New Year's Eve,Tue,1.968250772430459,1.9581517651250078,2.2238168913178,Saturday,New Year's Eve
AVA,2025-01-01,New Year's Day,Wed,2.957565709298469,1.5660017730657012,1.3804318002324198,Sunday,New Year's Day
AVA,2025-01-20,MLK Day,Mon,3.380776581905503,3.107112116938632,4.682883031948562,Saturday,MLK Day
AVA,2025-02-09,Super Bowl Sunday,Sun,4.366818836742374,2.9418635733176535,4.366818836742374,Saturday,Super Bowl Sunday
AVA,2025-02-17,Presidents' Day,Mon,1.649351147699605,1.9715310112239426,2.0763945803141137,own weekday,Presidents' Day
AVA,2025-05-26,Memorial Day,Mon,6.395494475394163,4.865041589903455,4.071223188074299,Sunday,Memorial Day
AVA,2025-06-19,Juneteenth,Thu,5.126263030390125,3.811864060206897,3.4722873513256416,Sunday,Juneteenth
AVA,2025-07-04,Independence Day,Fri,3.471030538666866,3.613515639992019,5.527986171354999,own weekday,Independence Day
AVA,2025-09-01,Labor Day,Mon,3.5570242275936104,3.649244006155572,2.382907252846454,Sunday,Labor Day
AVA,2025-10-13,Columbus Day,Mon,2.81153887243307,7.856201742433057,6.783173821489265,own weekday,Columbus Day
AVA,2025-11-11,Veterans Day,Tue,1.3338325570115817,2.5094211767982046,3.049150450921405,own weekday,Veterans Day
AVA,2025-11-27,Thanksgiving,Thu,4.258586097153055,3.0829934633286764,4.131314775545437,Saturday,Thanksgiving
AVA,2025-11-28,Day after Thanksgiving,Fri,3.693336142260651,2.622873156652167,2.029520216816197,Sunday,Day after Thanksgiving
AVA,2025-12-24,Christmas Eve,Wed,3.950979982706432,3.851663643317746,4.034308397596742,Saturday,Christmas Eve
AVA,2025-12-25,Christmas Day,Thu,2.859116263327478,1.3173073200330605,1.843492334132733,Saturday,Christmas Day
AVA,2025-12-31,New Year's Eve,Wed,3.1633353991320714,3.263215548645748,4.040630318932991,own weekday,New Year's Eve
AVA,2026-01-01,New Year's Day,Thu,3.1930493776847166,2.3588628993748944,1.9562434061052074,Sunday,New Year's Day
AVA,2026-01-19,MLK Day,Mon,1.968006801000482,3.160046696524839,2.3673458683054873,own weekday,MLK Day
AVA,2026-02-08,Super Bowl Sunday,Sun,2.1466067481709707,2.280633862299742,2.1466067481709707,Sunday,Super Bowl Sunday
AVA,2026-02-16,Presidents' Day,Mon,2.142818842548638,2.8474461916554854,2.473897908021434,own weekday,Presidents' Day
AVA,2026-05-25,Memorial Day,Mon,9.427921570734211,9.353377834009374,9.888459908326125,Saturday,Memorial Day
AVA,2026-06-19,Juneteenth,Fri,7.151531784856986,6.579843846034004,5.509208126304721,Sunday,Juneteenth
AZPS,2015-09-07,Labor Day,Mon,2.582595148588251,2.002895274917057,2.6317998865598513,Saturday,Labor Day
AZPS,2015-10-12,Columbus Day,Mon,1.6466859526373185,2.7905478307105005,3.247632297607197,own weekday,Columbus Day
AZPS,2015-11-11,Veterans Day,Wed,11.617333232987102,12.127757591390758,12.877658219470971,own weekday,Veterans Day
AZPS,2015-11-26,Thanksgiving,Thu,8.5922725312558,9.32818956702921,12.151341479011757,own weekday,Thanksgiving
AZPS,2015-11-27,Day after Thanksgiving,Fri,7.437008294882435,9.237365075402048,12.220655687538907,own weekday,Day after Thanksgiving
AZPS,2015-12-24,Christmas Eve,Thu,3.74099737934096,2.5111505758980326,3.2863755584559944,Saturday,Christmas Eve
AZPS,2015-12-25,Christmas Day,Fri,4.927875094235113,3.59197290792,3.08921160056837,Sunday,Christmas Day
AZPS,2015-12-31,New Year's Eve,Thu,6.686732135799647,7.875993687583763,7.360022294348504,own weekday,New Year's Eve
AZPS,2016-01-01,New Year's Day,Fri,7.15222180524412,7.516792235664682,6.949433093538781,Sunday,New Year's Day
AZPS,2016-01-18,MLK Day,Mon,2.057179304506108,3.1453755731025907,4.157493436178746,own weekday,MLK Day
AZPS,2016-02-07,Super Bowl Sunday,Sun,2.7893308268421486,1.6804327979108291,2.7893308268421486,Saturday,Super Bowl Sunday
AZPS,2016-02-15,Presidents' Day,Mon,5.820521794371539,7.741655472489048,4.909244349591853,Sunday,Presidents' Day
AZPS,2016-05-30,Memorial Day,Mon,7.1083317003339985,8.1854303034302,6.774509452206584,Sunday,Memorial Day
AZPS,2016-07-04,Independence Day,Mon,3.5062409920339537,1.4831306230625216,2.236207141783831,Saturday,Independence Day
AZPS,2016-09-05,Labor Day,Mon,4.181136146272623,3.9327289549946998,3.200601590646277,Sunday,Labor Day
AZPS,2016-10-10,Columbus Day,Mon,1.885573558821638,2.417118196697862,3.5977640103072286,own weekday,Columbus Day
AZPS,2016-11-11,Veterans Day,Fri,6.552198808647559,8.196289941942421,8.832679525662213,own weekday,Veterans Day
AZPS,2016-11-24,Thanksgiving,Thu,11.11715907313844,13.947445398584543,12.714575708964773,own weekday,Thanksgiving
AZPS,2016-11-25,Day after Thanksgiving,Fri,11.568691580048982,12.860182737767998,11.18686955864427,Sunday,Day after Thanksgiving
AZPS,2016-12-24,Christmas Eve,Sat,4.053275682798087,4.053275682798087,4.28681115958414,Saturday,Christmas Eve
AZPS,2016-12-25,Christmas Day,Sun,9.377444354624307,7.630188193269889,9.377444354624307,Saturday,Christmas Day
AZPS,2016-12-26,Christmas Day (observed),Mon,8.182721699487256,8.183087330964112,9.193213815083357,own weekday,Christmas Day
AZPS,2016-12-31,New Year's Eve,Sat,2.367340001193269,2.367340001193269,3.8095670921226787,Saturday,New Year's Eve
AZPS,2017-01-01,New Year's Day,Sun,2.475117455750149,2.482730573028413,2.475117455750149,Sunday,New Year's Day
AZPS,2017-01-02,New Year's Day (observed),Mon,2.0068605252071396,1.8658708153818735,2.644661021926541,Saturday,New Year's Day
AZPS,2017-01-16,MLK Day,Mon,2.7607576029527943,2.591312717729411,3.0419603193172784,Saturday,MLK Day
AZPS,2017-02-05,Super Bowl Sunday,Sun,1.8325654530293463,1.7517524855936144,1.8325654530293463,Saturday,Super Bowl Sunday
AZPS,2017-02-20,Presidents' Day,Mon,4.048348917740956,2.3998136748428105,2.9882282779758866,Saturday,Presidents' Day
AZPS,2017-05-29,Memorial Day,Mon,11.759775075719672,8.295548807007458,9.118023588016381,Saturday,Memorial Day
AZPS,2017-07-04,Independence Day,Tue,2.5567713705748845,1.7609015144525402,2.42554133388862,Saturday,Independence Day
AZPS,2017-09-04,Labor Day,Mon,3.118610082394536,4.144480426285629,1.7263401604068185,Sunday,Labor Day
AZPS,2017-10-09,Columbus Day,Mon,4.203055540248185,5.259788691484093,5.9415691157466926,own weekday,Columbus Day
AZPS,2017-11-10,Veterans Day (observed),Fri,5.08767986804666,6.017602644069229,7.3870263402674,own weekday,Veterans Day
AZPS,2017-11-11,Veterans Day,Sat,6.233104975008356,6.233104975008356,7.576416237562176,Saturday,Veterans Day
AZPS,2017-11-23,Thanksgiving,Thu,6.0169405686486535,5.673483812605263,8.015443249097387,Saturday,Thanksgiving
AZPS,2017-11-24,Day after Thanksgiving,Fri,5.66748448506268,5.827069838537338,6.919437357489884,own weekday,Day after Thanksgiving
AZPS,2017-12-24,Christmas Eve,Sun,12.651161334808595,9.39263758935105,12.651161334808595,Saturday,Christmas Eve
AZPS,2017-12-25,Christmas Day,Mon,8.858018614186085,7.075932685705512,9.574635524130965,Saturday,Christmas Day
AZPS,2017-12-31,New Year's Eve,Sun,7.51406644526157,1.7553248173512586,7.51406644526157,Saturday,New Year's Eve
AZPS,2018-01-01,New Year's Day,Mon,8.237507133408743,4.521293872725759,9.689661186452804,Saturday,New Year's Day
AZPS,2018-01-15,MLK Day,Mon,3.294564698178607,2.6168279838633333,4.650241753257548,Saturday,MLK Day
AZPS,2018-02-04,Super Bowl Sunday,Sun,1.368728015402794,3.018570493493207,1.368728015402794,Sunday,Super Bowl Sunday
AZPS,2018-02-19,Presidents' Day,Mon,5.588690805230588,7.3319619514357655,6.475478913746728,own weekday,Presidents' Day
AZPS,2018-05-28,Memorial Day,Mon,6.506082330360287,6.850582178864784,4.95807927178393,Sunday,Memorial Day
AZPS,2018-07-04,Independence Day,Wed,2.416484773707221,2.1653905586262576,2.465105335310019,Saturday,Independence Day
AZPS,2018-09-03,Labor Day,Mon,2.994154852448528,1.5147385730499194,2.074784429615095,Saturday,Labor Day
AZPS,2018-10-08,Columbus Day,Mon,9.618613437313032,11.298574110148076,11.055738093348845,own weekday,Columbus Day
AZPS,2018-11-11,Veterans Day,Sun,9.082635671264553,8.55460940915131,9.082635671264553,Saturday,Veterans Day
AZPS,2018-11-12,Veterans Day (observed),Mon,8.837188024189535,9.333583003347263,9.088532374921868,own weekday,Veterans Day
AZPS,2018-11-22,Thanksgiving,Thu,8.42195669177046,8.786042881169507,9.017339847410694,own weekday,Thanksgiving
AZPS,2018-11-23,Day after Thanksgiving,Fri,7.468791909381027,8.169969594877989,7.80305257693394,own weekday,Day after Thanksgiving
AZPS,2018-12-24,Christmas Eve,Mon,4.117969717673061,3.039272233122625,4.074929124235882,Saturday,Christmas Eve
AZPS,2018-12-25,Christmas Day,Tue,3.4348355639432775,2.2448156198978864,3.3691626416492175,Saturday,Christmas Day
AZPS,2018-12-31,New Year's Eve,Mon,6.613044053360054,7.329427883042672,8.15842695697229,own weekday,New Year's Eve
AZPS,2019-01-01,New Year's Day,Tue,5.389117940795493,3.882718323336607,4.05247867118263,Saturday,New Year's Day
AZPS,2019-01-21,MLK Day,Mon,3.443427808298955,4.104306417211443,3.6761812251374835,own weekday,MLK Day
AZPS,2019-02-03,Super Bowl Sunday,Sun,6.627697414210353,6.91169135976806,6.627697414210353,Sunday,Super Bowl Sunday
AZPS,2019-02-18,Presidents' Day,Mon,4.467544561146322,3.66086918615258,4.159055367080077,Saturday,Presidents' Day
AZPS,2019-05-27,Memorial Day,Mon,5.940280940177332,6.4635333937779915,5.066426452926684,Sunday,Memorial Day
AZPS,2019-07-04,Independence Day,Thu,3.920192701481818,3.343461257342247,2.2554641806940747,Sunday,Independence Day
AZPS,2019-09-02,Labor Day,Mon,2.3835395598171525,2.5609206722486606,1.7969921172008918,Sunday,Labor Day
AZPS,2019-10-14,Columbus Day,Mon,2.701857686885623,4.102492111206395,4.152819065352201,own weekday,Columbus Day
AZPS,2019-11-11,Veterans Day,Mon,1.7197021124818836,3.1692563666108535,4.283738727639647,own weekday,Veterans Day
AZPS,2019-11-28,Thanksgiving,Thu,8.289230627391937,8.714468740491656,11.50029668993427,own weekday,Thanksgiving
AZPS,2019-11-29,Day after Thanksgiving,Fri,6.357496844971814,8.095986237031065,9.56462361587285,own weekday,Day after Thanksgiving
AZPS,2019-12-24,Christmas Eve,Tue,7.891077237199232,7.1923227500370395,6.841298879045062,Sunday,Christmas Eve
AZPS,2019-12-25,Christmas Day,Wed,4.720306225377317,4.179096576177021,5.145860044867425,Saturday,Christmas Day
AZPS,2019-12-31,New Year's Eve,Tue,4.486024862041963,3.5962747246011015,4.6397892306147295,Saturday,New Year's Eve
AZPS,2020-01-01,New Year's Day,Wed,7.221752486207015,5.063794179703232,6.501724642269423,Saturday,New Year's Day
AZPS,2020-01-20,MLK Day,Mon,4.922819835499199,7.381950801664826,7.5245565169520505,own weekday,MLK Day
AZPS,2020-02-02,Super Bowl Sunday,Sun,2.0929279932375557,3.43729543563674,2.0929279932375557,Sunday,Super Bowl Sunday
AZPS,2020-02-17,Presidents' Day,Mon,2.0242374573947344,4.212907601718556,3.6355600193458555,own weekday,Presidents' Day
AZPS,2020-05-25,Memorial Day,Mon,7.861801882074227,3.5365660826879775,4.0033684534669955,Saturday,Memorial Day
AZPS,2020-07-03,Independence Day (observed),Fri,1.7892411477905057,2.0906654609584954,3.6013080756950435,own weekday,Independence Day
AZPS,2020-07-04,Independence Day,Sat,2.9933382368514203,2.9933382368514203,4.216993407602764,Saturday,Independence Day
AZPS,2020-09-07,Labor Day,Mon,3.907403068189872,2.62590353474137,2.6244959516724604,Sunday,Labor Day
AZPS,2020-10-12,Columbus Day,Mon,3.0674805669128795,3.219317712150205,3.5461111554890365,own weekday,Columbus Day
AZPS,2020-11-11,Veterans Day,Wed,20.015293821947424,17.600340486788777,18.77163778319886,Saturday,Veterans Day
AZPS,2020-11-26,Thanksgiving,Thu,16.06224251559271,10.13002962933936,14.417924183816682,Saturday,Thanksgiving
AZPS,2020-11-27,Day after Thanksgiving,Fri,13.435921221830016,10.716916087021506,13.872551094008534,Saturday,Day after Thanksgiving
AZPS,2020-12-24,Christmas Eve,Thu,5.2880766672662345,5.5077839271519835,6.590658845619796,own weekday,Christmas Eve
AZPS,2020-12-25,Christmas Day,Fri,7.259198313675473,5.990000708950078,7.554240547592962,Saturday,Christmas Day
AZPS,2020-12-31,New Year's Eve,Thu,5.868141231049364,5.38207768294092,5.937367917511233,Saturday,New Year's Eve
AZPS,2021-01-01,New Year's Day,Fri,6.2154497110541325,4.620798560798064,5.269937123016176,Saturday,New Year's Day
AZPS,2021-01-18,MLK Day,Mon,1.4871080315399976,3.406367839608321,3.7207339156697503,own weekday,MLK Day
AZPS,2021-02-07,Super Bowl Sunday,Sun,1.3932782463166904,1.4988293077754749,1.3932782463166904,Sunday,Super Bowl Sunday
AZPS,2021-02-15,Presidents' Day,Mon,1.4630784264907575,2.177070424865642,2.394727186012406,own weekday,Presidents' Day
AZPS,2021-05-31,Memorial Day,Mon,6.537248204548206,5.921687388643393,5.776968698676239,Sunday,Memorial Day
AZPS,2021-06-18,Juneteenth (observed),Fri,4.247801166528368,5.655294896872511,7.752007792914275,own weekday,Juneteenth
AZPS,2021-06-19,Juneteenth,Sat,4.169036535547765,4.169036535547765,6.1118273701943595,Saturday,Juneteenth
AZPS,2021-07-04,Independence Day,Sun,3.2796007761850063,3.2943644708475017,3.2796007761850063,Sunday,Independence Day
AZPS,2021-07-05,Independence Day (observed),Mon,1.9583691536412113,2.6242123057675992,3.1894772603299435,own weekday,Independence Day
AZPS,2021-09-06,Labor Day,Mon,3.4151203801167216,2.5631426582345287,1.4355005930953104,Sunday,Labor Day
AZPS,2021-10-11,Columbus Day,Mon,8.013333074684802,7.81318758776233,9.418977437003573,Saturday,Columbus Day
AZPS,2021-11-11,Veterans Day,Thu,3.2180956287054014,2.8667367839939133,3.803876028009219,Saturday,Veterans Day
AZPS,2021-11-25,Thanksgiving,Thu,8.554345875674208,7.78093629019609,9.638261872333615,Saturday,Thanksgiving
AZPS,2021-11-26,Day after Thanksgiving,Fri,6.649482006324157,6.281947190919462,7.464280497999337,Saturday,Day after Thanksgiving
AZPS,2021-12-24,Christmas Eve,Fri,6.822907134616157,7.398374388166173,7.765982000118339,own weekday,Christmas Eve
AZPS,2021-12-25,Christmas Day,Sat,4.393156211427745,4.393156211427745,6.027067791583345,Saturday,Christmas Day
AZPS,2021-12-31,New Year's Day (observed),Fri,3.469598906554868,3.8794711180141355,4.616154911064156,own weekday,New Year's Day
AZPS,2022-01-01,New Year's Day,Sat,4.705671307038752,4.705671307038752,4.675858319068822,Sunday,New Year's Day
AZPS,2022-01-17,MLK Day,Mon,3.1519751005838126,3.403100486551532,4.226723961465229,own weekday,MLK Day
AZPS,2022-02-13,Super Bowl Sunday,Sun,3.010491802288686,2.96363678642218,3.010491802288686,Saturday,Super Bowl Sunday
AZPS,2022-02-21,Presidents' Day,Mon,3.5382435876550136,4.0949963588056315,4.008027343163464,own weekday,Presidents' Day
AZPS,2022-05-30,Memorial Day,Mon,3.520630832507559,2.038494564644444,2.479651054073191,Saturday,Memorial Day
AZPS,2022-06-19,Juneteenth,Sun,5.161247404246069,5.039390799810812,5.161247404246069,Saturday,Juneteenth
AZPS,2022-06-20,Juneteenth (observed),Mon,6.543928188956803,5.119113159784606,5.7035934335677005,Saturday,Juneteenth
AZPS,2022-07-04,Independence Day,Mon,2.1813422024594935,2.4025649527358093,1.2122933920046322,Sunday,Independence Day
AZPS,2022-09-05,Labor Day,Mon,4.148333160764027,3.363835737467085,3.8936362656998513,Saturday,Labor Day
AZPS,2022-10-10,Columbus Day,Mon,4.244989779478389,2.6942079169568505,3.5586271898412467,Saturday,Columbus Day
AZPS,2022-11-11,Veterans Day,Fri,15.454282447992384,13.115875556091119,12.451275419651123,Sunday,Veterans Day
AZPS,2022-11-24,Thanksgiving,Thu,10.705003345274605,7.705014167882286,8.1902919092495,Saturday,Thanksgiving
AZPS,2022-11-25,Day after Thanksgiving,Fri,13.954659711688407,7.063860133893371,6.911796206153298,Sunday,Day after Thanksgiving
AZPS,2022-12-24,Christmas Eve,Sat,4.479650724294414,4.479650724294414,6.531891262639579,Saturday,Christmas Eve
AZPS,2022-12-25,Christmas Day,Sun,4.8889517350327925,2.453869715257209,4.8889517350327925,Saturday,Christmas Day
AZPS,2022-12-26,Christmas Day (observed),Mon,1.8805632149089968,2.29666891754676,2.415006376316097,own weekday,Christmas Day
AZPS,2022-12-31,New Year's Eve,Sat,5.708462030671754,5.708462030671754,5.4952556570170845,Sunday,New Year's Eve
AZPS,2023-01-01,New Year's Day,Sun,9.609259602440307,10.797012742292129,9.609259602440307,Sunday,New Year's Day
AZPS,2023-01-02,New Year's Day (observed),Mon,2.9108727793481415,4.512839517884718,3.493145895490885,own weekday,New Year's Day
AZPS,2023-01-16,MLK Day,Mon,7.325599655650353,9.434721523332405,7.511915000826029,own weekday,MLK Day
AZPS,2023-02-12,Super Bowl Sunday,Sun,1.909319720239489,2.5012328661706085,1.909319720239489,Sunday,Super Bowl Sunday
AZPS,2023-02-20,Presidents' Day,Mon,5.24479639676679,4.873970857013029,2.8470340533565115,Sunday,Presidents' Day
AZPS,2023-05-29,Memorial Day,Mon,5.956878664683172,4.742279520739614,3.0487747768786284,Sunday,Memorial Day
AZPS,2023-06-19,Juneteenth,Mon,3.6667125570572057,3.3268534652860704,3.241818237674701,Sunday,Juneteenth
AZPS,2023-07-04,Independence Day,Tue,3.010432089429481,3.066409566699347,3.086471115765392,own weekday,Independence Day
AZPS,2023-09-04,Labor Day,Mon,1.7458921555769373,2.101055768965255,2.109257934627542,own weekday,Labor Day
AZPS,2023-10-09,Columbus Day,Mon,1.9989874036585777,1.9090244962248315,3.2585541821841972,Saturday,Columbus Day
AZPS,2023-11-10,Veterans Day (observed),Fri,11.070484752085513,10.694371825452508,12.844649061909996,Saturday,Veterans Day
AZPS,2023-11-11,Veterans Day,Sat,10.621055618994388,10.621055618994388,12.441799237560524,Saturday,Veterans Day
AZPS,2023-11-23,Thanksgiving,Thu,9.297981709696762,11.181927560201133,11.076121597971085,own weekday,Thanksgiving
AZPS,2023-11-24,Day after Thanksgiving,Fri,8.68954006485111,8.852954526971725,8.197082120949526,Sunday,Day after Thanksgiving
AZPS,2023-12-24,Christmas Eve,Sun,5.264895184073621,3.294901626976802,5.264895184073621,Saturday,Christmas Eve
AZPS,2023-12-25,Christmas Day,Mon,7.837920809288318,5.485307118824977,5.7932063847710875,Saturday,Christmas Day
AZPS,2023-12-31,New Year's Eve,Sun,2.4658925254446,1.6786326535360312,2.4658925254446,Saturday,New Year's Eve
AZPS,2024-01-01,New Year's Day,Mon,3.5029273612012237,2.721122430586384,3.7252367852810977,Saturday,New Year's Day
AZPS,2024-01-15,MLK Day,Mon,6.167449514133954,5.223746854215793,5.976549590201872,Saturday,MLK Day
AZPS,2024-02-11,Super Bowl Sunday,Sun,7.486127685766157,5.00111862854213,7.486127685766157,Saturday,Super Bowl Sunday
AZPS,2024-02-19,Presidents' Day,Mon,3.672892700292941,4.550760405362794,2.8944265775817617,Sunday,Presidents' Day
AZPS,2024-05-27,Memorial Day,Mon,11.373042009329255,9.868851509243424,7.869115356652697,Sunday,Memorial Day
AZPS,2024-06-19,Juneteenth,Wed,5.108815079131687,4.930713116216837,4.491750539919805,Sunday,Juneteenth
AZPS,2024-07-04,Independence Day,Thu,1.68479831311549,1.5164275132343399,2.962605747548401,Saturday,Independence Day
AZPS,2024-09-02,Labor Day,Mon,3.2851583936150335,3.6785463544400807,4.723129388038976,own weekday,Labor Day
AZPS,2024-10-14,Columbus Day,Mon,1.9782570269805664,3.346895685493222,3.4265146501296058,own weekday,Columbus Day
AZPS,2024-11-11,Veterans Day,Mon,10.756536330370688,8.804687321133196,11.297437964667472,Saturday,Veterans Day
AZPS,2024-11-28,Thanksgiving,Thu,5.438544580695838,5.25576174404992,6.598994922805791,Saturday,Thanksgiving
AZPS,2024-11-29,Day after Thanksgiving,Fri,2.177250560538309,2.3219751298472593,4.846368275912328,own weekday,Day after Thanksgiving
AZPS,2024-12-24,Christmas Eve,Tue,5.260048825512351,4.285182471581094,5.497718332666867,Saturday,Christmas Eve
AZPS,2024-12-25,Christmas Day,Wed,3.1943715342747767,3.0412529922996265,2.814171889411623,Sunday,Christmas Day
AZPS,2024-12-31,New Year's Eve,Tue,3.7756817440876076,2.3194140036568305,3.5956994999443705,Saturday,New Year's Eve
AZPS,2025-01-01,New Year's Day,Wed,3.241081281244947,2.4468252630696004,2.303309236631124,Sunday,New Year's Day
AZPS,2025-01-20,MLK Day,Mon,5.403368481750342,5.549940655887299,5.306570113526129,Sunday,MLK Day
AZPS,2025-02-09,Super Bowl Sunday,Sun,4.166539551495757,4.248782797353369,4.166539551495757,Sunday,Super Bowl Sunday
AZPS,2025-02-17,Presidents' Day,Mon,4.5521884372413615,3.2960276965302544,3.4331507673587773,Saturday,Presidents' Day
AZPS,2025-05-26,Memorial Day,Mon,7.8469107791470805,7.120260827063271,7.052777647420112,Sunday,Memorial Day
AZPS,2025-06-19,Juneteenth,Thu,7.381149586727198,6.2750069255825505,9.283586861465414,Saturday,Juneteenth
AZPS,2025-07-04,Independence Day,Fri,2.44461576440273,2.2023653699475565,3.46503061194633,Saturday,Independence Day
AZPS,2025-09-01,Labor Day,Mon,2.5336248836004316,2.7030525058797394,2.7931526372435784,own weekday,Labor Day
AZPS,2025-10-13,Columbus Day,Mon,5.759847873569206,6.290536396315654,7.436192711447652,own weekday,Columbus Day
AZPS,2025-11-11,Veterans Day,Tue,3.590138239009931,5.958984026089387,5.916420422290782,own weekday,Veterans Day
AZPS,2025-11-27,Thanksgiving,Thu,5.5974303424292104,6.916150077040216,9.002984562988054,own weekday,Thanksgiving
AZPS,2025-11-28,Day after Thanksgiving,Fri,6.1289944211696845,5.369145198022707,7.248714231895746,Saturday,Day after Thanksgiving
AZPS,2025-12-24,Christmas Eve,Wed,4.575134984112195,4.952077754151141,6.483476271600407,own weekday,Christmas Eve
AZPS,2025-12-25,Christmas Day,Thu,3.1439379795986495,3.453300831652692,2.694706232712741,Sunday,Christmas Day
AZPS,2025-12-31,New Year's Eve,Wed,5.755039140008236,6.0122804663672476,7.491902597013166,own weekday,New Year's Eve
AZPS,2026-01-01,New Year's Day,Thu,5.4877673531388425,4.559443299901822,5.908445572436684,Saturday,New Year's Day
AZPS,2026-01-19,MLK Day,Mon,2.420640392428759,3.2592365693145227,4.572907003106996,own weekday,MLK Day
AZPS,2026-02-08,Super Bowl Sunday,Sun,3.9255846546345183,2.80860942647356,3.9255846546345183,Saturday,Super Bowl Sunday
AZPS,2026-02-16,Presidents' Day,Mon,4.454863637240143,5.95546632099917,5.944360221056366,own weekday,Presidents' Day
AZPS,2026-05-25,Memorial Day,Mon,5.11735570278059,5.056554957461857,5.23853912619529,Saturday,Memorial Day
AZPS,2026-06-19,Juneteenth,Fri,3.5413694532514675,2.9118108361290505,2.5603401808991424,Sunday,Juneteenth
BANC,2015-09-07,Labor Day,Mon,4.672620622291186,4.071472651149544,2.2614291931672947,Sunday,Labor Day
BANC,2015-10-12,Columbus Day,Mon,3.7055182098258808,7.026918033065699,7.288280923276294,own weekday,Columbus Day
BANC,2015-11-11,Veterans Day,Wed,5.726404944136865,6.469088177422762,7.049319290364934,own weekday,Veterans Day
BANC,2015-11-26,Thanksgiving,Thu,9.450235241291514,8.399307239940752,10.488542423978808,Saturday,Thanksgiving
BANC,2015-11-27,Day after Thanksgiving,Fri,7.175189137973237,5.276481704236477,6.76866955339627,Saturday,Day after Thanksgiving
BANC,2015-12-24,Christmas Eve,Thu,3.8113938435526067,2.7347507110120692,3.8313926803051226,Saturday,Christmas Eve
BANC,2015-12-25,Christmas Day,Fri,5.625213414930678,4.356325880628429,6.964738517647735,Saturday,Christmas Day
BANC,2015-12-31,New Year's Eve,Thu,3.6704327491589943,2.6552545832237446,4.886020905777789,Saturday,New Year's Eve
BANC,2016-01-01,New Year's Day,Fri,5.483655012355814,2.6715219659955696,4.4748254710968585,Saturday,New Year's Day
BANC,2016-01-18,MLK Day,Mon,1.9264243080407664,2.8990663848517824,2.668687561177971,own weekday,MLK Day
BANC,2016-02-07,Super Bowl Sunday,Sun,3.6006565929890164,2.066933987502663,3.6006565929890164,Saturday,Super Bowl Sunday
BANC,2016-02-15,Presidents' Day,Mon,3.692808167633162,3.5409460136317543,2.8363660315805257,Sunday,Presidents' Day
BANC,2016-05-30,Memorial Day,Mon,16.140586900800834,19.42740729757094,15.736645835780191,Sunday,Memorial Day
BANC,2016-07-04,Independence Day,Mon,6.69073866309428,4.580275110012759,2.7705679959291523,Sunday,Independence Day
BANC,2016-09-05,Labor Day,Mon,4.928020088900134,4.324898446221139,3.8001109504356556,Sunday,Labor Day
BANC,2016-10-10,Columbus Day,Mon,6.0085606069436635,5.243068362960669,6.966599296287433,Saturday,Columbus Day
BANC,2016-11-11,Veterans Day,Fri,1.3856808962686955,3.9829413348694915,4.625115371337758,own weekday,Veterans Day
BANC,2016-11-24,Thanksgiving,Thu,7.318164333522252,6.298996372191917,7.723744774496831,Saturday,Thanksgiving
BANC,2016-11-25,Day after Thanksgiving,Fri,3.8323673076107463,2.3765327223931196,3.5461454254648603,Saturday,Day after Thanksgiving
BANC,2016-12-24,Christmas Eve,Sat,4.231386574579776,4.231386574579776,5.156086696057297,Saturday,Christmas Eve
BANC,2016-12-25,Christmas Day,Sun,8.23177383733808,7.202795400550429,8.23177383733808,Saturday,Christmas Day
BANC,2016-12-26,Christmas Day (observed),Mon,5.5411333045523286,4.653112374663074,4.775987584978176,Saturday,Christmas Day
BANC,2016-12-31,New Year's Eve,Sat,1.8821608890979415,1.8821608890979415,2.8365461752527628,Saturday,New Year's Eve
BANC,2017-01-01,New Year's Day,Sun,2.939773170642299,3.5770184709975728,2.939773170642299,Sunday,New Year's Day
BANC,2017-01-02,New Year's Day (observed),Mon,2.7129527435158214,1.5714630247065768,2.1408984703126013,Saturday,New Year's Day
BANC,2017-01-16,MLK Day,Mon,2.813383964281749,1.9536019273055736,2.7640275352709605,Saturday,MLK Day
BANC,2017-02-05,Super Bowl Sunday,Sun,1.5834842818118977,2.4487338445024265,1.5834842818118977,Sunday,Super Bowl Sunday
BANC,2017-02-20,Presidents' Day,Mon,3.509322549940093,5.138364741972409,4.409962094542153,own weekday,Presidents' Day
BANC,2017-05-29,Memorial Day,Mon,9.371991362161628,11.550756922077076,9.114597352747849,Sunday,Memorial Day
BANC,2017-07-04,Independence Day,Tue,6.241281193755108,6.141730090202505,5.445248192862132,Sunday,Independence Day
BANC,2017-09-04,Labor Day,Mon,9.44027227234118,11.319037923502579,11.634603956489347,own weekday,Labor Day
BANC,2017-10-09,Columbus Day,Mon,4.264787473407586,7.704789863435031,8.558404257655043,own weekday,Columbus Day
BANC,2017-11-10,Veterans Day (observed),Fri,2.3463570649974064,4.60997697328187,5.820086732249618,own weekday,Veterans Day
BANC,2017-11-11,Veterans Day,Sat,3.855627091861814,3.855627091861814,4.003971013619915,Saturday,Veterans Day
BANC,2017-11-23,Thanksgiving,Thu,5.190042295017334,4.220686866539875,5.628693749330335,Saturday,Thanksgiving
BANC,2017-11-24,Day after Thanksgiving,Fri,4.208184795616378,1.4586385484874844,1.7475261962738238,Saturday,Day after Thanksgiving
BANC,2017-12-24,Christmas Eve,Sun,3.779521634575885,2.9038561693984732,3.779521634575885,Saturday,Christmas Eve
BANC,2017-12-25,Christmas Day,Mon,5.192897409628524,1.9813366522801554,4.195149072349497,Saturday,Christmas Day
BANC,2017-12-31,New Year's Eve,Sun,3.193921773312151,1.518682375834198,3.193921773312151,Saturday,New Year's Eve
BANC,2018-01-01,New Year's Day,Mon,5.3126066720909915,2.0172178434944597,2.0177134959632355,Saturday,New Year's Day
BANC,2018-01-15,MLK Day,Mon,2.9448210557329753,5.010272932582295,4.457260561909516,own weekday,MLK Day
BANC,2018-02-04,Super Bowl Sunday,Sun,1.9430210617588488,2.3241988221856245,1.9430210617588488,Sunday,Super Bowl Sunday
BANC,2018-02-19,Presidents' Day,Mon,4.948032373336533,2.4569042333145066,3.154035857466774,Saturday,Presidents' Day
BANC,2018-05-28,Memorial Day,Mon,16.47806408278795,18.08117493212265,16.35675209530831,Sunday,Memorial Day
BANC,2018-09-03,Labor Day,Mon,3.769144535226316,2.2640966135242397,1.696168641607644,Sunday,Labor Day
BANC,2018-10-08,Columbus Day,Mon,6.221359398196634,6.9136629864161625,8.145038991855175,own weekday,Columbus Day
BANC,2018-11-11,Veterans Day,Sun,6.449959315366057,5.300200341677278,6.449959315366057,Saturday,Veterans Day
BANC,2018-11-12,Veterans Day (observed),Mon,4.25334991734695,5.402178468779825,6.50166892595063,own weekday,Veterans Day
BANC,2018-11-22,Thanksgiving,Thu,5.951745906385139,6.09585121024706,7.541813780975189,own weekday,Thanksgiving
BANC,2018-11-23,Day after Thanksgiving,Fri,2.5043265720606214,3.046154301243899,4.307995072656222,own weekday,Day after Thanksgiving
BANC,2018-12-24,Christmas Eve,Mon,4.472270501983536,4.719253339374249,5.586666458722089,own weekday,Christmas Eve
BANC,2018-12-25,Christmas Day,Tue,5.0916036400533295,2.446750789724671,4.859205178336517,Saturday,Christmas Day
BANC,2018-12-31,New Year's Eve,Mon,2.5799486351773595,1.750435047513103,3.21761543688534,Saturday,New Year's Eve
BANC,2019-01-01,New Year's Day,Tue,5.849127031561201,2.980193231666468,2.997973940867713,Saturday,New Year's Day
BANC,2019-01-21,MLK Day,Mon,1.9201336167154193,2.7173244514931856,3.279002226702829,own weekday,MLK Day
BANC,2019-02-03,Super Bowl Sunday,Sun,2.3760165810931873,2.5977578851657546,2.3760165810931873,Sunday,Super Bowl Sunday
BANC,2019-02-18,Presidents' Day,Mon,4.907693895290269,2.924370085759141,2.924544694215748,Saturday,Presidents' Day
BANC,2019-07-04,Independence Day,Thu,9.606185165067888,5.874650678616304,2.891346621873987,Sunday,Independence Day
BANC,2019-09-02,Labor Day,Mon,4.337148408753523,3.958706318938946,4.843107891557756,Saturday,Labor Day
BANC,2019-10-14,Columbus Day,Mon,6.390526952012239,6.2479729043260175,8.503951042472018,Saturday,Columbus Day
BANC,2019-11-11,Veterans Day,Mon,1.9427707988822176,4.276579102556846,5.2405666505619,own weekday,Veterans Day
BANC,2019-11-28,Thanksgiving,Thu,6.061506353365367,5.793561717588122,7.335241782329795,Saturday,Thanksgiving
BANC,2019-11-29,Day after Thanksgiving,Fri,4.180197148050623,2.6544481154623174,3.911833484791485,Saturday,Day after Thanksgiving
BANC,2019-12-24,Christmas Eve,Tue,3.5372645616816043,3.3542897133815766,4.830431037637529,Saturday,Christmas Eve
BANC,2019-12-25,Christmas Day,Wed,3.9887556903524697,2.012634051701886,3.5142116387390883,Saturday,Christmas Day
BANC,2019-12-31,New Year's Eve,Tue,2.9974099434270167,2.774631709631071,4.111145646529837,Saturday,New Year's Eve
BANC,2020-01-01,New Year's Day,Wed,6.4322039890990705,2.7174124489144047,3.768322829628332,Saturday,New Year's Day
BANC,2020-01-20,MLK Day,Mon,3.3477453236148293,4.617664138402821,3.877254139498164,own weekday,MLK Day
BANC,2020-02-02,Super Bowl Sunday,Sun,2.3713016623596093,2.9929865397433404,2.3713016623596093,Sunday,Super Bowl Sunday
BANC,2020-02-17,Presidents' Day,Mon,2.3669580420260408,2.632390296013832,2.2278841202587985,Sunday,Presidents' Day
BANC,2020-05-25,Memorial Day,Mon,22.411149910445083,16.71277704710881,17.889040779008038,Saturday,Memorial Day
BANC,2020-07-03,Independence Day (observed),Fri,9.125340289597734,8.407711021125142,5.816351237721809,Sunday,Independence Day
BANC,2020-07-04,Independence Day,Sat,14.284682411612506,14.284682411612506,11.640817252985206,Sunday,Independence Day
BANC,2020-09-07,Labor Day,Mon,3.7157262669095226,4.642822872015802,4.57348317770865,own weekday,Labor Day
BANC,2020-10-12,Columbus Day,Mon,6.431728503882722,6.032321613504396,8.285470805953379,Saturday,Columbus Day
BANC,2020-11-11,Veterans Day,Wed,13.178100523291608,10.05859566365773,11.951713480328188,Saturday,Veterans Day
BANC,2020-11-26,Thanksgiving,Thu,5.784088439390766,5.106215054408327,7.026656901120237,Saturday,Thanksgiving
BANC,2020-11-27,Day after Thanksgiving,Fri,5.069883921389342,3.919009696660072,5.134544260708831,Saturday,Day after Thanksgiving
BANC,2020-12-24,Christmas Eve,Thu,2.6501153041851735,2.553060338021745,3.5577734155814564,Saturday,Christmas Eve
BANC,2020-12-25,Christmas Day,Fri,2.332523722291092,2.8844718860849774,3.207109002224764,own weekday,Christmas Day
BANC,2020-12-31,New Year's Eve,Thu,1.9803058402929774,1.6275924277895832,2.0382015273066014,Saturday,New Year's Eve
BANC,2021-01-01,New Year's Day,Fri,5.004766633658795,1.5278543958990394,1.5000428313563023,Sunday,New Year's Day
BANC,2021-01-18,MLK Day,Mon,1.8797456908734758,2.403650843048059,2.419335343422855,own weekday,MLK Day
BANC,2021-02-07,Super Bowl Sunday,Sun,3.6294371084970254,2.0078319932060706,3.6294371084970254,Saturday,Super Bowl Sunday
BANC,2021-02-15,Presidents' Day,Mon,2.7116275621631414,5.4891498750086125,4.245662076323345,own weekday,Presidents' Day
BANC,2021-05-31,Memorial Day,Mon,19.078367984496737,22.44046883115344,19.427768884914958,own weekday,Memorial Day
BANC,2021-06-18,Juneteenth (observed),Fri,14.837731994953563,17.363041771647385,14.949677966365646,own weekday,Juneteenth
BANC,2021-06-19,Juneteenth,Sat,13.3831420873368,13.3831420873368,10.928610580176102,Sunday,Juneteenth
BANC,2021-07-04,Independence Day,Sun,2.050594176471535,2.5482455809254145,2.050594176471535,Sunday,Independence Day
BANC,2021-07-05,Independence Day (observed),Mon,7.130528611255162,4.889772017216682,3.6519645889090278,Sunday,Independence Day
BANC,2021-09-06,Labor Day,Mon,6.072310834643032,5.582595736622731,3.3901237975600256,Sunday,Labor Day
BANC,2021-10-11,Columbus Day,Mon,12.402641937911412,10.755481399571892,11.541104871337444,Saturday,Columbus Day
BANC,2021-11-11,Veterans Day,Thu,2.6464275516645386,3.540184800503617,4.9434645631585346,own weekday,Veterans Day
BANC,2021-11-25,Thanksgiving,Thu,5.01709369499465,5.309271049589296,6.467948700034273,own weekday,Thanksgiving
BANC,2021-11-26,Day after Thanksgiving,Fri,3.6349420273558195,2.825009985523777,3.528829933191708,Saturday,Day after Thanksgiving
BANC,2021-12-24,Christmas Eve,Fri,3.6034634941533263,1.7454476681324296,2.413518470938596,Saturday,Christmas Eve
BANC,2021-12-25,Christmas Day,Sat,1.6756948005670045,1.6756948005670045,2.7272411957864384,Saturday,Christmas Day
BANC,2021-12-31,New Year's Day (observed),Fri,3.664498019126219,2.094935437006364,3.5608335354802567,Saturday,New Year's Day
BANC,2022-01-01,New Year's Day,Sat,4.98344656560644,4.98344656560644,5.770594381665594,Saturday,New Year's Day
BANC,2022-01-17,MLK Day,Mon,1.1622119222866536,3.392205174723061,4.349191573930874,own weekday,MLK Day
BANC,2022-02-13,Super Bowl Sunday,Sun,1.8875445775432462,2.433681971773904,1.8875445775432462,Sunday,Super Bowl Sunday
BANC,2022-02-21,Presidents' Day,Mon,2.7090692583367244,2.3821772149456,2.0380269836303104,Sunday,Presidents' Day
BANC,2022-05-30,Memorial Day,Mon,8.08138843798394,5.005605548453967,4.274585770980318,Sunday,Memorial Day
BANC,2022-06-19,Juneteenth,Sun,6.110079297124049,5.825012709361966,6.110079297124049,Saturday,Juneteenth
BANC,2022-06-20,Juneteenth (observed),Mon,9.945441514624765,11.536852352899148,11.59007320807891,own weekday,Juneteenth
BANC,2022-07-04,Independence Day,Mon,5.05256445589529,4.989275292604292,5.218787564554889,Saturday,Independence Day
BANC,2022-09-05,Labor Day,Mon,6.5328663243006915,6.66890562574685,6.483423084677563,Sunday,Labor Day
BANC,2022-10-10,Columbus Day,Mon,1.7712896475684536,3.9541833556320136,4.750955402558693,own weekday,Columbus Day
BANC,2022-11-11,Veterans Day,Fri,10.53690924777228,6.826980379892829,6.909519470722743,Saturday,Veterans Day
BANC,2022-11-24,Thanksgiving,Thu,9.102294207892053,6.012322839707324,8.174589839693484,Saturday,Thanksgiving
BANC,2022-11-25,Day after Thanksgiving,Fri,7.359666224776554,3.238287362518968,4.011266085020161,Saturday,Day after Thanksgiving
BANC,2022-12-24,Christmas Eve,Sat,2.7901408477202256,2.7901408477202256,5.002592239047447,Saturday,Christmas Eve
BANC,2022-12-25,Christmas Day,Sun,2.6898628781456813,2.067820001142385,2.6898628781456813,Saturday,Christmas Day
BANC,2022-12-26,Christmas Day (observed),Mon,4.266814483156564,5.38973561173938,4.578934249718332,own weekday,Christmas Day
BANC,2022-12-31,New Year's Eve,Sat,7.482744243654027,7.482744243654027,7.080157026691983,Sunday,New Year's Eve
BANC,2023-01-01,New Year's Day,Sun,1.9098603315823637,3.4786327773330497,1.9098603315823637,Sunday,New Year's Day
BANC,2023-01-02,New Year's Day (observed),Mon,4.943074420893847,6.655864057172788,5.816947648622631,own weekday,New Year's Day
BANC,2023-01-16,MLK Day,Mon,1.7456947169274626,2.2373612955075584,2.63254066575553,own weekday,MLK Day
BANC,2023-02-12,Super Bowl Sunday,Sun,5.956345055923552,2.7920846970478044,5.956345055923552,Saturday,Super Bowl Sunday
BANC,2023-02-20,Presidents' Day,Mon,2.0293098507565372,2.2813704204014016,4.59577421758834,own weekday,Presidents' Day
BANC,2023-05-29,Memorial Day,Mon,6.398393484659404,1.7348036421358985,2.445760080722461,Saturday,Memorial Day
BANC,2023-06-19,Juneteenth,Mon,2.8595306201328383,5.342329074191991,4.417684145417355,own weekday,Juneteenth
BANC,2023-07-04,Independence Day,Tue,8.798338177186437,4.407056597335468,3.4384992166976858,Sunday,Independence Day
BANC,2023-09-04,Labor Day,Mon,5.294846537502878,4.70880272990381,5.127539205228595,Saturday,Labor Day
BANC,2023-10-09,Columbus Day,Mon,8.823942496327232,10.38219404128079,8.278631387514253,Sunday,Columbus Day
BANC,2023-11-10,Veterans Day (observed),Fri,6.553029837632902,5.357661276082539,7.143018475064405,Saturday,Veterans Day
BANC,2023-11-11,Veterans Day,Sat,5.005806335429274,5.005806335429274,6.862980825169919,Saturday,Veterans Day
BANC,2023-11-23,Thanksgiving,Thu,5.742597580861166,5.977030398191114,7.68356396225849,own weekday,Thanksgiving
BANC,2023-11-24,Day after Thanksgiving,Fri,5.302421081594186,3.8385300504564706,4.514125534888382,Saturday,Day after Thanksgiving
BANC,2023-12-24,Christmas Eve,Sun,4.200340227376131,3.09254370705031,4.200340227376131,Saturday,Christmas Eve
BANC,2023-12-25,Christmas Day,Mon,4.177964498328271,2.368532600278167,3.422722483700997,Saturday,Christmas Day
BANC,2023-12-31,New Year's Eve,Sun,3.4426670105131723,2.6436182401921555,3.4426670105131723,Saturday,New Year's Eve
BANC,2024-01-01,New Year's Day,Mon,4.878823974277364,2.26750570790311,1.4989469281671066,Sunday,New Year's Day
BANC,2024-01-15,MLK Day,Mon,3.03121672223727,2.6515730678898923,3.5895607741114786,Saturday,MLK Day
BANC,2024-02-11,Super Bowl Sunday,Sun,4.453474203817181,5.433372877161925,4.453474203817181,Sunday,Super Bowl Sunday
BANC,2024-02-19,Presidents' Day,Mon,3.993022182992404,2.1135681562535025,3.510989494415559,Saturday,Presidents' Day
BANC,2024-05-27,Memorial Day,Mon,12.980553948883774,11.351453811259137,8.248857283263874,Sunday,Memorial Day
BANC,2024-06-19,Juneteenth,Wed,4.55580842200378,6.4226988311541096,6.0387144873263106,own weekday,Juneteenth
BANC,2024-07-04,Independence Day,Thu,8.091480534087896,8.682422269328686,8.064558271761822,Sunday,Independence Day
BANC,2024-09-02,Labor Day,Mon,3.232486967699825,2.5480082639121493,1.9887707308911933,Sunday,Labor Day
BANC,2024-10-14,Columbus Day,Mon,6.569522749431754,6.276070714846303,6.759561909383685,Saturday,Columbus Day
BANC,2024-11-11,Veterans Day,Mon,3.8349280804776056,6.753408077784721,8.382341287031641,own weekday,Veterans Day
BANC,2024-11-28,Thanksgiving,Thu,7.110861904300987,7.41615244450259,8.882374995508128,own weekday,Thanksgiving
BANC,2024-11-29,Day after Thanksgiving,Fri,4.9895433985184,4.375864829165313,5.517660250770625,Saturday,Day after Thanksgiving
BANC,2024-12-24,Christmas Eve,Tue,4.216988926703766,4.075537554789797,5.11883185559932,Saturday,Christmas Eve
BANC,2024-12-25,Christmas Day,Wed,2.910628825810176,2.011500943061862,3.0085571721300672,Saturday,Christmas Day
BANC,2024-12-31,New Year's Eve,Tue,2.232116967389601,3.2759459460844345,3.890141586650347,own weekday,New Year's Eve
BANC,2025-01-01,New Year's Day,Wed,3.311596557518029,1.711651731825296,2.209261334513864,Saturday,New Year's Day
BANC,2025-01-20,MLK Day,Mon,2.2382813086933466,2.75469733359162,3.7540450788099844,own weekday,MLK Day
BANC,2025-02-09,Super Bowl Sunday,Sun,3.9389054801986227,2.860642796889093,3.9389054801986227,Saturday,Super Bowl Sunday
BANC,2025-02-17,Presidents' Day,Mon,2.1885451487049843,2.6683173204465764,2.711125627343386,own weekday,Presidents' Day
BANC,2025-05-26,Memorial Day,Mon,5.698444733910709,7.378197689563725,4.991724393996022,Sunday,Memorial Day
BANC,2025-06-19,Juneteenth,Thu,5.8200388404528995,4.787367886275731,6.333303633129372,Saturday,Juneteenth
BANC,2025-07-04,Independence Day,Fri,4.498751796261425,4.075381617978378,3.39895827054833,Sunday,Independence Day
BANC,2025-09-01,Labor Day,Mon,6.596584558563672,5.986639055751216,6.461086088303385,Saturday,Labor Day
BANC,2025-10-13,Columbus Day,Mon,12.142473806957243,10.597159552935679,13.131994092412755,Saturday,Columbus Day
BANC,2025-11-11,Veterans Day,Tue,2.475666746429413,3.0881347629303075,4.47282635814977,own weekday,Veterans Day
BANC,2025-11-27,Thanksgiving,Thu,5.5140731954969375,6.420918032949363,8.476984587315233,own weekday,Thanksgiving
BANC,2025-11-28,Day after Thanksgiving,Fri,2.7408643835293196,3.8777919738978066,4.800045448995335,own weekday,Day after Thanksgiving
BANC,2025-12-24,Christmas Eve,Wed,3.061341296130722,2.763546520160161,3.3920964843063306,Saturday,Christmas Eve
BANC,2025-12-25,Christmas Day,Thu,4.093942658824804,1.81158333149847,3.7021804757980448,Saturday,Christmas Day
BANC,2025-12-31,New Year's Eve,Wed,3.4273336493956785,4.051283447989979,4.585614022377419,own weekday,New Year's Eve
BANC,2026-01-01,New Year's Day,Thu,3.8054782316582347,2.006435447051598,3.546628545958233,Saturday,New Year's Day
BANC,2026-01-19,MLK Day,Mon,1.3981940401758375,2.880257847456419,3.199429946866481,own weekday,MLK Day
BANC,2026-02-08,Super Bowl Sunday,Sun,2.824800686536039,2.2663438716211926,2.824800686536039,Saturday,Super Bowl Sunday
BANC,2026-02-16,Presidents' Day,Mon,5.8559840482194945,8.198499291020939,6.989335460840522,own weekday,Presidents' Day
BANC,2026-05-25,Memorial Day,Mon,5.295505227309338,1.8966560548164313,2.5293403721240013,Saturday,Memorial Day
BANC,2026-06-19,Juneteenth,Fri,4.286564252215253,3.1249629955829192,4.543055906389603,Saturday,Juneteenth
BPAT,2015-09-07,Labor Day,Mon,2.546468519340853,2.0834675496154658,2.6908714896106334,Saturday,Labor Day
BPAT,2015-10-12,Columbus Day,Mon,1.7849036837757044,4.289659827163048,4.144418539246564,own weekday,Columbus Day
BPAT,2015-11-11,Veterans Day,Wed,2.7587285253542047,3.410431624474058,3.5770342394470624,own weekday,Veterans Day
BPAT,2015-11-26,Thanksgiving,Thu,7.22956304634547,7.341883968271408,8.926142251833944,own weekday,Thanksgiving
BPAT,2015-11-27,Day after Thanksgiving,Fri,5.18932097017226,6.0635871479953005,7.385970424634693,own weekday,Day after Thanksgiving
BPAT,2015-12-24,Christmas Eve,Thu,3.4361640755067766,2.6625068221462063,3.967038739134571,Saturday,Christmas Eve
BPAT,2015-12-25,Christmas Day,Fri,2.942650272499732,3.300372477130934,4.316551740676133,own weekday,Christmas Day
BPAT,2015-12-31,New Year's Eve,Thu,3.923126887246254,3.869340332042654,5.069367897688829,Saturday,New Year's Eve
BPAT,2016-01-01,New Year's Day,Fri,3.162518602797519,3.8134887427557875,4.946443772652082,own weekday,New Year's Day
BPAT,2016-01-18,MLK Day,Mon,2.5000221969027843,2.96358857637047,1.970758511748201,Sunday,MLK Day
BPAT,2016-02-07,Super Bowl Sunday,Sun,4.176459825625658,2.9164290612280683,4.176459825625658,Saturday,Super Bowl Sunday
BPAT,2016-02-15,Presidents' Day,Mon,3.6722883567303874,2.671776884472228,2.013675685600836,Sunday,Presidents' Day
BPAT,2016-05-30,Memorial Day,Mon,3.408525304113402,3.626948026605333,1.8304024138269437,Sunday,Memorial Day
BPAT,2016-07-04,Independence Day,Mon,3.608806530141044,3.0957532940815953,2.785267073088211,Sunday,Independence Day
BPAT,2016-09-05,Labor Day,Mon,2.8593934063724724,2.4128755516957616,3.143211080267192,Saturday,Labor Day
BPAT,2016-10-10,Columbus Day,Mon,4.568547558569274,3.6665550096393544,4.438357812745078,Saturday,Columbus Day
BPAT,2016-11-11,Veterans Day,Fri,1.5716362721478996,2.6543827159751214,3.0890514235703175,own weekday,Veterans Day
BPAT,2016-11-24,Thanksgiving,Thu,4.929330735231185,3.6053380989596215,4.842609546200815,Saturday,Thanksgiving
BPAT,2016-11-25,Day after Thanksgiving,Fri,2.6248284058302653,1.595364654279862,2.3120478114035943,Saturday,Day after Thanksgiving
BPAT,2016-12-24,Christmas Eve,Sat,2.1164100200789893,2.1164100200789893,4.171325094546811,Saturday,Christmas Eve
BPAT,2016-12-25,Christmas Day,Sun,5.643730093278568,3.4659126444169583,5.643730093278568,Saturday,Christmas Day
BPAT,2016-12-26,Christmas Day (observed),Mon,2.6032153253867625,1.4491737767126547,2.583257031571502,Saturday,Christmas Day
BPAT,2016-12-31,New Year's Eve,Sat,1.6109390902599787,1.6109390902599787,2.843157928191925,Saturday,New Year's Eve
BPAT,2017-01-01,New Year's Day,Sun,2.3359217206347727,1.342320557507393,2.3359217206347727,Saturday,New Year's Day
BPAT,2017-01-02,New Year's Day (observed),Mon,2.4763571752392894,1.9599101785423592,1.6452385569382308,Sunday,New Year's Day
BPAT,2017-01-16,MLK Day,Mon,4.188864628075914,2.701660602917795,4.411109680492969,Saturday,MLK Day
BPAT,2017-02-05,Super Bowl Sunday,Sun,3.4287970088112756,4.825083826140989,3.4287970088112756,Sunday,Super Bowl Sunday
BPAT,2017-02-20,Presidents' Day,Mon,2.044821905274767,3.3172954470253306,2.4977601986400155,own weekday,Presidents' Day
BPAT,2017-05-29,Memorial Day,Mon,7.365040839358146,8.33917421136471,7.111334688396507,Sunday,Memorial Day
BPAT,2017-07-04,Independence Day,Tue,3.6778198284446195,4.138422278824843,2.803841426912661,Sunday,Independence Day
BPAT,2017-09-04,Labor Day,Mon,2.4283698037486947,2.72293098072487,1.5288512837439974,Sunday,Labor Day
BPAT,2017-10-09,Columbus Day,Mon,6.764211891454261,6.437613120382118,8.070849917935346,Saturday,Columbus Day
BPAT,2017-11-10,Veterans Day (observed),Fri,1.8085556066645463,2.2860152811066845,3.223145854073053,own weekday,Veterans Day
BPAT,2017-11-11,Veterans Day,Sat,2.05496026056536,2.05496026056536,2.9657145051039056,Saturday,Veterans Day
BPAT,2017-11-23,Thanksgiving,Thu,5.835849203152212,4.263011125355362,4.421626192366007,Saturday,Thanksgiving
BPAT,2017-11-24,Day after Thanksgiving,Fri,3.7456654512806837,3.4264665349508845,2.5679284787451078,Sunday,Day after Thanksgiving
BPAT,2017-12-24,Christmas Eve,Sun,1.9906714517484072,1.3783788127918508,1.9906714517484072,Saturday,Christmas Eve
BPAT,2017-12-25,Christmas Day,Mon,4.543487437178218,3.533310271414907,4.993792099110383,Saturday,Christmas Day
BPAT,2017-12-31,New Year's Eve,Sun,2.5673241142156416,1.101971662468708,2.5673241142156416,Saturday,New Year's Eve
BPAT,2018-01-01,New Year's Day,Mon,2.900449667623804,1.073735758936876,1.9928546787984633,Saturday,New Year's Day
BPAT,2018-01-15,MLK Day,Mon,1.2847894330712766,2.665406643471471,2.1067027448956246,own weekday,MLK Day
BPAT,2018-02-04,Super Bowl Sunday,Sun,1.9623520966657826,2.193870151591931,1.9623520966657826,Sunday,Super Bowl Sunday
BPAT,2018-02-19,Presidents' Day,Mon,3.004201560715801,2.8978523083523804,3.236516786082929,Saturday,Presidents' Day
BPAT,2018-05-28,Memorial Day,Mon,6.375651501860652,5.496990957425229,3.197002633807824,Sunday,Memorial Day
BPAT,2018-07-04,Independence Day,Wed,3.0959007840524384,2.7801398533776256,2.2198499897144552,Sunday,Independence Day
BPAT,2018-09-03,Labor Day,Mon,2.562116479163136,1.9776073388096345,2.560464132809585,Saturday,Labor Day
BPAT,2018-10-08,Columbus Day,Mon,2.7615263796642937,3.9616174185042476,3.856874105005629,own weekday,Columbus Day
BPAT,2018-11-11,Veterans Day,Sun,5.362277571967986,3.2406332238568885,5.362277571967986,Saturday,Veterans Day
BPAT,2018-11-12,Veterans Day (observed),Mon,4.83474476095799,4.335184133552955,5.836876672444783,Saturday,Veterans Day
BPAT,2018-11-22,Thanksgiving,Thu,4.989492835683537,3.4481303539700594,2.7889255472706616,Sunday,Thanksgiving
BPAT,2018-11-23,Day after Thanksgiving,Fri,2.250740751360257,2.0716097879037823,1.6281842663846715,Sunday,Day after Thanksgiving
BPAT,2018-12-24,Christmas Eve,Mon,3.7871073000547697,2.109450673422954,2.3867650802054734,Saturday,Christmas Eve
BPAT,2018-12-25,Christmas Day,Tue,3.3294060716163485,1.2705707390910461,2.7679294795615887,Saturday,Christmas Day
BPAT,2018-12-31,New Year's Eve,Mon,2.1918805636438234,1.93691174965183,3.227761817991923,Saturday,New Year's Eve
BPAT,2019-01-01,New Year's Day,Tue,3.116767323355674,2.151833529922818,3.4905972082971033,Saturday,New Year's Day
BPAT,2019-01-21,MLK Day,Mon,1.261662869372184,2.398247792476309,2.998167976329138,own weekday,MLK Day
BPAT,2019-02-03,Super Bowl Sunday,Sun,3.1809627732164962,4.828856208458398,3.1809627732164962,Sunday,Super Bowl Sunday
BPAT,2019-02-18,Presidents' Day,Mon,2.499987362815638,3.0638934733532084,3.7466498282398515,own weekday,Presidents' Day
BPAT,2019-05-27,Memorial Day,Mon,5.262092406857346,4.36825488662367,4.002475577668771,Sunday,Memorial Day
BPAT,2019-07-04,Independence Day,Thu,3.0099698403593127,1.596881732757749,1.8371907683809936,Saturday,Independence Day
BPAT,2019-09-02,Labor Day,Mon,2.48757822790539,4.128758271599236,2.292690772623754,Sunday,Labor Day
BPAT,2019-10-14,Columbus Day,Mon,4.7298116259081375,5.971803948554685,6.429555938683444,own weekday,Columbus Day
BPAT,2019-11-11,Veterans Day,Mon,1.9740078569751223,3.294289963741178,2.567706727126456,own weekday,Veterans Day
BPAT,2019-11-28,Thanksgiving,Thu,3.9514650155145583,1.9870469114316918,3.9075223637771552,Saturday,Thanksgiving
BPAT,2019-11-29,Day after Thanksgiving,Fri,2.5756424554009296,3.1820044712477187,3.638555426005015,own weekday,Day after Thanksgiving
BPAT,2019-12-24,Christmas Eve,Tue,3.196200617302424,1.880564474838651,3.6661909899149503,Saturday,Christmas Eve
BPAT,2019-12-25,Christmas Day,Wed,3.167136262568515,1.6702098470626179,2.4625731344056567,Saturday,Christmas Day
BPAT,2019-12-31,New Year's Eve,Tue,3.458630349422088,2.274931977503741,3.059440441732768,Saturday,New Year's Eve
BPAT,2020-01-01,New Year's Day,Wed,4.090245689935381,3.1106945681235345,1.7559479428110494,Sunday,New Year's Day
BPAT,2020-01-20,MLK Day,Mon,1.4904814704766158,2.421397114449822,1.9795388211991898,own weekday,MLK Day
BPAT,2020-02-02,Super Bowl Sunday,Sun,3.770693240205878,3.078988599744464,3.770693240205878,Saturday,Super Bowl Sunday
BPAT,2020-02-17,Presidents' Day,Mon,3.5733275772680297,3.9216631840325857,3.824693735736166,own weekday,Presidents' Day
BPAT,2020-05-25,Memorial Day,Mon,4.841555741000967,3.45897743843424,5.368665796406532,Saturday,Memorial Day
BPAT,2020-07-03,Independence Day (observed),Fri,2.233027264804555,1.4815294193858166,1.1425887578818168,Sunday,Independence Day
BPAT,2020-07-04,Independence Day,Sat,1.5287237989746316,1.5287237989746316,2.048488049717865,Saturday,Independence Day
BPAT,2020-09-07,Labor Day,Mon,2.882333926117641,3.015167982561655,3.256148546351292,own weekday,Labor Day
BPAT,2020-10-12,Columbus Day,Mon,2.245775461938373,3.87459918819319,4.214234123221009,own weekday,Columbus Day
BPAT,2020-11-11,Veterans Day,Wed,3.8898333150237128,3.649065745762784,4.00831101564925,Saturday,Veterans Day
BPAT,2020-11-26,Thanksgiving,Thu,4.198952766352939,3.417500125547917,3.534862264995378,Saturday,Thanksgiving
BPAT,2020-11-27,Day after Thanksgiving,Fri,3.221570900149255,2.201464712283397,1.706944375754037,Sunday,Day after Thanksgiving
BPAT,2020-12-24,Christmas Eve,Thu,4.222626704470564,3.6622705392781194,4.202753050280302,Saturday,Christmas Eve
BPAT,2020-12-25,Christmas Day,Fri,2.8297141612095813,2.478511742006315,2.0681559964268468,Sunday,Christmas Day
BPAT,2020-12-31,New Year's Eve,Thu,2.7046078330060923,1.9920247378256861,2.064181938363191,Saturday,New Year's Eve
BPAT,2021-01-01,New Year's Day,Fri,3.688373704165381,2.6523924845410596,2.319802772081326,Sunday,New Year's Day
BPAT,2021-01-18,MLK Day,Mon,1.7852734003964472,2.9119223687561067,3.2227898246446873,own weekday,MLK Day
BPAT,2021-02-07,Super Bowl Sunday,Sun,2.432251071312344,1.5372779338762865,2.432251071312344,Saturday,Super Bowl Sunday
BPAT,2021-02-15,Presidents' Day,Mon,3.7393502914186825,1.6075845278208596,2.757369121424813,Saturday,Presidents' Day
BPAT,2021-05-31,Memorial Day,Mon,7.912567408002167,8.611310119116256,7.629219892792706,Sunday,Memorial Day
BPAT,2021-06-18,Juneteenth (observed),Fri,5.9063257830727665,5.445853743406589,4.116846218479806,Sunday,Juneteenth
BPAT,2021-06-19,Juneteenth,Sat,4.625530055847532,4.625530055847532,3.0871619865065925,Sunday,Juneteenth
BPAT,2021-07-04,Independence Day,Sun,3.331150595135134,4.567848360121542,3.331150595135134,Sunday,Independence Day
BPAT,2021-07-05,Independence Day (observed),Mon,5.740362388369962,6.237517848055822,3.6441550360553485,Sunday,Independence Day
BPAT,2021-09-06,Labor Day,Mon,2.0054498751997105,2.194437928766196,0.8936373842598023,Sunday,Labor Day
BPAT,2021-10-11,Columbus Day,Mon,5.672878107024226,6.083906831657815,6.607183504126094,own weekday,Columbus Day
BPAT,2021-11-11,Veterans Day,Thu,2.305083852126905,3.165549412547248,3.544768082910562,own weekday,Veterans Day
BPAT,2021-11-25,Thanksgiving,Thu,4.675586366816591,3.5236195119576674,5.480282013641474,Saturday,Thanksgiving
BPAT,2021-11-26,Day after Thanksgiving,Fri,1.8537153038330656,1.375056875286333,2.282682306074817,Saturday,Day after Thanksgiving
BPAT,2021-12-24,Christmas Eve,Fri,2.2127208175871034,0.9660636399246305,1.884880469491822,Saturday,Christmas Eve
BPAT,2021-12-25,Christmas Day,Sat,1.1387733547513446,1.1387733547513446,1.9638068858306656,Saturday,Christmas Day
BPAT,2021-12-31,New Year's Day (observed),Fri,2.9245084256010547,2.0944257121284613,3.211139290817085,Saturday,New Year's Day
BPAT,2022-01-01,New Year's Day,Sat,4.870580271815889,4.870580271815889,6.236081135904484,Saturday,New Year's Day
BPAT,2022-01-17,MLK Day,Mon,0.9210741142659247,1.9522564218079412,2.628885380261379,own weekday,MLK Day
BPAT,2022-02-13,Super Bowl Sunday,Sun,6.764355060946505,4.83821875645085,6.764355060946505,Saturday,Super Bowl Sunday
BPAT,2022-02-21,Presidents' Day,Mon,2.2521217683394474,3.0266341357422766,2.6054422252511737,own weekday,Presidents' Day
BPAT,2022-05-30,Memorial Day,Mon,3.9107067994174995,2.5337417863694105,1.1049813466782088,Sunday,Memorial Day
BPAT,2022-06-19,Juneteenth,Sun,1.619531912745913,2.6217051671219873,1.619531912745913,Sunday,Juneteenth
BPAT,2022-06-20,Juneteenth (observed),Mon,2.2015275159507324,4.974303381623677,3.907440797116748,own weekday,Juneteenth
BPAT,2022-07-04,Independence Day,Mon,4.036914652420485,2.9438164681102332,1.2535059661078318,Sunday,Independence Day
BPAT,2022-09-05,Labor Day,Mon,2.1387157152678444,3.287559830510895,1.6191217859196698,Sunday,Labor Day
BPAT,2022-10-10,Columbus Day,Mon,2.7802098787436833,3.5403118910886544,4.071021325574677,own weekday,Columbus Day
BPAT,2022-11-11,Veterans Day,Fri,3.9103838595328755,5.117828521308499,6.774570970040843,own weekday,Veterans Day
BPAT,2022-11-24,Thanksgiving,Thu,5.416589013247653,5.777186722183719,7.891324741885613,own weekday,Thanksgiving
BPAT,2022-11-25,Day after Thanksgiving,Fri,1.4231205033670329,1.7850592982778306,2.2725583403134837,own weekday,Day after Thanksgiving
BPAT,2022-12-24,Christmas Eve,Sat,4.519638402629467,4.519638402629467,5.788564906645988,Saturday,Christmas Eve
BPAT,2022-12-25,Christmas Day,Sun,3.154530726459917,2.050064706423988,3.154530726459917,Saturday,Christmas Day
BPAT,2022-12-26,Christmas Day (observed),Mon,3.5348349750719805,3.958995918831664,1.718011924107855,Sunday,Christmas Day
BPAT,2022-12-31,New Year's Eve,Sat,1.669170033012353,1.669170033012353,1.3104714888631228,Sunday,New Year's Eve
BPAT,2023-01-01,New Year's Day,Sun,1.7102035025949691,3.4832001619897253,1.7102035025949691,Sunday,New Year's Day
BPAT,2023-01-02,New Year's Day (observed),Mon,1.7248432523043402,3.1768678163624187,1.425543067194532,Sunday,New Year's Day
BPAT,2023-01-16,MLK Day,Mon,0.9956633778817695,2.546669426200954,2.6704605693608423,own weekday,MLK Day
BPAT,2023-02-12,Super Bowl Sunday,Sun,6.325952248635258,5.696441553143828,6.325952248635258,Saturday,Super Bowl Sunday
BPAT,2023-02-20,Presidents' Day,Mon,1.4274113536123032,1.9879268681574653,1.6126700504347353,own weekday,Presidents' Day
BPAT,2023-05-29,Memorial Day,Mon,5.1745360278316745,4.465743918150678,2.6602687909828004,Sunday,Memorial Day
BPAT,2023-06-19,Juneteenth,Mon,1.4013243746218933,3.239550196201741,3.8100256473450855,own weekday,Juneteenth
BPAT,2023-07-04,Independence Day,Tue,6.2567845818972945,5.514258300405729,4.288470193928976,Sunday,Independence Day
BPAT,2023-09-04,Labor Day,Mon,2.6822240195113825,3.843214846890812,4.423795556018806,own weekday,Labor Day
BPAT,2023-10-09,Columbus Day,Mon,1.4530677961231546,3.673822768524434,3.2308568116397507,own weekday,Columbus Day
BPAT,2023-11-10,Veterans Day (observed),Fri,1.9941615412482152,3.492681093218942,4.509893292610288,own weekday,Veterans Day
BPAT,2023-11-11,Veterans Day,Sat,1.770419337004674,1.770419337004674,2.98607526138044,Saturday,Veterans Day
BPAT,2023-11-23,Thanksgiving,Thu,3.2004448433672614,3.640324238219266,4.776961252940714,own weekday,Thanksgiving
BPAT,2023-11-24,Day after Thanksgiving,Fri,3.512081628490634,4.953618120693584,5.504895268793105,own weekday,Day after Thanksgiving
BPAT,2023-12-24,Christmas Eve,Sun,3.726044101494272,2.9161038968158985,3.726044101494272,Saturday,Christmas Eve
BPAT,2023-12-25,Christmas Day,Mon,3.483039188924115,1.9473191421106466,2.6365392065601285,Saturday,Christmas Day
BPAT,2023-12-31,New Year's Eve,Sun,1.4484381042837482,2.790433133018218,1.4484381042837482,Sunday,New Year's Eve
BPAT,2024-01-01,New Year's Day,Mon,1.9356923066582796,2.2554227587610707,1.033270483434062,Sunday,New Year's Day
BPAT,2024-01-15,MLK Day,Mon,3.8245401057568422,2.9322893120314877,2.611119441647362,Sunday,MLK Day
BPAT,2024-02-11,Super Bowl Sunday,Sun,1.7731616824883092,1.4698908383570908,1.7731616824883092,Saturday,Super Bowl Sunday
BPAT,2024-02-19,Presidents' Day,Mon,1.13543126319191,2.3212021487968153,2.6957021774080343,own weekday,Presidents' Day
BPAT,2024-05-27,Memorial Day,Mon,4.698555689805484,3.614767433946365,3.7944450356681556,Saturday,Memorial Day
BPAT,2024-06-19,Juneteenth,Wed,4.256994394489699,3.5172965770414977,3.0802200592043376,Sunday,Juneteenth
BPAT,2024-07-04,Independence Day,Thu,5.122194348578497,4.094398522528441,3.479510160664722,Sunday,Independence Day
BPAT,2024-09-02,Labor Day,Mon,1.9075672524810596,1.6206114197415935,1.4561399903805954,Sunday,Labor Day
BPAT,2024-10-14,Columbus Day,Mon,2.976352243853714,3.0710861305443125,2.891080967716019,Sunday,Columbus Day
BPAT,2024-11-11,Veterans Day,Mon,1.830943684799145,4.237017596783935,2.344631299804702,own weekday,Veterans Day
BPAT,2024-11-28,Thanksgiving,Thu,3.0659438700566493,2.629885442658033,4.9604639100356085,Saturday,Thanksgiving
BPAT,2024-11-29,Day after Thanksgiving,Fri,1.8171188394434694,1.1035262612770178,3.060053548513493,Saturday,Day after Thanksgiving
BPAT,2024-12-24,Christmas Eve,Tue,3.038920325686769,1.1434354085410725,1.2288987519678602,Saturday,Christmas Eve
BPAT,2024-12-25,Christmas Day,Wed,3.0185345984204845,1.762661427427412,1.5231991936178773,Sunday,Christmas Day
BPAT,2024-12-31,New Year's Eve,Tue,1.7529034064417848,1.9942526699803367,2.615051610665159,own weekday,New Year's Eve
BPAT,2025-01-01,New Year's Day,Wed,2.7012130370032414,1.6187199893973097,2.4329203432553204,Saturday,New Year's Day
BPAT,2025-01-20,MLK Day,Mon,4.4042050307976375,4.468971643265395,4.833191344880992,own weekday,MLK Day
BPAT,2025-02-09,Super Bowl Sunday,Sun,2.4656893286385397,1.6821803620399496,2.4656893286385397,Saturday,Super Bowl Sunday
BPAT,2025-02-17,Presidents' Day,Mon,1.8801333115977172,1.038496441438179,1.9079090585167922,Saturday,Presidents' Day
BPAT,2025-05-26,Memorial Day,Mon,4.788596636706577,4.479546682986122,3.365536313183412,Sunday,Memorial Day
BPAT,2025-06-19,Juneteenth,Thu,3.3953858205842478,2.758232381133011,1.8478036147185226,Sunday,Juneteenth
BPAT,2025-07-04,Independence Day,Fri,2.3110462426169947,2.0129042467238154,2.6694342477999276,Saturday,Independence Day
BPAT,2025-09-01,Labor Day,Mon,1.6020126329587836,2.207660644323341,1.0340041412322032,Sunday,Labor Day
BPAT,2025-10-13,Columbus Day,Mon,5.3751641036003805,6.096717074545914,5.791478690923092,own weekday,Columbus Day
BPAT,2025-11-11,Veterans Day,Tue,0.9394931582706356,2.9681086470427607,3.1496994077710068,own weekday,Veterans Day
BPAT,2025-11-27,Thanksgiving,Thu,4.078222146431142,2.6613297344065607,4.121514086128749,Saturday,Thanksgiving
BPAT,2025-11-28,Day after Thanksgiving,Fri,2.372134124894578,2.39317373501715,1.8412012388361252,Sunday,Day after Thanksgiving
BPAT,2025-12-24,Christmas Eve,Wed,2.6676103106366975,1.9310498652887174,2.833479743002562,Saturday,Christmas Eve
BPAT,2025-12-25,Christmas Day,Thu,3.024312500744364,1.2340500820491456,2.4767632464338165,Saturday,Christmas Day
BPAT,2025-12-31,New Year's Eve,Wed,3.9498478256577423,3.3069687955794707,4.5893185961111636,Saturday,New Year's Eve
BPAT,2026-01-01,New Year's Day,Thu,3.5947006490137587,2.2174565177663386,2.6309120040719907,Saturday,New Year's Day
BPAT,2026-01-19,MLK Day,Mon,2.176186123821515,2.474561181194196,2.725368663161854,own weekday,MLK Day
BPAT,2026-02-08,Super Bowl Sunday,Sun,3.1055099297903146,3.7853362238073958,3.1055099297903146,Sunday,Super Bowl Sunday
BPAT,2026-02-16,Presidents' Day,Mon,3.5309150008070973,3.9726648385061334,3.445634352839397,Sunday,Presidents' Day
BPAT,2026-05-25,Memorial Day,Mon,4.87860147958464,6.228662343941861,4.9533310271638165,own weekday,Memorial Day
BPAT,2026-06-19,Juneteenth,Fri,5.9044575990703425,6.639270737995469,5.312232287894181,Sunday,Juneteenth
CISO,2015-09-07,Labor Day,Mon,5.653948696814879,8.202872072564373,6.527634435772782,own weekday,Labor Day
CISO,2015-10-12,Columbus Day,Mon,3.443259117860151,6.5265307209345345,6.480865932142406,own weekday,Columbus Day
CISO,2015-11-11,Veterans Day,Wed,5.684103195175907,4.553006763701641,4.306594482131235,Sunday,Veterans Day
CISO,2015-11-26,Thanksgiving,Thu,7.357333208059172,5.794102506839927,5.757289323309644,Sunday,Thanksgiving
CISO,2015-11-27,Day after Thanksgiving,Fri,6.139654715125301,3.7906582768412918,2.77609668994227,Sunday,Day after Thanksgiving
CISO,2015-12-24,Christmas Eve,Thu,3.1353477777328185,2.133289785191714,3.0845384999102916,Saturday,Christmas Eve
CISO,2015-12-25,Christmas Day,Fri,7.083114242447068,3.668698338777463,5.142854248628784,Saturday,Christmas Day
CISO,2015-12-31,New Year's Eve,Thu,4.122806304111665,1.9638227842635265,4.051575556297355,Saturday,New Year's Eve
CISO,2016-01-01,New Year's Day,Fri,6.931234380731856,3.0662014161535156,4.261552528524961,Saturday,New Year's Day
CISO,2016-01-18,MLK Day,Mon,0.9810378843022244,5.282608178024676,5.155872788679078,own weekday,MLK Day
CISO,2016-02-07,Super Bowl Sunday,Sun,1.59852058468978,1.863281425525426,1.59852058468978,Sunday,Super Bowl Sunday
CISO,2016-02-15,Presidents' Day,Mon,3.8266454514503008,6.1313583689042375,5.461108145544018,own weekday,Presidents' Day
CISO,2016-05-30,Memorial Day,Mon,6.264552760550028,7.316732497587535,5.8765641077538655,Sunday,Memorial Day
CISO,2016-07-04,Independence Day,Mon,5.586134274338045,1.4406300387998143,2.231708840302084,Saturday,Independence Day
CISO,2016-09-05,Labor Day,Mon,6.616382058917123,3.480847710330886,3.778488457116453,Saturday,Labor Day
CISO,2016-10-10,Columbus Day,Mon,4.02504763024925,5.81564804789666,7.890126248532077,own weekday,Columbus Day
CISO,2016-11-11,Veterans Day,Fri,2.020559935725846,4.727929512523369,6.496876123827734,own weekday,Veterans Day
CISO,2016-11-24,Thanksgiving,Thu,7.654762598529842,4.569212136606483,4.755802210403539,Saturday,Thanksgiving
CISO,2016-11-25,Day after Thanksgiving,Fri,6.072039238693832,2.6691648896447515,2.7766060480176633,Saturday,Day after Thanksgiving
CISO,2016-12-24,Christmas Eve,Sat,2.5096940519448974,2.5096940519448974,3.160233225096446,Saturday,Christmas Eve
CISO,2016-12-25,Christmas Day,Sun,5.9399094008850275,5.359458802427787,5.9399094008850275,Saturday,Christmas Day
CISO,2016-12-26,Christmas Day (observed),Mon,6.118055239730298,3.210488753557993,2.982273531389733,Sunday,Christmas Day
CISO,2016-12-31,New Year's Eve,Sat,1.6707182236232072,1.6707182236232072,1.7999531759514507,Saturday,New Year's Eve
CISO,2017-01-01,New Year's Day,Sun,3.440392468569052,3.785683171558027,3.440392468569052,Sunday,New Year's Day
CISO,2017-01-02,New Year's Day (observed),Mon,3.0936565777220237,2.0548398441457243,1.8925532661647024,Sunday,New Year's Day
CISO,2017-01-16,MLK Day,Mon,2.5059925034921715,2.84215765520715,3.0697075055165874,own weekday,MLK Day
CISO,2017-02-05,Super Bowl Sunday,Sun,1.5411040319380518,2.78999389865357,1.5411040319380518,Sunday,Super Bowl Sunday
CISO,2017-02-20,Presidents' Day,Mon,2.5152902841819915,5.442496809207778,4.7682596193405375,own weekday,Presidents' Day
CISO,2017-05-29,Memorial Day,Mon,5.005762493086938,3.848360938217464,3.4522527000379672,Sunday,Memorial Day
CISO,2017-07-04,Independence Day,Tue,5.934242043812052,3.9952259846779206,3.6399218143260184,Sunday,Independence Day
CISO,2017-09-04,Labor Day,Mon,4.586760710484234,4.033236074934921,5.137537099005407,Saturday,Labor Day
CISO,2017-10-09,Columbus Day,Mon,2.1344298269705413,4.7124222082533445,5.803762337098081,own weekday,Columbus Day
CISO,2017-11-10,Veterans Day (observed),Fri,1.345279904742966,4.450369973271234,6.457437582006074,own weekday,Veterans Day
CISO,2017-11-11,Veterans Day,Sat,2.014538732980844,2.014538732980844,2.8249346258567765,Saturday,Veterans Day
CISO,2017-11-23,Thanksgiving,Thu,5.327217978173554,4.66205633196692,6.418782843495687,Saturday,Thanksgiving
CISO,2017-11-24,Day after Thanksgiving,Fri,3.410316669992517,2.551769985903857,4.136857144136095,Saturday,Day after Thanksgiving
CISO,2017-12-24,Christmas Eve,Sun,2.6099326514451806,1.1645779080044958,2.6099326514451806,Saturday,Christmas Eve
CISO,2017-12-25,Christmas Day,Mon,6.503976825242977,2.335831374866771,3.598590468514753,Saturday,Christmas Day
CISO,2017-12-31,New Year's Eve,Sun,1.8594077008949292,1.3114116889779834,1.8594077008949292,Saturday,New Year's Eve
CISO,2018-01-01,New Year's Day,Mon,7.151947044194297,2.6945568146139154,2.2563935787815566,Sunday,New Year's Day
CISO,2018-01-15,MLK Day,Mon,1.2552301634339522,4.189778945562475,5.112621416553939,own weekday,MLK Day
CISO,2018-02-04,Super Bowl Sunday,Sun,1.1868415743399425,2.106422169940094,1.1868415743399425,Sunday,Super Bowl Sunday
CISO,2018-02-19,Presidents' Day,Mon,5.079987286914081,4.394355750316545,3.475628349476224,Sunday,Presidents' Day
CISO,2018-05-28,Memorial Day,Mon,7.266812050377563,8.266742796588742,6.872115659606183,Sunday,Memorial Day
CISO,2018-07-04,Independence Day,Wed,4.830189978892277,3.554864720762512,3.248709225000473,Sunday,Independence Day
CISO,2018-09-03,Labor Day,Mon,4.636742939906532,2.018430799163141,2.1669255532906604,Saturday,Labor Day
CISO,2018-10-08,Columbus Day,Mon,4.2518065080173795,4.526706929151659,6.025881389492552,own weekday,Columbus Day
CISO,2018-11-11,Veterans Day,Sun,3.4546121604347557,3.420747185882104,3.4546121604347557,Saturday,Veterans Day
CISO,2018-11-12,Veterans Day (observed),Mon,2.490794699870928,3.377686745089923,5.512084928512923,own weekday,Veterans Day
CISO,2018-11-22,Thanksgiving,Thu,5.616149328883336,2.6937475684824794,4.6237291210624,Saturday,Thanksgiving
CISO,2018-11-23,Day after Thanksgiving,Fri,2.9052673999923417,1.5005985008211036,3.5422284900389163,Saturday,Day after Thanksgiving
CISO,2018-12-24,Christmas Eve,Mon,4.224334343498353,1.411923912510174,3.325023932447536,Saturday,Christmas Eve
CISO,2018-12-25,Christmas Day,Tue,6.947300861586685,2.949665863266131,3.402300236927907,Saturday,Christmas Day
CISO,2018-12-31,New Year's Eve,Mon,3.335646459316327,2.179134992256589,3.8754828413310785,Saturday,New Year's Eve
CISO,2019-01-01,New Year's Day,Tue,9.956773023051229,5.747308157462169,4.7363876260498765,Sunday,New Year's Day
CISO,2019-01-21,MLK Day,Mon,3.6449519288516328,3.920656283333935,4.234745705512422,own weekday,MLK Day
CISO,2019-02-03,Super Bowl Sunday,Sun,3.8148089430465824,2.5281923678162026,3.8148089430465824,Saturday,Super Bowl Sunday
CISO,2019-02-18,Presidents' Day,Mon,8.217857024859597,2.5151647623703077,2.822292367104142,Saturday,Presidents' Day
CISO,2019-05-27,Memorial Day,Mon,6.997132209943639,2.271936163215933,1.4104538058671776,Sunday,Memorial Day
CISO,2019-09-02,Labor Day,Mon,3.364004575629318,4.519570471927208,4.51845054423888,own weekday,Labor Day
CISO,2019-10-14,Columbus Day,Mon,3.8553906110107996,5.733169087320605,6.6860518235856885,own weekday,Columbus Day
CISO,2019-11-11,Veterans Day,Mon,2.0658937499390855,4.373261794793723,6.2413964909069986,own weekday,Veterans Day
CISO,2019-11-28,Thanksgiving,Thu,4.928100176822349,4.674205318687405,6.841922157900243,Saturday,Thanksgiving
CISO,2019-11-29,Day after Thanksgiving,Fri,4.678802691699424,1.8696451209026683,2.223996808436757,Saturday,Day after Thanksgiving
CISO,2019-12-24,Christmas Eve,Tue,4.007385192501974,2.6232091672176137,4.065243068869987,Saturday,Christmas Eve
CISO,2019-12-25,Christmas Day,Wed,5.488724832923634,1.9901028071762188,2.299200802254112,Saturday,Christmas Day
CISO,2019-12-31,New Year's Eve,Tue,4.73972785075728,2.6114212393427456,3.4990381554776837,Saturday,New Year's Eve
CISO,2020-01-01,New Year's Day,Wed,8.669104419055076,5.034062575384766,3.962196937205551,Sunday,New Year's Day
CISO,2020-01-20,MLK Day,Mon,3.6953310877173755,6.856096803516995,7.332964406779806,own weekday,MLK Day
CISO,2020-02-02,Super Bowl Sunday,Sun,2.449568376263581,1.7859494125581756,2.449568376263581,Saturday,Super Bowl Sunday
CISO,2020-02-17,Presidents' Day,Mon,4.341420663350189,2.9533464361066093,1.9505542401261284,Sunday,Presidents' Day
CISO,2020-05-25,Memorial Day,Mon,11.630498776120008,10.293317672293432,10.150619375457829,Sunday,Memorial Day
CISO,2020-07-03,Independence Day (observed),Fri,5.757209488162766,5.585553947810465,5.20809022911061,Sunday,Independence Day
CISO,2020-07-04,Independence Day,Sat,7.891502411493735,7.891502411493735,7.569900515775068,Sunday,Independence Day
CISO,2020-09-07,Labor Day,Mon,4.193091627114742,4.563097982833146,4.71897484469418,own weekday,Labor Day
CISO,2020-10-12,Columbus Day,Mon,2.108018094073466,5.079235423457998,5.888951616252522,own weekday,Columbus Day
CISO,2020-11-11,Veterans Day,Wed,7.143245715457949,3.9200175694084303,6.147131838348955,Saturday,Veterans Day
CISO,2020-11-26,Thanksgiving,Thu,6.469551724474923,2.9984547657702585,4.655657961938693,Saturday,Thanksgiving
CISO,2020-11-27,Day after Thanksgiving,Fri,6.509397723890459,3.5544492038203055,3.856583966653996,Saturday,Day after Thanksgiving
CISO,2020-12-24,Christmas Eve,Thu,3.2646012929439956,4.717889957230056,6.191725397145519,own weekday,Christmas Eve
CISO,2020-12-25,Christmas Day,Fri,4.533267605523594,0.972282634016682,2.8136388557114795,Saturday,Christmas Day
CISO,2020-12-31,New Year's Eve,Thu,2.8927120686604186,2.362283855894667,3.7712897804598655,Saturday,New Year's Eve
CISO,2021-01-01,New Year's Day,Fri,7.994305854309962,3.2409641954762094,2.6646399794561297,Sunday,New Year's Day
CISO,2021-01-18,MLK Day,Mon,2.17633090057596,3.134041259931613,3.7841900042935284,own weekday,MLK Day
CISO,2021-02-07,Super Bowl Sunday,Sun,3.3249741921914646,2.3713236772614477,3.3249741921914646,Saturday,Super Bowl Sunday
CISO,2021-02-15,Presidents' Day,Mon,1.776993313450274,5.15528664662954,5.644221290526271,own weekday,Presidents' Day
CISO,2021-05-31,Memorial Day,Mon,7.027524555373042,10.739287578576684,8.73627734373245,own weekday,Memorial Day
CISO,2021-06-18,Juneteenth (observed),Fri,8.922342398777444,12.547154562255159,12.643282802416822,own weekday,Juneteenth
CISO,2021-06-19,Juneteenth,Sat,9.725995049970999,9.725995049970999,9.45801017975902,Sunday,Juneteenth
CISO,2021-07-04,Independence Day,Sun,4.2078858452238475,2.5261963274939294,4.2078858452238475,Saturday,Independence Day
CISO,2021-07-05,Independence Day (observed),Mon,5.220949099279254,5.624103188043912,6.514620918291723,own weekday,Independence Day
CISO,2021-09-06,Labor Day,Mon,4.353461035198095,5.737029040348842,4.059011271339279,Sunday,Labor Day
CISO,2021-10-11,Columbus Day,Mon,8.626003797354475,5.968443791072492,7.15177529458215,Saturday,Columbus Day
CISO,2021-11-11,Veterans Day,Thu,2.1517392139895146,4.737416313393012,6.1645635687104345,own weekday,Veterans Day
CISO,2021-11-25,Thanksgiving,Thu,5.18085753377631,2.5237211257379655,3.629312030647256,Saturday,Thanksgiving
CISO,2021-11-26,Day after Thanksgiving,Fri,5.08874271850253,2.7952365009033757,2.109381185670893,Sunday,Day after Thanksgiving
CISO,2021-12-24,Christmas Eve,Fri,4.144482665385931,1.6075397323937108,2.482208768313467,Saturday,Christmas Eve
CISO,2021-12-25,Christmas Day,Sat,2.695795282175788,2.695795282175788,3.366116668103239,Saturday,Christmas Day
CISO,2021-12-31,New Year's Day (observed),Fri,3.4026296809670113,0.88073579624892,1.9693494306227621,Saturday,New Year's Day
CISO,2022-01-01,New Year's Day,Sat,4.635629766823111,4.635629766823111,4.487747485507166,Sunday,New Year's Day
CISO,2022-01-17,MLK Day,Mon,0.7791508415775027,5.088994912202825,5.776411838363087,own weekday,MLK Day
CISO,2022-02-13,Super Bowl Sunday,Sun,3.021063094051934,3.6040664520577788,3.021063094051934,Sunday,Super Bowl Sunday
CISO,2022-02-21,Presidents' Day,Mon,3.2912510755622737,3.2852356283350064,4.663678309339805,Saturday,Presidents' Day
CISO,2022-05-30,Memorial Day,Mon,5.301525263842918,2.6244775494937103,4.098634832541385,Saturday,Memorial Day
CISO,2022-06-19,Juneteenth,Sun,2.703697203322337,3.637176281103946,2.703697203322337,Sunday,Juneteenth
CISO,2022-06-20,Juneteenth (observed),Mon,8.780443588737509,12.845874504406876,11.87681346746372,own weekday,Juneteenth
CISO,2022-07-04,Independence Day,Mon,7.132140189241763,2.824997746436536,2.1479347116795218,Sunday,Independence Day
CISO,2022-09-05,Labor Day,Mon,3.832202693424412,6.913261985657264,6.587698414592827,own weekday,Labor Day
CISO,2022-10-10,Columbus Day,Mon,4.031825683810448,4.901137433445197,6.354518690581279,own weekday,Columbus Day
CISO,2022-11-11,Veterans Day,Fri,4.226544327011936,2.75421636662866,3.8292215664262184,Saturday,Veterans Day
CISO,2022-11-24,Thanksgiving,Thu,7.028389634230534,2.6916738611080864,4.422739321217675,Saturday,Thanksgiving
CISO,2022-11-25,Day after Thanksgiving,Fri,4.128745829256286,2.3520320502098886,2.9671643033869834,Saturday,Day after Thanksgiving
CISO,2022-12-24,Christmas Eve,Sat,1.2218229424649176,1.2218229424649176,2.4820019171687218,Saturday,Christmas Eve
CISO,2022-12-25,Christmas Day,Sun,1.4977086649405411,1.6053938420087552,1.4977086649405411,Sunday,Christmas Day
CISO,2022-12-26,Christmas Day (observed),Mon,2.4927936777857167,5.324595637660109,3.7869772002547646,own weekday,Christmas Day
CISO,2022-12-31,New Year's Eve,Sat,5.97709552439629,5.97709552439629,5.734724823285937,Sunday,New Year's Eve
CISO,2023-01-01,New Year's Day,Sun,2.338753684652628,3.393605490200539,2.338753684652628,Sunday,New Year's Day
CISO,2023-01-02,New Year's Day (observed),Mon,3.377088814781766,6.990797433606772,5.929120633744513,own weekday,New Year's Day
CISO,2023-01-16,MLK Day,Mon,1.0737140620049013,3.6054052960216585,3.8911746150498776,own weekday,MLK Day
CISO,2023-02-12,Super Bowl Sunday,Sun,5.5323856327406835,4.0096460162487375,5.5323856327406835,Saturday,Super Bowl Sunday
CISO,2023-02-20,Presidents' Day,Mon,3.8441096883832486,2.1763338685581184,2.881201129902759,Saturday,Presidents' Day
CISO,2023-05-29,Memorial Day,Mon,3.5860168695039962,3.850460166577126,4.485803208561607,own weekday,Memorial Day
CISO,2023-06-19,Juneteenth,Mon,2.629160407540452,4.107772570222023,4.42421353036284,own weekday,Juneteenth
CISO,2023-07-04,Independence Day,Tue,5.329277328365028,4.049537515324796,3.3431189676583895,Sunday,Independence Day
CISO,2023-09-04,Labor Day,Mon,9.086667478713434,4.8523928746757505,5.593391891256285,Saturday,Labor Day
CISO,2023-10-09,Columbus Day,Mon,1.8599005261701818,6.119317775708546,7.16465794461081,own weekday,Columbus Day
CISO,2023-11-10,Veterans Day (observed),Fri,2.474072173414708,3.2719135178640326,5.157916372433929,own weekday,Veterans Day
CISO,2023-11-11,Veterans Day,Sat,3.1894411103032225,3.1894411103032225,2.950242142106489,Sunday,Veterans Day
CISO,2023-11-23,Thanksgiving,Thu,5.689047652161246,3.6595622384418656,4.268500352069796,Saturday,Thanksgiving
CISO,2023-11-24,Day after Thanksgiving,Fri,5.180391093762008,3.1632913141011354,1.8984890358572333,Sunday,Day after Thanksgiving
CISO,2023-12-24,Christmas Eve,Sun,2.0555215961065927,1.345503898021763,2.0555215961065927,Saturday,Christmas Eve
CISO,2023-12-25,Christmas Day,Mon,5.179926389342199,1.4478053436371747,3.115423663532215,Saturday,Christmas Day
CISO,2023-12-31,New Year's Eve,Sun,3.8276272535051574,3.6404111391528957,3.8276272535051574,Saturday,New Year's Eve
CISO,2024-01-01,New Year's Day,Mon,6.107470009543669,1.909083685293262,1.935415622659909,Saturday,New Year's Day
CISO,2024-01-15,MLK Day,Mon,1.2838025931418953,4.390032948178367,4.983088782127273,own weekday,MLK Day
CISO,2024-02-11,Super Bowl Sunday,Sun,6.076405300874599,5.8132807936297475,6.076405300874599,Saturday,Super Bowl Sunday
CISO,2024-02-19,Presidents' Day,Mon,2.217607024174105,3.6198886230668283,4.724014052058431,own weekday,Presidents' Day
CISO,2024-05-27,Memorial Day,Mon,6.741986309267569,6.656123502582475,5.286697634079586,Sunday,Memorial Day
CISO,2024-06-19,Juneteenth,Wed,2.044433238077675,4.481650084431457,7.044367522255324,own weekday,Juneteenth
CISO,2024-07-04,Independence Day,Thu,4.960216762623081,7.180395496821363,7.632784902329807,own weekday,Independence Day
CISO,2024-09-02,Labor Day,Mon,1.920252600789437,4.36270333991184,4.672757422661026,own weekday,Labor Day
CISO,2024-10-14,Columbus Day,Mon,5.414025195166288,3.7055340500293172,5.418998423216984,Saturday,Columbus Day
CISO,2024-11-11,Veterans Day,Mon,2.508260990252267,5.7208105043667015,7.193215525538298,own weekday,Veterans Day
CISO,2024-11-28,Thanksgiving,Thu,4.5240074071693055,3.5400317523766267,5.399308562362317,Saturday,Thanksgiving
CISO,2024-11-29,Day after Thanksgiving,Fri,1.867941616399473,3.2121250964279002,4.27890942738085,own weekday,Day after Thanksgiving
CISO,2024-12-24,Christmas Eve,Tue,4.013494301434182,4.636870908708449,5.7031459280808185,own weekday,Christmas Eve
CISO,2024-12-25,Christmas Day,Wed,4.048673959753579,2.2619268296783237,3.125523743706255,Saturday,Christmas Day
CISO,2024-12-31,New Year's Eve,Tue,2.5770512288703205,3.849407722433328,5.37916007229593,own weekday,New Year's Eve
CISO,2025-01-01,New Year's Day,Wed,3.5088966502967485,1.2204744234075344,1.9497311236958303,Saturday,New Year's Day
CISO,2025-01-20,MLK Day,Mon,3.0660188911979818,3.727614319891088,2.8917730566643356,Sunday,MLK Day
CISO,2025-02-09,Super Bowl Sunday,Sun,5.332030798158516,4.908293640007217,5.332030798158516,Saturday,Super Bowl Sunday
CISO,2025-02-17,Presidents' Day,Mon,2.935741689105017,3.0205290232503983,2.864320215810747,Sunday,Presidents' Day
CISO,2025-05-26,Memorial Day,Mon,4.935476273913113,4.760988254706911,3.7316738496931534,Sunday,Memorial Day
CISO,2025-06-19,Juneteenth,Thu,2.6222579325536235,3.5683675454338695,4.80544440814216,own weekday,Juneteenth
CISO,2025-07-04,Independence Day,Fri,2.6708255902518787,1.6128040891347488,3.0251865610971858,Saturday,Independence Day
CISO,2025-09-01,Labor Day,Mon,5.118570854199425,7.87800517081437,6.8547073714788676,own weekday,Labor Day
CISO,2025-10-13,Columbus Day,Mon,5.29062260990728,6.092543439540076,7.6039684218969645,own weekday,Columbus Day
CISO,2025-11-11,Veterans Day,Tue,1.818785104496641,5.068456145974015,5.601101138167852,own weekday,Veterans Day
CISO,2025-11-27,Thanksgiving,Thu,4.423147469215602,4.574073079183704,5.53975509434994,own weekday,Thanksgiving
CISO,2025-11-28,Day after Thanksgiving,Fri,1.8974662988754183,4.499081617871211,4.351165607736939,own weekday,Day after Thanksgiving
CISO,2025-12-24,Christmas Eve,Wed,4.360370977622135,2.8846469974386166,4.944827977234515,Saturday,Christmas Eve
CISO,2025-12-25,Christmas Day,Thu,5.3394849052149995,3.6454091718678363,5.752381757170636,Saturday,Christmas Day
CISO,2025-12-31,New Year's Eve,Wed,4.307614990678115,3.5019109911316617,4.354178386846297,Saturday,New Year's Eve
CISO,2026-01-01,New Year's Day,Thu,4.459373075959499,2.6783195981684416,2.964740891774078,Saturday,New Year's Day
CISO,2026-01-19,MLK Day,Mon,0.8927506252424315,3.0486434340058812,3.197843470787179,own weekday,MLK Day
CISO,2026-02-08,Super Bowl Sunday,Sun,2.7358696709525487,1.8578070303486853,2.7358696709525487,Saturday,Super Bowl Sunday
CISO,2026-02-16,Presidents' Day,Mon,4.122940527788376,4.888951462623092,4.024047588896069,Sunday,Presidents' Day
CISO,2026-05-25,Memorial Day,Mon,3.252672856072033,2.3158190661333955,1.7618808100745726,Sunday,Memorial Day
CISO,2026-06-19,Juneteenth,Fri,1.9925544556339259,3.628104260246084,5.424987021375053,own weekday,Juneteenth
CPLE,2015-09-07,Labor Day,Mon,2.2247863985598717,1.8133377277759382,3.3524801389578682,Saturday,Labor Day
CPLE,2015-10-12,Columbus Day,Mon,2.344137104906438,5.885951595678182,5.2256389742976905,own weekday,Columbus Day
CPLE,2015-11-11,Veterans Day,Wed,5.043531243418587,4.439132929531714,5.660410630763278,Saturday,Veterans Day
CPLE,2015-11-26,Thanksgiving,Thu,14.317841778733047,11.789677479053983,16.52795102684261,Saturday,Thanksgiving
CPLE,2015-11-27,Day after Thanksgiving,Fri,4.405326993929598,3.234334800196282,6.1703529376913595,Saturday,Day after Thanksgiving
CPLE,2015-12-24,Christmas Eve,Thu,5.15786363234762,10.691353695790916,6.126811000876325,own weekday,Christmas Eve
CPLE,2015-12-25,Christmas Day,Fri,7.58737016389032,8.775301429937045,6.217087459389454,Sunday,Christmas Day
CPLE,2015-12-31,New Year's Eve,Thu,3.699971948242335,7.326234644052739,3.9591590671947707,own weekday,New Year's Eve
CPLE,2016-01-01,New Year's Day,Fri,5.934843005581043,9.049168470203082,4.107085112241714,Sunday,New Year's Day
CPLE,2016-01-18,MLK Day,Mon,10.223912724290601,7.510205952324012,9.549190600171894,Saturday,MLK Day
CPLE,2016-02-07,Super Bowl Sunday,Sun,9.56593453605319,9.215230895305346,9.56593453605319,Saturday,Super Bowl Sunday
CPLE,2016-02-15,Presidents' Day,Mon,7.596520801108545,7.006020709523339,7.102008521282002,Saturday,Presidents' Day
CPLE,2016-05-30,Memorial Day,Mon,8.971646149536285,8.00086476601003,8.108040186162675,Saturday,Memorial Day
CPLE,2016-07-04,Independence Day,Mon,3.594096778598859,1.9682233470794614,3.592675445675685,Saturday,Independence Day
CPLE,2016-09-05,Labor Day,Mon,5.61541435437805,4.703220524972671,4.305355873818565,Sunday,Labor Day
CPLE,2016-10-10,Columbus Day,Mon,5.084998779263045,8.283331327787518,8.078196309921646,own weekday,Columbus Day
CPLE,2016-11-11,Veterans Day,Fri,13.411561430991265,12.533727140683585,16.322783708522085,Saturday,Veterans Day
CPLE,2016-11-24,Thanksgiving,Thu,15.178897978906445,11.692756440579526,14.70711379818536,Saturday,Thanksgiving
CPLE,2016-11-25,Day after Thanksgiving,Fri,3.555498603821154,1.9443514144950107,3.2644737806869184,Saturday,Day after Thanksgiving
CPLE,2016-12-24,Christmas Eve,Sat,6.57679709466372,6.57679709466372,6.675611302081941,Saturday,Christmas Eve
CPLE,2016-12-25,Christmas Day,Sun,3.686122602843319,3.3726958914381133,3.686122602843319,Saturday,Christmas Day
CPLE,2016-12-26,Christmas Day (observed),Mon,3.7323638116728475,5.385391912131543,6.245277508180596,own weekday,Christmas Day
CPLE,2016-12-31,New Year's Eve,Sat,12.279635017743596,12.279635017743596,10.705040612302309,Sunday,New Year's Eve
CPLE,2017-01-01,New Year's Day,Sun,5.87571724864104,5.701811745092645,5.87571724864104,Saturday,New Year's Day
CPLE,2017-01-02,New Year's Day (observed),Mon,7.8293969132450085,9.817827315335235,9.99049538716309,own weekday,New Year's Day
CPLE,2017-01-16,MLK Day,Mon,8.526533961050374,5.353374713260842,8.744470625201425,Saturday,MLK Day
CPLE,2017-02-05,Super Bowl Sunday,Sun,8.098779590715473,12.003180092953212,8.098779590715473,Sunday,Super Bowl Sunday
CPLE,2017-02-20,Presidents' Day,Mon,4.682530407771648,7.639054748998783,6.089629609204972,own weekday,Presidents' Day
CPLE,2017-05-29,Memorial Day,Mon,9.52388173295811,6.27970471930033,8.572505965292274,Saturday,Memorial Day
CPLE,2017-07-04,Independence Day,Tue,4.3290018166546265,1.156565062797643,1.3779152894134115,Saturday,Independence Day
CPLE,2017-09-04,Labor Day,Mon,6.645929964628021,9.266777582813617,7.335349843377034,own weekday,Labor Day
CPLE,2017-10-09,Columbus Day,Mon,2.125861664306973,4.775600007757533,5.6430099966587735,own weekday,Columbus Day
CPLE,2017-11-10,Veterans Day (observed),Fri,9.817610134660459,10.335286529720046,11.653033214527792,own weekday,Veterans Day
CPLE,2017-11-11,Veterans Day,Sat,14.746401083597544,14.746401083597544,16.465939683713998,Saturday,Veterans Day
CPLE,2017-11-23,Thanksgiving,Thu,9.655333394651844,10.443822412414848,12.272312738030127,own weekday,Thanksgiving
CPLE,2017-11-24,Day after Thanksgiving,Fri,16.296949350813854,17.14390985235557,18.608339806230553,own weekday,Day after Thanksgiving
CPLE,2017-12-24,Christmas Eve,Sun,10.17909602520864,13.236378257007933,10.17909602520864,Sunday,Christmas Eve
CPLE,2017-12-25,Christmas Day,Mon,8.54627110331337,8.538838312484033,6.504422623213547,Sunday,Christmas Day
CPLE,2017-12-31,New Year's Eve,Sun,6.149681575934134,13.553454885867291,6.149681575934134,Sunday,New Year's Eve
CPLE,2018-01-01,New Year's Day,Mon,4.703176361812419,7.541935680163981,2.27894207211658,Sunday,New Year's Day
CPLE,2018-01-15,MLK Day,Mon,5.508003477142956,3.5714863694945214,5.598323510407069,Saturday,MLK Day
CPLE,2018-02-04,Super Bowl Sunday,Sun,6.930611882916751,7.277843111538501,6.930611882916751,Sunday,Super Bowl Sunday
CPLE,2018-02-19,Presidents' Day,Mon,6.730182180675719,12.288218717521792,6.879799245538071,own weekday,Presidents' Day
CPLE,2018-05-28,Memorial Day,Mon,4.915609897454609,3.0952369515789098,5.817595935415298,Saturday,Memorial Day
CPLE,2018-07-04,Independence Day,Wed,4.602849527448427,2.5631832860923964,4.675303212890285,Saturday,Independence Day
CPLE,2018-09-03,Labor Day,Mon,3.828163772441852,5.391130074045424,3.4039115632396055,Sunday,Labor Day
CPLE,2018-10-08,Columbus Day,Mon,2.817809042847948,4.113915164146307,5.050266787139641,own weekday,Columbus Day
CPLE,2018-11-11,Veterans Day,Sun,15.252216320105846,12.96143488882812,15.252216320105846,Saturday,Veterans Day
CPLE,2018-11-12,Veterans Day (observed),Mon,10.394820217944261,6.8103061769090605,8.522908164438931,Saturday,Veterans Day
CPLE,2018-11-22,Thanksgiving,Thu,14.002965811875645,14.23253826673043,13.390399696122014,Sunday,Thanksgiving
CPLE,2018-11-23,Day after Thanksgiving,Fri,10.820125138218506,11.496856042407524,10.671635530960987,Sunday,Day after Thanksgiving
CPLE,2018-12-24,Christmas Eve,Mon,6.583505928652446,5.395851560873695,4.4213008958204645,Sunday,Christmas Eve
CPLE,2018-12-25,Christmas Day,Tue,14.129948896080148,15.1076822810019,12.982887597367615,Sunday,Christmas Day
CPLE,2018-12-31,New Year's Eve,Mon,4.091352120327472,3.913524699257294,5.503161148749838,Saturday,New Year's Eve
CPLE,2019-01-01,New Year's Day,Tue,9.215801087540445,6.419816475624517,7.609442031313153,Saturday,New Year's Day
CPLE,2019-01-21,MLK Day,Mon,3.4364442077421087,5.074420985390458,5.324969384910275,own weekday,MLK Day
CPLE,2019-02-03,Super Bowl Sunday,Sun,3.9933716872498866,2.015138510553987,3.9933716872498866,Saturday,Super Bowl Sunday
CPLE,2019-02-18,Presidents' Day,Mon,3.298530179211836,4.014908716096699,4.2468326128781655,own weekday,Presidents' Day
CPLE,2019-05-27,Memorial Day,Mon,9.117242896124662,8.122064879934483,7.852959622273279,Sunday,Memorial Day
CPLE,2019-07-04,Independence Day,Thu,10.648722647680014,10.792865598034856,11.833721616832936,own weekday,Independence Day
CPLE,2019-09-02,Labor Day,Mon,3.4447864261906824,4.258138206135704,2.005476453233804,Sunday,Labor Day
CPLE,2019-10-14,Columbus Day,Mon,4.362059852146518,5.788449618086188,7.342605225576435,own weekday,Columbus Day
CPLE,2019-11-11,Veterans Day,Mon,16.50113144231454,10.020279205411159,16.606077752597376,Saturday,Veterans Day
CPLE,2019-11-28,Thanksgiving,Thu,7.483578084865643,5.7841801036564275,8.455370619968495,Saturday,Thanksgiving
CPLE,2019-11-29,Day after Thanksgiving,Fri,9.236962827493416,7.72898058669779,10.700136168292651,Saturday,Day after Thanksgiving
CPLE,2019-12-24,Christmas Eve,Tue,7.011450457471792,3.746530853375158,2.134032871053808,Sunday,Christmas Eve
CPLE,2019-12-25,Christmas Day,Wed,8.914915915137978,7.691726031267835,4.367471059225089,Sunday,Christmas Day
CPLE,2019-12-31,New Year's Eve,Tue,5.251937005424004,6.295273748550216,7.077653776060859,own weekday,New Year's Eve
CPLE,2020-01-01,New Year's Day,Wed,3.3042334806141085,6.337330817521308,3.3037456339392963,Sunday,New Year's Day
CPLE,2020-01-20,MLK Day,Mon,5.3036158709202645,6.08808591913538,3.7767420040126907,Sunday,MLK Day
CPLE,2020-02-02,Super Bowl Sunday,Sun,7.976082675065498,12.009818054583983,7.976082675065498,Sunday,Super Bowl Sunday
CPLE,2020-02-17,Presidents' Day,Mon,3.6291655848222373,4.174538914651658,2.712197052121254,Sunday,Presidents' Day
CPLE,2020-05-25,Memorial Day,Mon,6.1510153739111155,7.901259658106298,6.751909607848187,own weekday,Memorial Day
CPLE,2020-07-03,Independence Day (observed),Fri,7.3018873000465225,3.934814426615031,4.332733840203781,Saturday,Independence Day
CPLE,2020-07-04,Independence Day,Sat,4.214536048405693,4.214536048405693,3.6455097874072098,Sunday,Independence Day
CPLE,2020-09-07,Labor Day,Mon,4.861405386837569,6.571190228751152,3.286869258323196,Sunday,Labor Day
CPLE,2020-10-12,Columbus Day,Mon,2.9868953337013884,5.058322761823924,4.601290967289673,own weekday,Columbus Day
CPLE,2020-11-11,Veterans Day,Wed,2.913997726085251,4.487188504636943,4.558101875955827,own weekday,Veterans Day
CPLE,2020-11-26,Thanksgiving,Thu,8.969529870261571,5.669259998628695,6.076410583429361,Saturday,Thanksgiving
CPLE,2020-11-27,Day after Thanksgiving,Fri,2.824244448025724,2.0657811612524157,2.1527950707838235,Saturday,Day after Thanksgiving
CPLE,2020-12-24,Christmas Eve,Thu,5.731468532779827,4.661692544680857,3.9134430870759025,Sunday,Christmas Eve
CPLE,2020-12-25,Christmas Day,Fri,19.547509120581683,12.662550778128992,13.293334158423603,Saturday,Christmas Day
CPLE,2020-12-31,New Year's Eve,Thu,6.726582735961858,4.3818564279600265,3.32335093166413,Sunday,New Year's Eve
CPLE,2021-01-01,New Year's Day,Fri,13.55563148993421,7.427213194967187,7.699354488518869,Saturday,New Year's Day
CPLE,2021-01-18,MLK Day,Mon,11.00078894198846,6.019592828237999,2.9587416372631266,Sunday,MLK Day
CPLE,2021-02-07,Super Bowl Sunday,Sun,6.5596816481213045,7.361178547475439,6.5596816481213045,Sunday,Super Bowl Sunday
CPLE,2021-02-15,Presidents' Day,Mon,3.3175319252815463,6.41730287699644,9.782259348328857,own weekday,Presidents' Day
CPLE,2021-05-31,Memorial Day,Mon,5.445493825748575,6.337192685205452,1.9224210271458295,Sunday,Memorial Day
CPLE,2021-06-18,Juneteenth (observed),Fri,11.80656414786053,13.455077635123056,8.070675541743324,Sunday,Juneteenth
CPLE,2021-06-19,Juneteenth,Sat,10.868348045205643,10.868348045205643,6.8081332390771205,Sunday,Juneteenth
CPLE,2021-07-04,Independence Day,Sun,6.008089106877479,6.143554427170654,6.008089106877479,Sunday,Independence Day
CPLE,2021-07-05,Independence Day (observed),Mon,7.09293696128194,10.57752192759457,8.388884862413226,own weekday,Independence Day
CPLE,2021-09-06,Labor Day,Mon,3.469923823921523,4.656803843041878,2.6583770494702956,Sunday,Labor Day
CPLE,2021-10-11,Columbus Day,Mon,9.212305380435598,7.351463576876109,9.60445743555675,Saturday,Columbus Day
CPLE,2021-11-11,Veterans Day,Thu,8.567175611540616,9.41067360941903,11.058469207800323,own weekday,Veterans Day
CPLE,2021-11-25,Thanksgiving,Thu,27.065931610166054,24.31070782913235,26.169532284861923,Saturday,Thanksgiving
CPLE,2021-11-26,Day after Thanksgiving,Fri,12.036738856608903,9.352006016804381,8.373938734001873,Sunday,Day after Thanksgiving
CPLE,2021-12-24,Christmas Eve,Fri,18.1704648051085,16.705739258759213,17.37970984772965,Saturday,Christmas Eve
CPLE,2021-12-25,Christmas Day,Sat,4.210506598897956,4.210506598897956,6.3530268411399655,Saturday,Christmas Day
CPLE,2021-12-31,New Year's Day (observed),Fri,7.56893355456036,8.338793715752258,8.048875283814686,own weekday,New Year's Day
CPLE,2022-01-01,New Year's Day,Sat,11.484124910140094,11.484124910140094,9.859770273048465,Sunday,New Year's Day
CPLE,2022-01-17,MLK Day,Mon,3.7619160523621695,2.515243673287078,4.108651522337031,Saturday,MLK Day
CPLE,2022-02-13,Super Bowl Sunday,Sun,14.87400084863442,12.277676267612458,14.87400084863442,Saturday,Super Bowl Sunday
CPLE,2022-02-21,Presidents' Day,Mon,13.339321352712183,10.123924031926247,3.887234176978336,Sunday,Presidents' Day
CPLE,2022-05-30,Memorial Day,Mon,10.468114775904326,12.16242081233409,6.547073592930551,Sunday,Memorial Day
CPLE,2022-06-19,Juneteenth,Sun,4.495138533658058,3.350079657649748,4.495138533658058,Saturday,Juneteenth
CPLE,2022-06-20,Juneteenth (observed),Mon,1.729155191944641,5.44086204932776,3.013276956507231,own weekday,Juneteenth
CPLE,2022-07-04,Independence Day,Mon,5.270205473231656,3.596532115813391,6.651923776827455,Saturday,Independence Day
CPLE,2022-09-05,Labor Day,Mon,3.072821778332233,1.412926349306681,3.1241754080562854,Saturday,Labor Day
CPLE,2022-10-10,Columbus Day,Mon,8.189261789011452,7.3509345885890935,9.410009362509125,Saturday,Columbus Day
CPLE,2022-11-11,Veterans Day,Fri,4.69007730428003,5.6016686484914615,5.163811678272504,own weekday,Veterans Day
CPLE,2022-11-24,Thanksgiving,Thu,14.942782038619317,14.375806484747796,16.856031445797726,Saturday,Thanksgiving
CPLE,2022-11-25,Day after Thanksgiving,Fri,3.7719578254466377,3.4187937788987455,4.498618217096404,Saturday,Day after Thanksgiving
CPLE,2022-12-24,Christmas Eve,Sat,6.86384683399109,6.86384683399109,11.851350539983951,Saturday,Christmas Eve
CPLE,2022-12-25,Christmas Day,Sun,18.53125554375952,13.392947683862413,18.53125554375952,Saturday,Christmas Day
CPLE,2022-12-26,Christmas Day (observed),Mon,13.261637167131704,13.24234935230029,19.132761413283685,Saturday,Christmas Day
CPLE,2022-12-31,New Year's Eve,Sat,6.044782408170118,6.044782408170118,5.89381410151098,Sunday,New Year's Eve
CPLE,2023-01-01,New Year's Day,Sun,3.3818466370385716,8.318021742140441,3.3818466370385716,Sunday,New Year's Day
CPLE,2023-01-02,New Year's Day (observed),Mon,5.0157403754104095,5.789231186898028,4.64986284786237,Sunday,New Year's Day
CPLE,2023-01-16,MLK Day,Mon,11.419559672721517,13.284591103874327,14.330512151229593,own weekday,MLK Day
CPLE,2023-02-12,Super Bowl Sunday,Sun,9.615615483570867,5.4890376137217585,9.615615483570867,Saturday,Super Bowl Sunday
CPLE,2023-02-20,Presidents' Day,Mon,4.86074673853391,5.452112829444549,9.025966874198744,own weekday,Presidents' Day
CPLE,2023-05-29,Memorial Day,Mon,5.503077237136919,4.445431813139898,1.830216433962047,Sunday,Memorial Day
CPLE,2023-06-19,Juneteenth,Mon,9.08642225479232,7.9120339405612725,9.288830880846406,Saturday,Juneteenth
CPLE,2023-07-04,Independence Day,Tue,4.677866399324712,3.5712093090610693,3.866414422256815,Saturday,Independence Day
CPLE,2023-09-04,Labor Day,Mon,9.855201588072966,8.91812508199558,6.4997020360393165,Sunday,Labor Day
CPLE,2023-10-09,Columbus Day,Mon,11.826103845223436,9.083510826006696,13.30679762691396,Saturday,Columbus Day
CPLE,2023-11-10,Veterans Day (observed),Fri,1.918465741702016,2.961682539733666,4.644403018434443,own weekday,Veterans Day
CPLE,2023-11-11,Veterans Day,Sat,3.2817564552344045,3.2817564552344045,4.873696609492211,Saturday,Veterans Day
CPLE,2023-11-23,Thanksgiving,Thu,11.704268614580322,11.127841558341535,9.820260403994114,Sunday,Thanksgiving
CPLE,2023-11-24,Day after Thanksgiving,Fri,10.21732072715651,9.432894883326409,7.091347053212885,Sunday,Day after Thanksgiving
CPLE,2023-12-24,Christmas Eve,Sun,15.657527213170392,5.510744333848813,15.657527213170392,Saturday,Christmas Eve
CPLE,2023-12-25,Christmas Day,Mon,9.237813758603043,2.738749024859674,8.93682987737669,Saturday,Christmas Day
CPLE,2023-12-31,New Year's Eve,Sun,15.889398860175207,8.716862948028119,15.889398860175207,Saturday,New Year's Eve
CPLE,2024-01-01,New Year's Day,Mon,6.7327918871397285,2.5952386166385875,9.572588255813137,Saturday,New Year's Day
CPLE,2024-01-15,MLK Day,Mon,7.373237331075385,2.7443608540190625,5.760464594688906,Saturday,MLK Day
CPLE,2024-02-11,Super Bowl Sunday,Sun,12.821863458596495,10.341153354903053,12.821863458596495,Saturday,Super Bowl Sunday
CPLE,2024-02-19,Presidents' Day,Mon,7.368910494931578,10.024979698959553,4.972428768619771,Sunday,Presidents' Day
CPLE,2024-05-27,Memorial Day,Mon,5.847768345461595,8.614719394242732,7.291161890278329,own weekday,Memorial Day
CPLE,2024-06-19,Juneteenth,Wed,3.1862412956775312,5.406854906134595,4.760598377458669,own weekday,Juneteenth
CPLE,2024-07-04,Independence Day,Thu,6.294835624560221,4.211653547133959,5.254813305238814,Saturday,Independence Day
CPLE,2024-09-02,Labor Day,Mon,3.014155719496503,4.327579029867717,4.5598403733147155,own weekday,Labor Day
CPLE,2024-10-14,Columbus Day,Mon,4.279912861485002,5.633554779872354,6.079865420477248,own weekday,Columbus Day
CPLE,2024-11-11,Veterans Day,Mon,2.413957668156186,3.2713426003200303,4.287618112173132,own weekday,Veterans Day
CPLE,2024-11-28,Thanksgiving,Thu,8.648963277863102,6.169465075431786,7.1777153053928675,Saturday,Thanksgiving
CPLE,2024-11-29,Day after Thanksgiving,Fri,6.910582060079857,9.72764909510685,8.589209596527486,own weekday,Day after Thanksgiving
CPLE,2024-12-24,Christmas Eve,Tue,9.602739439769763,4.86160528860646,4.466686654623862,Sunday,Christmas Eve
CPLE,2024-12-25,Christmas Day,Wed,14.883467510708993,5.483996172999572,5.06559399980011,Sunday,Christmas Day
CPLE,2024-12-31,New Year's Eve,Tue,7.775633055482728,4.88887536145277,4.572941810290112,Sunday,New Year's Eve
CPLE,2025-01-01,New Year's Day,Wed,5.592158826850155,9.376777107497482,10.139431994590716,own weekday,New Year's Day
CPLE,2025-01-20,MLK Day,Mon,5.78814061574536,5.799742428629368,8.106151120935632,own weekday,MLK Day
CPLE,2025-02-09,Super Bowl Sunday,Sun,8.75801431889585,7.068305490710201,8.75801431889585,Saturday,Super Bowl Sunday
CPLE,2025-02-17,Presidents' Day,Mon,7.905591526945117,8.850752078083259,8.014735600128658,own weekday,Presidents' Day
CPLE,2025-05-26,Memorial Day,Mon,6.735419321584842,6.34359630141191,6.44482723012806,Saturday,Memorial Day
CPLE,2025-06-19,Juneteenth,Thu,2.6697491693747315,4.083086238232161,3.968367138097683,own weekday,Juneteenth
CPLE,2025-07-04,Independence Day,Fri,4.3693305201526655,4.831623719747372,3.525360288595637,Sunday,Independence Day
CPLE,2025-09-01,Labor Day,Mon,4.815301913618163,3.6655499703762744,3.3684725405161298,Sunday,Labor Day
CPLE,2025-10-13,Columbus Day,Mon,7.644154707896826,7.832021043853827,7.380203893355647,Sunday,Columbus Day
CPLE,2025-11-11,Veterans Day,Tue,10.188426283389697,10.025389866318767,13.89672348114576,Saturday,Veterans Day
CPLE,2025-11-27,Thanksgiving,Thu,6.478462089014121,7.700613743669238,8.914029204691909,own weekday,Thanksgiving
CPLE,2025-11-28,Day after Thanksgiving,Fri,8.146414210039373,11.56138434211282,14.492849928733456,own weekday,Day after Thanksgiving
CPLE,2025-12-24,Christmas Eve,Wed,4.174941421271694,1.7874014338834308,8.308508000167674,Saturday,Christmas Eve
CPLE,2025-12-25,Christmas Day,Thu,5.626848813908938,3.136287129405501,9.218323403448665,Saturday,Christmas Day
CPLE,2025-12-31,New Year's Eve,Wed,6.342621062183527,9.33732642786427,16.052641960068172,own weekday,New Year's Eve
CPLE,2026-01-01,New Year's Day,Thu,6.759295013281619,5.184897516457741,11.710012773081479,Saturday,New Year's Day
CPLE,2026-01-19,MLK Day,Mon,8.505369474071236,5.933144503067192,10.633495652244067,Saturday,MLK Day
CPLE,2026-02-08,Super Bowl Sunday,Sun,5.169657227547859,10.46152719102959,5.169657227547859,Sunday,Super Bowl Sunday
CPLE,2026-02-16,Presidents' Day,Mon,9.38854497822746,4.793686629136198,7.716698343473623,Saturday,Presidents' Day
CPLE,2026-05-25,Memorial Day,Mon,8.371442562169108,4.073481869902217,3.15125388445723,Sunday,Memorial Day
CPLE,2026-06-19,Juneteenth,Fri,3.1035606421029964,3.435792035243617,5.373347712429078,own weekday,Juneteenth
CPLW,2015-09-07,Labor Day,Mon,3.3490113076338153,2.6211159662338708,1.9221506689072294,Sunday,Labor Day
CPLW,2015-10-12,Columbus Day,Mon,3.2657819387824993,4.803341676720866,4.954098888835038,own weekday,Columbus Day
CPLW,2015-11-11,Veterans Day,Wed,8.137590894377661,8.913841186593613,9.428283714101687,own weekday,Veterans Day
CPLW,2015-11-26,Thanksgiving,Thu,14.098448498683478,12.270905651916198,15.97611526404755,Saturday,Thanksgiving
CPLW,2015-11-27,Day after Thanksgiving,Fri,5.140086227814318,4.8676924584787,7.478920108283364,Saturday,Day after Thanksgiving
CPLW,2015-12-24,Christmas Eve,Thu,6.314932402332964,8.832332918778757,5.807034888370214,Sunday,Christmas Eve
CPLW,2015-12-25,Christmas Day,Fri,7.275603530900308,8.05929554894003,5.088659029569801,Sunday,Christmas Day
CPLW,2015-12-31,New Year's Eve,Thu,4.062745888435672,7.080122938463797,3.101025230332949,Sunday,New Year's Eve
CPLW,2016-01-01,New Year's Day,Fri,6.099317805866254,7.6741472927939185,3.249442002587319,Sunday,New Year's Day
CPLW,2016-01-18,MLK Day,Mon,4.17578707218823,3.701420421494287,3.5213601945271877,Sunday,MLK Day
CPLW,2016-02-07,Super Bowl Sunday,Sun,7.5817927646962895,6.575664159442769,7.5817927646962895,Saturday,Super Bowl Sunday
CPLW,2016-02-15,Presidents' Day,Mon,4.644923489756902,5.485514417403653,4.092678016000941,Sunday,Presidents' Day
CPLW,2016-05-30,Memorial Day,Mon,10.67378650965145,11.754361314655416,10.512113243789486,Sunday,Memorial Day
CPLW,2016-07-04,Independence Day,Mon,9.03179130790062,4.387537084500137,6.072838181154259,Saturday,Independence Day
CPLW,2016-09-05,Labor Day,Mon,3.2158713424521084,3.250702714848195,2.084396444403473,Sunday,Labor Day
CPLW,2016-10-10,Columbus Day,Mon,8.225144699124057,8.050199398384606,9.08624488870671,Saturday,Columbus Day
CPLW,2016-11-11,Veterans Day,Fri,8.264522207451813,9.032144450700692,10.453755272206394,own weekday,Veterans Day
CPLW,2016-11-24,Thanksgiving,Thu,8.906518011203273,7.507619674632663,7.140291669862068,Sunday,Thanksgiving
CPLW,2016-11-25,Day after Thanksgiving,Fri,6.940506411252359,6.493241223239646,5.41267024019482,Sunday,Day after Thanksgiving
CPLW,2016-12-24,Christmas Eve,Sat,5.427073616821582,5.427073616821582,5.586756893509156,Saturday,Christmas Eve
CPLW,2016-12-25,Christmas Day,Sun,3.386930176975601,4.094406388901679,3.386930176975601,Sunday,Christmas Day
CPLW,2016-12-26,Christmas Day (observed),Mon,8.899455037212494,10.48239035574539,10.735413818748947,own weekday,Christmas Day
CPLW,2016-12-31,New Year's Eve,Sat,6.612973330322982,6.612973330322982,7.2744810052703235,Saturday,New Year's Eve
CPLW,2017-01-01,New Year's Day,Sun,5.47170035459319,4.861806878132913,5.47170035459319,Saturday,New Year's Day
CPLW,2017-01-02,New Year's Day (observed),Mon,5.464236301296577,7.710587872343726,8.041567855545702,own weekday,New Year's Day
CPLW,2017-01-16,MLK Day,Mon,6.530735060270082,6.639698429700531,6.994832002345016,own weekday,MLK Day
CPLW,2017-02-05,Super Bowl Sunday,Sun,11.394171281904091,7.327660489373473,11.394171281904091,Saturday,Super Bowl Sunday
CPLW,2017-02-20,Presidents' Day,Mon,3.182198092889685,5.7525354851498145,8.722053074438787,own weekday,Presidents' Day
CPLW,2017-05-29,Memorial Day,Mon,7.419659487895343,6.468562098286197,7.277336913073004,Saturday,Memorial Day
CPLW,2017-07-04,Independence Day,Tue,4.746496710282369,2.5663402676075084,4.482738889507562,Saturday,Independence Day
CPLW,2017-09-04,Labor Day,Mon,2.7107492114674474,3.4775806236901152,2.314552444225408,Sunday,Labor Day
CPLW,2017-10-09,Columbus Day,Mon,2.2378586461294914,3.6263892033718723,4.756792519410046,own weekday,Columbus Day
CPLW,2017-11-10,Veterans Day (observed),Fri,9.222644152916198,10.882841321122443,10.748318502446113,own weekday,Veterans Day
CPLW,2017-11-11,Veterans Day,Sat,13.69329341635959,13.69329341635959,13.785526514136507,Saturday,Veterans Day
CPLW,2017-11-23,Thanksgiving,Thu,14.168280794216454,16.94941150216565,17.325081659713902,own weekday,Thanksgiving
CPLW,2017-11-24,Day after Thanksgiving,Fri,12.722008358504741,15.92451291314512,16.19363839859494,own weekday,Day after Thanksgiving
CPLW,2017-12-24,Christmas Eve,Sun,2.5685251040922785,1.9778860335133805,2.5685251040922785,Saturday,Christmas Eve
CPLW,2017-12-25,Christmas Day,Mon,10.246046839967613,4.357831416441288,5.120245835184972,Saturday,Christmas Day
CPLW,2017-12-31,New Year's Eve,Sun,5.271433659358368,5.989103503014304,5.271433659358368,Sunday,New Year's Eve
CPLW,2018-01-01,New Year's Day,Mon,5.734010441292581,2.4509511905904486,1.9847813007883126,Sunday,New Year's Day
CPLW,2018-01-15,MLK Day,Mon,4.153757973964602,9.854520856547222,5.750832386951866,own weekday,MLK Day
CPLW,2018-02-04,Super Bowl Sunday,Sun,5.177659424059339,5.445090555285262,5.177659424059339,Sunday,Super Bowl Sunday
CPLW,2018-02-19,Presidents' Day,Mon,3.2941952365403084,6.3466569608031795,7.636046677658796,own weekday,Presidents' Day
CPLW,2018-05-28,Memorial Day,Mon,4.261301935873192,1.6086884208234298,1.772668253633027,Saturday,Memorial Day
CPLW,2018-07-04,Independence Day,Wed,5.341397957768523,2.2180626001410135,1.7883254139871696,Sunday,Independence Day
CPLW,2018-09-03,Labor Day,Mon,2.673519555157404,3.2760703068206123,2.304129456860708,Sunday,Labor Day
CPLW,2018-10-08,Columbus Day,Mon,2.3162429786082432,3.7765296517171856,4.07027305661417,own weekday,Columbus Day
CPLW,2018-11-11,Veterans Day,Sun,17.410165188638082,15.885367110870774,17.410165188638082,Saturday,Veterans Day
CPLW,2018-11-12,Veterans Day (observed),Mon,4.109661748875714,4.751893336845592,4.868814913357245,own weekday,Veterans Day
CPLW,2018-11-22,Thanksgiving,Thu,15.916537795769091,15.876339832484057,13.435802436590945,Sunday,Thanksgiving
CPLW,2018-11-23,Day after Thanksgiving,Fri,3.0093699168443298,3.0384479915350466,3.8605781768979095,own weekday,Day after Thanksgiving
CPLW,2018-12-24,Christmas Eve,Mon,4.166414405422752,2.4722680288391947,3.8220263033133883,Saturday,Christmas Eve
CPLW,2018-12-25,Christmas Day,Tue,11.00058039132265,7.7434866953728365,5.4161101983763915,Sunday,Christmas Day
CPLW,2018-12-31,New Year's Eve,Mon,5.699306837097648,4.880929359376688,4.162495715489691,Sunday,New Year's Eve
CPLW,2019-01-01,New Year's Day,Tue,6.841703946128345,10.1168666648406,9.887665396316866,own weekday,New Year's Day
CPLW,2019-01-21,MLK Day,Mon,10.596652294660359,9.89409480743359,8.398077107980697,Sunday,MLK Day
CPLW,2019-02-03,Super Bowl Sunday,Sun,6.787714142606973,6.626309910201572,6.787714142606973,Saturday,Super Bowl Sunday
CPLW,2019-02-18,Presidents' Day,Mon,8.454694556631361,4.800224471648929,4.96385053860739,Saturday,Presidents' Day
CPLW,2019-05-27,Memorial Day,Mon,10.364513700402183,10.902901895314342,9.165084078622016,Sunday,Memorial Day
CPLW,2019-07-04,Independence Day,Thu,6.929110702278712,4.811806567136528,2.6975088738126525,Sunday,Independence Day
CPLW,2019-09-02,Labor Day,Mon,5.21329166617194,4.559292271137416,3.1089695442680627,Sunday,Labor Day
CPLW,2019-10-14,Columbus Day,Mon,6.891523867386849,6.522530401927022,9.882619023991762,Saturday,Columbus Day
CPLW,2019-11-11,Veterans Day,Mon,13.02149742741057,9.110252618766063,10.913634202642946,Saturday,Veterans Day
CPLW,2019-11-28,Thanksgiving,Thu,5.83204510117861,8.528018537692027,7.593709822557633,own weekday,Thanksgiving
CPLW,2019-11-29,Day after Thanksgiving,Fri,2.9161957918371115,5.197859607753246,3.7389442325821762,own weekday,Day after Thanksgiving
CPLW,2019-12-24,Christmas Eve,Tue,4.236179765652359,4.575110928954737,3.506320077338402,Sunday,Christmas Eve
CPLW,2019-12-25,Christmas Day,Wed,4.623548081823215,2.6102076381056674,3.6562014449580063,Saturday,Christmas Day
CPLW,2019-12-31,New Year's Eve,Tue,3.623012977613338,3.8972704003737584,2.930591466628192,Sunday,New Year's Eve
CPLW,2020-01-01,New Year's Day,Wed,3.3062149036888115,3.7271937118727596,3.7689904613406573,own weekday,New Year's Day
CPLW,2020-01-20,MLK Day,Mon,2.9491903897487317,3.453443928709109,2.7989192473317726,Sunday,MLK Day
CPLW,2020-02-02,Super Bowl Sunday,Sun,9.288751015988598,10.094488412950858,9.288751015988598,Sunday,Super Bowl Sunday
CPLW,2020-02-17,Presidents' Day,Mon,10.492697071789484,9.145267356843672,7.753875394442504,Sunday,Presidents' Day
CPLW,2020-05-25,Memorial Day,Mon,8.333302915036603,10.904256827330295,7.312918555803849,Sunday,Memorial Day
CPLW,2020-07-03,Independence Day (observed),Fri,7.736590063053665,5.501105235054785,4.146178576486459,Sunday,Independence Day
CPLW,2020-07-04,Independence Day,Sat,8.832400934116103,8.832400934116103,7.842732161512048,Sunday,Independence Day
CPLW,2020-09-07,Labor Day,Mon,3.2597918295704735,3.6111645247142894,2.237882785074428,Sunday,Labor Day
CPLW,2020-10-12,Columbus Day,Mon,2.0173005370736554,4.246146060531056,4.552134691506247,own weekday,Columbus Day
CPLW,2020-11-11,Veterans Day,Wed,3.373684889673085,5.875671856479896,4.405265682223018,own weekday,Veterans Day
CPLW,2020-11-26,Thanksgiving,Thu,5.417713330418467,5.195401697975918,4.259157433856594,Sunday,Thanksgiving
CPLW,2020-11-27,Day after Thanksgiving,Fri,6.762888778278921,2.7005762480794187,5.380171424704743,Saturday,Day after Thanksgiving
CPLW,2020-12-24,Christmas Eve,Thu,13.330167577223111,10.025187001577889,8.420514438055475,Sunday,Christmas Eve
CPLW,2020-12-25,Christmas Day,Fri,5.52906220702234,4.635040071355225,3.3999819399354627,Sunday,Christmas Day
CPLW,2020-12-31,New Year's Eve,Thu,5.52532221938331,1.512029260762863,1.3570847119397302,Sunday,New Year's Eve
CPLW,2021-01-01,New Year's Day,Fri,14.274341463713716,12.215614619085612,11.422491117853971,Sunday,New Year's Day
CPLW,2021-01-18,MLK Day,Mon,4.076325669544914,1.9875493994476054,2.9552491255811635,Saturday,MLK Day
CPLW,2021-02-07,Super Bowl Sunday,Sun,3.5881576731410827,3.8638693225758574,3.5881576731410827,Sunday,Super Bowl Sunday
CPLW,2021-02-15,Presidents' Day,Mon,7.643393398896199,6.696726188569306,7.988563008830189,Saturday,Presidents' Day
CPLW,2021-05-31,Memorial Day,Mon,3.6905522546745,5.076086489117682,3.378244426456313,Sunday,Memorial Day
CPLW,2021-06-18,Juneteenth (observed),Fri,10.520960673561081,11.78215803421409,10.496053008379102,Sunday,Juneteenth
CPLW,2021-06-19,Juneteenth,Sat,7.341744543397301,7.341744543397301,7.556199073902735,Saturday,Juneteenth
CPLW,2021-07-04,Independence Day,Sun,2.9353815628374047,4.537982961944556,2.9353815628374047,Sunday,Independence Day
CPLW,2021-07-05,Independence Day (observed),Mon,4.206449554965569,8.412701401549906,5.9694752843968075,own weekday,Independence Day
CPLW,2021-09-06,Labor Day,Mon,1.964730131283611,2.2886851116227165,1.744778299227923,Sunday,Labor Day
CPLW,2021-10-11,Columbus Day,Mon,2.14413486598256,3.3241450462373896,4.263758293134707,own weekday,Columbus Day
CPLW,2021-11-11,Veterans Day,Thu,4.961492468447109,3.8174603290624387,4.199951080379311,Saturday,Veterans Day
CPLW,2021-11-25,Thanksgiving,Thu,18.051096546905335,15.775367461528717,14.456149136623623,Sunday,Thanksgiving
CPLW,2021-11-26,Day after Thanksgiving,Fri,7.4472533051657575,8.171493285691984,8.353964172883316,own weekday,Day after Thanksgiving
CPLW,2021-12-24,Christmas Eve,Fri,7.198764238654527,7.9543829100967605,6.672419024436651,Sunday,Christmas Eve
CPLW,2021-12-25,Christmas Day,Sat,6.159415612695715,6.159415612695715,5.496078904830373,Sunday,Christmas Day
CPLW,2021-12-31,New Year's Day (observed),Fri,6.787102751332242,5.9613895887334065,7.41626104738347,Saturday,New Year's Day
CPLW,2022-01-01,New Year's Day,Sat,6.360245235725433,6.360245235725433,7.347218126849488,Saturday,New Year's Day
CPLW,2022-01-17,MLK Day,Mon,5.024482869340751,4.435359860959626,1.6938333753410144,Sunday,MLK Day
CPLW,2022-02-13,Super Bowl Sunday,Sun,6.091270579698866,8.549093878264886,6.091270579698866,Sunday,Super Bowl Sunday
CPLW,2022-02-21,Presidents' Day,Mon,5.109800547004513,4.92902093418866,4.0067648970573595,Sunday,Presidents' Day
CPLW,2022-05-30,Memorial Day,Mon,9.447951830492162,9.485528335957717,7.196812549819677,Sunday,Memorial Day
CPLW,2022-06-19,Juneteenth,Sun,1.971672258398786,2.9931513881903222,1.971672258398786,Sunday,Juneteenth
CPLW,2022-06-20,Juneteenth (observed),Mon,5.156488661221129,6.7226846274201595,5.483101894397943,own weekday,Juneteenth
CPLW,2022-07-04,Independence Day,Mon,6.10642349585904,5.465895508543396,5.621253565093032,Saturday,Independence Day
CPLW,2022-09-05,Labor Day,Mon,6.535080095794414,5.514555605877274,6.497900565815893,Saturday,Labor Day
CPLW,2022-10-10,Columbus Day,Mon,11.747783743851436,8.923530091725262,10.168241988601254,Saturday,Columbus Day
CPLW,2022-11-11,Veterans Day,Fri,5.641974184594528,3.708591256157781,3.543852671743592,Sunday,Veterans Day
CPLW,2022-11-24,Thanksgiving,Thu,8.607390420274728,9.248810193599798,12.991565467459083,own weekday,Thanksgiving
CPLW,2022-11-25,Day after Thanksgiving,Fri,4.546162398989248,3.4900896662467047,2.0069008661601275,Sunday,Day after Thanksgiving
CPLW,2022-12-24,Christmas Eve,Sat,11.455056256981928,11.455056256981928,15.680151170094305,Saturday,Christmas Eve
CPLW,2022-12-25,Christmas Day,Sun,15.220522670894281,12.887579799442806,15.220522670894281,Saturday,Christmas Day
CPLW,2022-12-26,Christmas Day (observed),Mon,8.21215485741383,10.879955920982825,13.194592144954372,own weekday,Christmas Day
CPLW,2022-12-31,New Year's Eve,Sat,4.680185938590502,4.680185938590502,4.112219211636207,Sunday,New Year's Eve
CPLW,2023-01-01,New Year's Day,Sun,4.1265857157853105,1.6423333256960628,4.1265857157853105,Saturday,New Year's Day
CPLW,2023-01-02,New Year's Day (observed),Mon,2.347223773444983,2.8893368973628197,5.309328629440851,own weekday,New Year's Day
CPLW,2023-01-16,MLK Day,Mon,8.512404316978992,8.651828527512919,10.955985475467326,own weekday,MLK Day
CPLW,2023-02-12,Super Bowl Sunday,Sun,5.68388314524848,9.588507682186014,5.68388314524848,Sunday,Super Bowl Sunday
CPLW,2023-02-20,Presidents' Day,Mon,5.404698372229425,4.306439805329921,4.247523294544945,Sunday,Presidents' Day
CPLW,2023-05-29,Memorial Day,Mon,5.40588999461937,1.6228744642635153,2.085327225136274,Saturday,Memorial Day
CPLW,2023-06-19,Juneteenth,Mon,2.246264571518251,2.2225069019618444,2.1670882171169676,Sunday,Juneteenth
CPLW,2023-07-04,Independence Day,Tue,6.239938838555314,4.774059883304977,4.087413803147969,Sunday,Independence Day
CPLW,2023-09-04,Labor Day,Mon,5.648008535302677,5.798172414567141,5.47681215608697,Sunday,Labor Day
CPLW,2023-10-09,Columbus Day,Mon,14.26113063040258,14.160451983298259,14.581302267361975,Saturday,Columbus Day
CPLW,2023-11-10,Veterans Day (observed),Fri,3.182393486706394,2.9332378394443985,2.8738785028276927,Sunday,Veterans Day
CPLW,2023-11-11,Veterans Day,Sat,2.943900980159601,2.943900980159601,4.324482223868445,Saturday,Veterans Day
CPLW,2023-11-23,Thanksgiving,Thu,10.201557093595143,11.522867605988935,9.813794321022884,Sunday,Thanksgiving
CPLW,2023-11-24,Day after Thanksgiving,Fri,9.712723215349632,10.72717318980857,8.826306071593217,Sunday,Day after Thanksgiving
CPLW,2023-12-24,Christmas Eve,Sun,9.589827593311222,5.084665304053599,9.589827593311222,Saturday,Christmas Eve
CPLW,2023-12-25,Christmas Day,Mon,6.924347483252944,7.3104945329932045,4.986507482541835,Sunday,Christmas Day
CPLW,2023-12-31,New Year's Eve,Sun,9.532658920639218,8.793154761699968,9.532658920639218,Saturday,New Year's Eve
CPLW,2024-01-01,New Year's Day,Mon,6.858545723527325,7.7129019927263,5.110192347795717,Sunday,New Year's Day
CPLW,2024-01-15,MLK Day,Mon,6.539555580070035,5.355458816659784,3.5397613444706426,Sunday,MLK Day
CPLW,2024-02-11,Super Bowl Sunday,Sun,7.68777837894286,7.649246595376284,7.68777837894286,Saturday,Super Bowl Sunday
CPLW,2024-02-19,Presidents' Day,Mon,7.2144091872821665,11.353815899349472,6.015811939105656,Sunday,Presidents' Day
CPLW,2024-05-27,Memorial Day,Mon,6.167872773871775,9.81800051184209,4.4613175959413285,Sunday,Memorial Day
CPLW,2024-06-19,Juneteenth,Wed,4.542827461995545,5.624230765525795,3.8579572659153043,Sunday,Juneteenth
CPLW,2024-07-04,Independence Day,Thu,9.568822521934605,8.090441403631148,6.837602096969167,Sunday,Independence Day
CPLW,2024-09-02,Labor Day,Mon,1.3796289886474848,2.2888175994337563,1.7879432397096964,own weekday,Labor Day
CPLW,2024-10-14,Columbus Day,Mon,6.972285679323958,6.99702945779912,6.639245049922983,Sunday,Columbus Day
CPLW,2024-11-11,Veterans Day,Mon,3.088851014340102,1.9327118040708395,3.318793590936316,Saturday,Veterans Day
CPLW,2024-11-28,Thanksgiving,Thu,4.977837633604179,4.718150994822314,4.43104736442192,Sunday,Thanksgiving
CPLW,2024-11-29,Day after Thanksgiving,Fri,6.149253704888503,5.6331030885691575,5.728414371241317,Saturday,Day after Thanksgiving
CPLW,2024-12-24,Christmas Eve,Tue,16.866159601487276,11.324783705330965,8.506528510981289,Sunday,Christmas Eve
CPLW,2024-12-25,Christmas Day,Wed,13.987251322944982,8.03054971377113,5.224586269291854,Sunday,Christmas Day
CPLW,2024-12-31,New Year's Eve,Tue,5.369306621075083,2.2885505069474625,4.615571600206003,Saturday,New Year's Eve
CPLW,2025-01-01,New Year's Day,Wed,4.899736943950277,8.05274808801189,11.075703107218448,own weekday,New Year's Day
CPLW,2025-01-20,MLK Day,Mon,2.3272288668323036,3.634119039689078,4.712758314623466,own weekday,MLK Day
CPLW,2025-02-09,Super Bowl Sunday,Sun,12.217715518892856,8.718018529547795,12.217715518892856,Saturday,Super Bowl Sunday
CPLW,2025-02-17,Presidents' Day,Mon,3.9271938228707426,5.485041995812344,4.620769396816843,own weekday,Presidents' Day
CPLW,2025-05-26,Memorial Day,Mon,4.348065353243457,3.8396854888661602,4.092493511586037,Saturday,Memorial Day
CPLW,2025-06-19,Juneteenth,Thu,5.950052664765336,7.344335419139068,5.377694954379381,Sunday,Juneteenth
CPLW,2025-07-04,Independence Day,Fri,6.130029375977636,6.8492085905635784,4.800771932759285,Sunday,Independence Day
CPLW,2025-09-01,Labor Day,Mon,3.6095234087316532,2.5137802459867116,3.473736384852364,Saturday,Labor Day
CPLW,2025-10-13,Columbus Day,Mon,3.2100153162032177,4.890390147304094,5.217965678801312,own weekday,Columbus Day
CPLW,2025-11-11,Veterans Day,Tue,15.467441990995127,14.654196259094352,18.31523519545376,Saturday,Veterans Day
CPLW,2025-11-27,Thanksgiving,Thu,5.755957695734862,6.139633444483248,8.09917306370396,own weekday,Thanksgiving
CPLW,2025-11-28,Day after Thanksgiving,Fri,7.536813188564648,8.65604743143013,10.272294146989704,own weekday,Day after Thanksgiving
CPLW,2025-12-24,Christmas Eve,Wed,8.746242449878912,8.577742133737692,6.35996719280502,Sunday,Christmas Eve
CPLW,2025-12-25,Christmas Day,Thu,3.948215111002424,7.2500184821395415,6.601335604141591,own weekday,Christmas Day
CPLW,2025-12-31,New Year's Eve,Wed,4.260437229067737,6.379408417611833,13.584619682013452,own weekday,New Year's Eve
CPLW,2026-01-01,New Year's Day,Thu,7.293829812572042,5.243181707823263,10.312500480748465,Saturday,New Year's Day
CPLW,2026-01-19,MLK Day,Mon,4.593044662144039,4.874302610011799,7.821443698474899,own weekday,MLK Day
CPLW,2026-02-08,Super Bowl Sunday,Sun,12.189414506776505,13.62386110748767,12.189414506776505,Sunday,Super Bowl Sunday
CPLW,2026-02-16,Presidents' Day,Mon,3.7774460911566576,7.291646011767503,7.570515814070693,own weekday,Presidents' Day
CPLW,2026-05-25,Memorial Day,Mon,11.832481869609866,8.977254485982343,7.97421817608207,Sunday,Memorial Day
CPLW,2026-06-19,Juneteenth,Fri,5.861744059563154,4.481324519867821,4.353448576768906,Sunday,Juneteenth
DUK,2015-09-07,Labor Day,Mon,4.988332049391791,2.080620952364331,2.3275284581351183,Saturday,Labor Day
DUK,2015-10-12,Columbus Day,Mon,1.4038495116880372,5.15007702381913,5.880380488929428,own weekday,Columbus Day
DUK,2015-11-11,Veterans Day,Wed,6.5362572679551505,4.631166343832174,6.483172390319165,Saturday,Veterans Day
DUK,2015-11-26,Thanksgiving,Thu,14.096943769402145,11.377468628169412,16.037942926009194,Saturday,Thanksgiving
DUK,2015-11-27,Day after Thanksgiving,Fri,5.008837592595737,3.6511296758952394,6.827642461145639,Saturday,Day after Thanksgiving
DUK,2015-12-24,Christmas Eve,Thu,4.284426560929333,8.524777061944473,5.134385047312709,own weekday,Christmas Eve
DUK,2015-12-25,Christmas Day,Fri,6.992028990960921,8.195717108222613,5.373141239774463,Sunday,Christmas Day
DUK,2015-12-31,New Year's Eve,Thu,2.9421969592384625,5.488425617339324,3.6996951591435243,own weekday,New Year's Eve
DUK,2016-01-01,New Year's Day,Fri,5.9913933703266675,7.529947805484662,3.1986144541704684,Sunday,New Year's Day
DUK,2016-01-18,MLK Day,Mon,2.6856884685063602,3.895784269694441,3.2843050733848695,own weekday,MLK Day
DUK,2016-02-07,Super Bowl Sunday,Sun,3.3048145210462114,2.1421892414636168,3.3048145210462114,Saturday,Super Bowl Sunday
DUK,2016-02-15,Presidents' Day,Mon,4.680438650848917,6.266435419216034,6.739899827587278,own weekday,Presidents' Day
DUK,2016-05-30,Memorial Day,Mon,11.256461675183688,12.641054198476255,11.797643635287319,own weekday,Memorial Day
DUK,2016-07-04,Independence Day,Mon,7.408309619793179,4.100888541404677,4.370535200606115,Saturday,Independence Day
DUK,2016-09-05,Labor Day,Mon,4.8493471626040385,4.442024689273339,3.164923560975889,Sunday,Labor Day
DUK,2016-10-10,Columbus Day,Mon,6.6447168462108825,7.946053322296671,9.131352963261333,own weekday,Columbus Day
DUK,2016-11-11,Veterans Day,Fri,7.997262203116118,8.971955269195226,13.355971645354131,own weekday,Veterans Day
DUK,2016-11-24,Thanksgiving,Thu,11.44608836239178,8.671748005421692,10.091687783974688,Saturday,Thanksgiving
DUK,2016-11-25,Day after Thanksgiving,Fri,4.295110762751611,2.008055976084047,3.251312319176479,Saturday,Day after Thanksgiving
DUK,2016-12-24,Christmas Eve,Sat,4.2592685264291354,4.2592685264291354,4.076779215695681,Sunday,Christmas Eve
DUK,2016-12-25,Christmas Day,Sun,2.8371921992359623,2.8303255507692957,2.8371921992359623,Saturday,Christmas Day
DUK,2016-12-26,Christmas Day (observed),Mon,6.163332634846745,5.486256313088841,8.002560734768966,Saturday,Christmas Day
DUK,2016-12-31,New Year's Eve,Sat,7.055073174011032,7.055073174011032,5.925544682803439,Sunday,New Year's Eve
DUK,2017-01-01,New Year's Day,Sun,5.386023490498374,4.3659625491902965,5.386023490498374,Saturday,New Year's Day
DUK,2017-01-02,New Year's Day (observed),Mon,6.618965952352518,6.988023238416837,8.854721893653357,own weekday,New Year's Day
DUK,2017-01-16,MLK Day,Mon,8.644800819476545,7.506714963626644,9.440684744556686,Saturday,MLK Day
DUK,2017-02-05,Super Bowl Sunday,Sun,8.743500992150693,9.596533876872172,8.743500992150693,Sunday,Super Bowl Sunday
DUK,2017-02-20,Presidents' Day,Mon,4.533921877635434,5.748481801283079,5.906371817671427,own weekday,Presidents' Day
DUK,2017-05-29,Memorial Day,Mon,10.16489741039328,6.360125002234302,9.215639577576095,Saturday,Memorial Day
DUK,2017-07-04,Independence Day,Tue,5.059820087247827,2.496704548396661,2.931282587973371,Saturday,Independence Day
DUK,2017-09-04,Labor Day,Mon,4.4366679986359525,5.220682520761018,3.8578605868902125,Sunday,Labor Day
DUK,2017-10-09,Columbus Day,Mon,2.847055428833567,5.116253542832646,6.593646990840994,own weekday,Columbus Day
DUK,2017-11-10,Veterans Day (observed),Fri,9.866388666522798,10.348895928982712,12.772198719464681,own weekday,Veterans Day
DUK,2017-11-11,Veterans Day,Sat,10.815747093310735,10.815747093310735,13.057876932308238,Saturday,Veterans Day
DUK,2017-11-23,Thanksgiving,Thu,10.735917544207247,11.529762494771777,14.187082147746391,own weekday,Thanksgiving
DUK,2017-11-24,Day after Thanksgiving,Fri,13.345417870498947,14.406013080845037,17.017111945910752,own weekday,Day after Thanksgiving
DUK,2017-12-24,Christmas Eve,Sun,4.897836186015655,2.640736743133207,4.897836186015655,Saturday,Christmas Eve
DUK,2017-12-25,Christmas Day,Mon,8.038205420141214,4.588786452790435,6.425824472410992,Saturday,Christmas Day
DUK,2017-12-31,New Year's Eve,Sun,5.335526504730561,8.055622918653695,5.335526504730561,Sunday,New Year's Eve
DUK,2018-01-01,New Year's Day,Mon,4.808275099092494,4.767263533904168,2.0802079935509523,Sunday,New Year's Day
DUK,2018-01-15,MLK Day,Mon,3.6080260404662825,4.9351793702798314,3.751723466903317,own weekday,MLK Day
DUK,2018-02-04,Super Bowl Sunday,Sun,9.238372813605626,10.457039157582084,9.238372813605626,Sunday,Super Bowl Sunday
DUK,2018-02-19,Presidents' Day,Mon,6.470362284639743,10.965753959254465,9.743229899466048,own weekday,Presidents' Day
DUK,2018-05-28,Memorial Day,Mon,5.2619447337836265,1.67680538637333,1.5243855779626954,Sunday,Memorial Day
DUK,2018-07-04,Independence Day,Wed,4.665483159015723,2.9461642416911533,5.316441013219872,Saturday,Independence Day
DUK,2018-09-03,Labor Day,Mon,4.806125978690335,4.859945270232454,3.3127691823508276,Sunday,Labor Day
DUK,2018-10-08,Columbus Day,Mon,1.875260572542778,3.912774174319906,4.858131458333434,own weekday,Columbus Day
DUK,2018-11-11,Veterans Day,Sun,13.335201932117291,11.908569232414417,13.335201932117291,Saturday,Veterans Day
DUK,2018-11-12,Veterans Day (observed),Mon,2.7217019129699067,3.543852222295666,4.6631948667971965,own weekday,Veterans Day
DUK,2018-11-22,Thanksgiving,Thu,13.278425112471334,11.975889073770713,12.577225408461814,Saturday,Thanksgiving
DUK,2018-11-23,Day after Thanksgiving,Fri,5.07125981831433,3.6391233621025108,3.674650991477304,Saturday,Day after Thanksgiving
DUK,2018-12-24,Christmas Eve,Mon,6.115725242786959,4.211077172436125,3.501058870606016,Sunday,Christmas Eve
DUK,2018-12-25,Christmas Day,Tue,9.60625938036979,9.726888977595051,7.823242188779105,Sunday,Christmas Day
DUK,2018-12-31,New Year's Eve,Mon,4.926486789871184,5.824213053039206,7.4852092813248134,own weekday,New Year's Eve
DUK,2019-01-01,New Year's Day,Tue,7.4512052392326655,6.705851349929916,8.634408356112473,Saturday,New Year's Day
DUK,2019-01-21,MLK Day,Mon,5.067814322830003,5.6598157854843265,5.569968784562581,own weekday,MLK Day
DUK,2019-02-03,Super Bowl Sunday,Sun,3.74357293475616,3.213380423635577,3.74357293475616,Saturday,Super Bowl Sunday
DUK,2019-02-18,Presidents' Day,Mon,2.6906584190995315,3.828125184781788,3.7328888108592078,own weekday,Presidents' Day
DUK,2019-05-27,Memorial Day,Mon,11.256868304969634,12.88787643115745,10.133104250875185,Sunday,Memorial Day
DUK,2019-07-04,Independence Day,Thu,7.789824298647183,7.173894035431353,9.259379847888539,Saturday,Independence Day
DUK,2019-09-02,Labor Day,Mon,4.889673411244014,6.0623359190016,3.6550132717339636,Sunday,Labor Day
DUK,2019-10-14,Columbus Day,Mon,6.257988746919718,5.257683284662623,8.834333044054915,Saturday,Columbus Day
DUK,2019-11-11,Veterans Day,Mon,13.379006181799348,6.343416767914037,9.946239354264959,Saturday,Veterans Day
DUK,2019-11-28,Thanksgiving,Thu,7.318991799651014,6.769469585319089,8.636891910616962,Saturday,Thanksgiving
DUK,2019-11-29,Day after Thanksgiving,Fri,3.736645645588358,2.9215786872363503,4.006056300372716,Saturday,Day after Thanksgiving
DUK,2019-12-24,Christmas Eve,Tue,4.233659130494835,1.6495244792167425,2.5347587849430013,Saturday,Christmas Eve
DUK,2019-12-25,Christmas Day,Wed,5.043075616967303,3.43549600899146,3.1258741395623297,Sunday,Christmas Day
DUK,2019-12-31,New Year's Eve,Tue,2.9056701951974757,3.6243302386363982,4.168613261689544,own weekday,New Year's Eve
DUK,2020-01-01,New Year's Day,Wed,3.9393862418531147,3.093210253820437,2.52409289211631,Sunday,New Year's Day
DUK,2020-01-20,MLK Day,Mon,4.738871427207109,4.306360150139821,3.2429235419886093,Sunday,MLK Day
DUK,2020-02-02,Super Bowl Sunday,Sun,5.551368410785118,6.473773351257596,5.551368410785118,Sunday,Super Bowl Sunday
DUK,2020-02-17,Presidents' Day,Mon,4.327457746175751,4.966083551676028,4.736870876395772,own weekday,Presidents' Day
DUK,2020-05-25,Memorial Day,Mon,4.491250800948404,6.098353296960831,3.8548683999769984,Sunday,Memorial Day
DUK,2020-07-03,Independence Day (observed),Fri,7.140354810441633,3.1683811245796876,2.9001648304231296,Sunday,Independence Day
DUK,2020-07-04,Independence Day,Sat,3.4988197354082167,3.4988197354082167,3.049650002166945,Sunday,Independence Day
DUK,2020-09-07,Labor Day,Mon,5.369131852493425,4.919973153041127,2.906539778697587,Sunday,Labor Day
DUK,2020-10-12,Columbus Day,Mon,3.832555462359883,4.5147721248091885,5.899448753976436,own weekday,Columbus Day
DUK,2020-11-11,Veterans Day,Wed,2.555751919060288,5.549505236626608,5.40001560151628,own weekday,Veterans Day
DUK,2020-11-26,Thanksgiving,Thu,8.708128850707325,4.758669775250251,6.2136626312396865,Saturday,Thanksgiving
DUK,2020-11-27,Day after Thanksgiving,Fri,3.6234413659789126,1.7137383224293634,3.2949355628686456,Saturday,Day after Thanksgiving
DUK,2020-12-24,Christmas Eve,Thu,6.081403961343484,3.5694948688084005,3.0909446366980413,Sunday,Christmas Eve
DUK,2020-12-25,Christmas Day,Fri,7.640103426101999,5.304064715257971,4.883117789330058,Sunday,Christmas Day
DUK,2020-12-31,New Year's Eve,Thu,4.591146353922501,4.138938511902998,5.368448667937226,Saturday,New Year's Eve
DUK,2021-01-01,New Year's Day,Fri,12.372801972393974,10.494747020895474,8.525869080477284,Sunday,New Year's Day
DUK,2021-01-18,MLK Day,Mon,6.223069603346456,2.89265904642529,2.943588479680763,Saturday,MLK Day
DUK,2021-02-07,Super Bowl Sunday,Sun,2.9133773159547727,2.270261329058545,2.9133773159547727,Saturday,Super Bowl Sunday
DUK,2021-02-15,Presidents' Day,Mon,5.156713259071458,9.05323589814905,9.287165878038623,own weekday,Presidents' Day
DUK,2021-05-31,Memorial Day,Mon,5.388683346328667,6.80188704030006,2.8133313394776263,Sunday,Memorial Day
DUK,2021-06-18,Juneteenth (observed),Fri,11.568537123591089,12.410060277649105,9.45566649699277,Sunday,Juneteenth
DUK,2021-06-19,Juneteenth,Sat,7.281720614704644,7.281720614704644,7.600307672042024,Saturday,Juneteenth
DUK,2021-07-04,Independence Day,Sun,5.895124634953742,5.5397830232939045,5.895124634953742,Saturday,Independence Day
DUK,2021-07-05,Independence Day (observed),Mon,5.234379420447006,9.306426211631273,7.830587410243542,own weekday,Independence Day
DUK,2021-09-06,Labor Day,Mon,4.016886050715283,2.7156567670925873,2.2001344020276785,Sunday,Labor Day
DUK,2021-10-11,Columbus Day,Mon,6.055651149244673,6.188310641177875,8.140374950065008,own weekday,Columbus Day
DUK,2021-11-11,Veterans Day,Thu,4.925380970062703,5.9422456685827765,8.067906757892674,own weekday,Veterans Day
DUK,2021-11-25,Thanksgiving,Thu,18.62657525030866,16.08991032190365,17.513750757035538,Saturday,Thanksgiving
DUK,2021-11-26,Day after Thanksgiving,Fri,6.454329618054906,6.36007868733603,5.0695920751519195,Sunday,Day after Thanksgiving
DUK,2021-12-24,Christmas Eve,Fri,9.65940598981485,8.575865177022497,9.318246250709755,Saturday,Christmas Eve
DUK,2021-12-25,Christmas Day,Sat,2.9230360778907896,2.9230360778907896,4.449813300685008,Saturday,Christmas Day
DUK,2021-12-31,New Year's Day (observed),Fri,6.010322194355495,6.75491894158393,5.76148609382047,Sunday,New Year's Day
DUK,2022-01-01,New Year's Day,Sat,9.080783446384782,9.080783446384782,7.017484539974488,Sunday,New Year's Day
DUK,2022-01-17,MLK Day,Mon,5.526968152140141,2.607109467165703,5.6014974877963395,Saturday,MLK Day
DUK,2022-02-13,Super Bowl Sunday,Sun,8.365981972734462,11.691533543440947,8.365981972734462,Sunday,Super Bowl Sunday
DUK,2022-02-21,Presidents' Day,Mon,6.963341863051683,4.404699047886646,4.308195430762819,Sunday,Presidents' Day
DUK,2022-05-30,Memorial Day,Mon,12.451576032808397,10.226221788914568,7.210122175537774,Sunday,Memorial Day
DUK,2022-06-19,Juneteenth,Sun,2.7779573439039518,3.631070301129543,2.7779573439039518,Sunday,Juneteenth
DUK,2022-06-20,Juneteenth (observed),Mon,2.3227516739189467,4.907862517611222,2.9662412974911403,own weekday,Juneteenth
DUK,2022-07-04,Independence Day,Mon,4.8906387640200295,2.7411889007964647,1.1012614235605707,Sunday,Independence Day
DUK,2022-09-05,Labor Day,Mon,6.035873463345466,4.957182544917776,6.6404291002426605,Saturday,Labor Day
DUK,2022-10-10,Columbus Day,Mon,8.684043426793513,6.713308166817159,8.624721246408756,Saturday,Columbus Day
DUK,2022-11-11,Veterans Day,Fri,2.2195572344587204,3.8940339988700328,4.946847630787783,own weekday,Veterans Day
DUK,2022-11-24,Thanksgiving,Thu,11.09810365636895,11.241253073251157,13.622424468168676,own weekday,Thanksgiving
DUK,2022-11-25,Day after Thanksgiving,Fri,3.6300205841713784,3.168660759790017,4.3334925218378135,Saturday,Day after Thanksgiving
DUK,2022-12-24,Christmas Eve,Sat,10.493697192768664,10.493697192768664,13.23872862743651,Saturday,Christmas Eve
DUK,2022-12-25,Christmas Day,Sun,15.347862196318433,13.149153851685385,15.347862196318433,Saturday,Christmas Day
DUK,2022-12-26,Christmas Day (observed),Mon,9.068902474109258,11.088839450090425,13.701694120513691,own weekday,Christmas Day
DUK,2022-12-31,New Year's Eve,Sat,3.489316883439,3.489316883439,4.6273769362990995,Saturday,New Year's Eve
DUK,2023-01-01,New Year's Day,Sun,2.465281028405851,3.7290565571448413,2.465281028405851,Sunday,New Year's Day
DUK,2023-01-02,New Year's Day (observed),Mon,4.718691243961393,3.4436987797537,2.7522453019901914,Sunday,New Year's Day
DUK,2023-01-16,MLK Day,Mon,6.519255577648178,6.445094518592133,10.741293488178606,Saturday,MLK Day
DUK,2023-02-12,Super Bowl Sunday,Sun,7.319580630262743,7.076033431361788,7.319580630262743,Saturday,Super Bowl Sunday
DUK,2023-02-20,Presidents' Day,Mon,2.8865126663477967,5.211883636074258,5.241178818525894,own weekday,Presidents' Day
DUK,2023-05-29,Memorial Day,Mon,5.91343075904994,2.3519209609202827,1.938178207395102,Sunday,Memorial Day
DUK,2023-06-19,Juneteenth,Mon,3.717534139431894,4.127737150274481,4.168345763532062,own weekday,Juneteenth
DUK,2023-07-04,Independence Day,Tue,4.374415605359163,2.492477260368549,4.138220552430957,Saturday,Independence Day
DUK,2023-09-04,Labor Day,Mon,6.685876780320767,7.264442937459297,6.889433253316031,own weekday,Labor Day
DUK,2023-10-09,Columbus Day,Mon,11.163951215443857,10.385387822158537,11.495991612655954,Saturday,Columbus Day
DUK,2023-11-10,Veterans Day (observed),Fri,3.2260758055337755,3.6085070281085825,3.8944667293675233,own weekday,Veterans Day
DUK,2023-11-11,Veterans Day,Sat,3.902468300628265,3.902468300628265,3.536463577698332,Sunday,Veterans Day
DUK,2023-11-23,Thanksgiving,Thu,12.91930219421651,11.739048695881886,12.114522349328082,Saturday,Thanksgiving
DUK,2023-11-24,Day after Thanksgiving,Fri,9.153630287452165,7.1508405334876235,6.276240801698176,Sunday,Day after Thanksgiving
DUK,2023-12-24,Christmas Eve,Sun,9.575498070340354,3.621954155656717,9.575498070340354,Saturday,Christmas Eve
DUK,2023-12-25,Christmas Day,Mon,5.53287407620628,3.210343346625285,4.315350302554241,Saturday,Christmas Day
DUK,2023-12-31,New Year's Eve,Sun,11.883318389392876,7.742673604284217,11.883318389392876,Saturday,New Year's Eve
DUK,2024-01-01,New Year's Day,Mon,5.132566983801161,3.456458836187273,4.7128997953320715,Saturday,New Year's Day
DUK,2024-01-15,MLK Day,Mon,3.534580966665136,5.2569237199093335,2.365417134797119,Sunday,MLK Day
DUK,2024-02-11,Super Bowl Sunday,Sun,9.637120902912676,8.061667132431598,9.637120902912676,Saturday,Super Bowl Sunday
DUK,2024-02-19,Presidents' Day,Mon,5.249118649539962,8.455885456394261,3.1800162316978806,Sunday,Presidents' Day
DUK,2024-05-27,Memorial Day,Mon,6.101756543258375,8.244307505659298,3.6546279254254417,Sunday,Memorial Day
DUK,2024-06-19,Juneteenth,Wed,3.060795017438014,4.975748964961228,5.084656270163624,own weekday,Juneteenth
DUK,2024-07-04,Independence Day,Thu,6.002703680588237,4.992797317763506,6.11912679998784,Saturday,Independence Day
DUK,2024-09-02,Labor Day,Mon,2.1976276935904675,1.669562171396986,1.8310171208691546,Saturday,Labor Day
DUK,2024-10-14,Columbus Day,Mon,6.600050568426605,7.430437636590363,7.654493994904751,own weekday,Columbus Day
DUK,2024-11-11,Veterans Day,Mon,0.9945523130572209,3.471677187705586,4.350058930477943,own weekday,Veterans Day
DUK,2024-11-28,Thanksgiving,Thu,8.067482737680876,6.295363285640803,6.944035680296201,Saturday,Thanksgiving
DUK,2024-11-29,Day after Thanksgiving,Fri,8.227655811535966,9.402194239754296,8.561413256919742,own weekday,Day after Thanksgiving
DUK,2024-12-24,Christmas Eve,Tue,16.81177473128693,10.517261831105795,10.875712040142883,Saturday,Christmas Eve
DUK,2024-12-25,Christmas Day,Wed,12.38548557768117,5.474824356899733,5.818392164888233,Saturday,Christmas Day
DUK,2024-12-31,New Year's Eve,Tue,5.612613960234377,4.004114583678449,4.358604121844495,Saturday,New Year's Eve
DUK,2025-01-01,New Year's Day,Wed,5.614130417781891,5.003157375834859,4.901906545975247,Sunday,New Year's Day
DUK,2025-01-20,MLK Day,Mon,3.32946003749216,3.662706145603145,4.426890424656187,own weekday,MLK Day
DUK,2025-02-09,Super Bowl Sunday,Sun,6.426484468124673,6.835480899397184,6.426484468124673,Sunday,Super Bowl Sunday
DUK,2025-02-17,Presidents' Day,Mon,3.9209692750186202,5.616700242716155,5.241808356154246,own weekday,Presidents' Day
DUK,2025-05-26,Memorial Day,Mon,4.686418424961733,3.397796927061071,3.604952224336961,Saturday,Memorial Day
DUK,2025-06-19,Juneteenth,Thu,3.6935292120056564,5.997496473295748,6.096903272802822,own weekday,Juneteenth
DUK,2025-07-04,Independence Day,Fri,4.1582719154889,4.258102472560829,2.998058368694341,Sunday,Independence Day
DUK,2025-09-01,Labor Day,Mon,4.659389622903762,2.8576747819014034,3.4643938259196436,Saturday,Labor Day
DUK,2025-10-13,Columbus Day,Mon,2.5737185076017117,4.391046151423458,4.397731600169919,own weekday,Columbus Day
DUK,2025-11-11,Veterans Day,Tue,13.30732928016718,11.107957853514412,13.706015163566738,Saturday,Veterans Day
DUK,2025-11-27,Thanksgiving,Thu,4.713407581864835,5.928192601039893,7.557383147760127,own weekday,Thanksgiving
DUK,2025-11-28,Day after Thanksgiving,Fri,7.452533960814843,8.622721235711197,10.97741387549873,own weekday,Day after Thanksgiving
DUK,2025-12-24,Christmas Eve,Wed,4.283502818985452,3.274387937121455,6.88437386039525,Saturday,Christmas Eve
DUK,2025-12-25,Christmas Day,Thu,3.762756177204777,5.603197056835996,4.077956359820483,own weekday,Christmas Day
DUK,2025-12-31,New Year's Eve,Wed,3.6300287763892407,6.852716672972341,14.158810238164158,own weekday,New Year's Eve
DUK,2026-01-01,New Year's Day,Thu,6.8387029329398015,5.811118137484594,12.275346589084878,Saturday,New Year's Day
DUK,2026-01-19,MLK Day,Mon,8.17256221389326,6.711796239207578,11.625146907071343,Saturday,MLK Day
DUK,2026-02-08,Super Bowl Sunday,Sun,7.18980004201982,8.08562631541807,7.18980004201982,Sunday,Super Bowl Sunday
DUK,2026-02-16,Presidents' Day,Mon,1.7341715264683883,6.856503461975717,9.028211696970649,own weekday,Presidents' Day
DUK,2026-05-25,Memorial Day,Mon,9.15456817982876,5.885135299985653,6.156536233460005,Saturday,Memorial Day
DUK,2026-06-19,Juneteenth,Fri,5.009671211650774,3.399963365232913,4.125134941549606,Saturday,Juneteenth
EPE,2015-09-07,Labor Day,Mon,4.291889630075904,2.492944704224851,1.876992943142029,Sunday,Labor Day
EPE,2015-10-12,Columbus Day,Mon,1.4000275166394076,3.959356492412173,5.606056883298769,own weekday,Columbus Day
EPE,2015-11-11,Veterans Day,Wed,8.714498886837056,4.315106352877387,5.2186590016373655,Saturday,Veterans Day
EPE,2015-11-26,Thanksgiving,Thu,6.269282952122178,3.7416540268351675,5.858697962448898,Saturday,Thanksgiving
EPE,2015-11-27,Day after Thanksgiving,Fri,6.71995230846332,4.170298178887758,2.822758720822045,Sunday,Day after Thanksgiving
EPE,2015-12-24,Christmas Eve,Thu,4.008384011487913,1.8401640764336973,3.8227349671078557,Saturday,Christmas Eve
EPE,2015-12-25,Christmas Day,Fri,7.4939705943119534,4.805969604583998,3.737828989770426,Sunday,Christmas Day
EPE,2015-12-31,New Year's Eve,Thu,3.6884706475478297,2.930106476894831,4.443121134208663,Saturday,New Year's Eve
EPE,2016-01-01,New Year's Day,Fri,5.4604204303183375,1.8860179417813576,2.5704709421965672,Saturday,New Year's Day
EPE,2016-01-18,MLK Day,Mon,0.8976756730508237,3.095720907858807,4.217999083786986,own weekday,MLK Day
EPE,2016-02-07,Super Bowl Sunday,Sun,4.0724110575077335,1.9121618983199882,4.0724110575077335,Saturday,Super Bowl Sunday
EPE,2016-02-15,Presidents' Day,Mon,1.9604410973875455,5.9745911718205305,5.767921685718083,own weekday,Presidents' Day
EPE,2016-05-30,Memorial Day,Mon,6.887015760947072,6.119351697095072,7.621730388668654,Saturday,Memorial Day
EPE,2016-09-05,Labor Day,Mon,4.074417658271245,1.793566919498332,1.4451810854740625,Sunday,Labor Day
EPE,2016-10-10,Columbus Day,Mon,2.5941604157741502,4.718692024466739,5.038242302345008,own weekday,Columbus Day
EPE,2016-11-11,Veterans Day,Fri,7.2980093709023715,7.762458916355795,9.3475032722855,own weekday,Veterans Day
EPE,2016-11-24,Thanksgiving,Thu,10.065750647427265,9.630887550098127,13.348796980066371,Saturday,Thanksgiving
EPE,2016-11-25,Day after Thanksgiving,Fri,8.205805182778663,7.004634305602993,9.853847839718128,Saturday,Day after Thanksgiving
EPE,2016-12-24,Christmas Eve,Sat,3.418008469783192,3.418008469783192,4.432987530209579,Saturday,Christmas Eve
EPE,2016-12-25,Christmas Day,Sun,5.228470903004114,5.553234550766497,5.228470903004114,Sunday,Christmas Day
EPE,2016-12-26,Christmas Day (observed),Mon,6.815443698991684,3.6454993272956955,3.250954238879062,Sunday,Christmas Day
EPE,2016-12-31,New Year's Eve,Sat,1.6148720840014643,1.6148720840014643,2.6706196132365303,Saturday,New Year's Eve
EPE,2017-01-01,New Year's Day,Sun,2.8382699615280287,4.481757659886474,2.8382699615280287,Sunday,New Year's Day
EPE,2017-01-02,New Year's Day (observed),Mon,4.519011755481089,2.2891383590555305,2.455165379038172,Saturday,New Year's Day
EPE,2017-01-16,MLK Day,Mon,2.2470570800331924,2.9976169546174174,4.206174026789566,own weekday,MLK Day
EPE,2017-02-05,Super Bowl Sunday,Sun,3.528268516012816,2.037843966968265,3.528268516012816,Saturday,Super Bowl Sunday
EPE,2017-02-20,Presidents' Day,Mon,1.798610547541582,3.201870877902972,5.6714953969618005,own weekday,Presidents' Day
EPE,2017-05-29,Memorial Day,Mon,5.579815093110485,5.050469782697428,5.969435084555872,Saturday,Memorial Day
EPE,2017-07-04,Independence Day,Tue,4.921565025401897,3.3725325387543297,3.126445094667589,Sunday,Independence Day
EPE,2017-09-04,Labor Day,Mon,5.179780921132105,6.153612004477751,4.025148464010997,Sunday,Labor Day
EPE,2017-10-09,Columbus Day,Mon,2.973943408307,4.2453771843165224,6.0842837479870635,own weekday,Columbus Day
EPE,2017-11-10,Veterans Day (observed),Fri,6.393983841323679,3.720479360902609,5.4796622283280305,Saturday,Veterans Day
EPE,2017-11-11,Veterans Day,Sat,3.4992386854386277,3.4992386854386277,5.3413175179890855,Saturday,Veterans Day
EPE,2017-11-23,Thanksgiving,Thu,8.693683737844182,6.354089751580629,8.415203074577871,Saturday,Thanksgiving
EPE,2017-11-24,Day after Thanksgiving,Fri,9.348329333306921,4.890798388367572,5.312671293384797,Saturday,Day after Thanksgiving
EPE,2017-12-24,Christmas Eve,Sun,7.758241900904634,4.91504241724043,7.758241900904634,Saturday,Christmas Eve
EPE,2017-12-25,Christmas Day,Mon,10.391150528726225,6.139150847051728,8.126806457443065,Saturday,Christmas Day
EPE,2017-12-31,New Year's Eve,Sun,4.3032107930567145,2.3302586475826352,4.3032107930567145,Saturday,New Year's Eve
EPE,2018-01-01,New Year's Day,Mon,8.681151184149316,2.9428446010568323,4.549264890903104,Saturday,New Year's Day
EPE,2018-01-15,MLK Day,Mon,3.3988943604564774,3.418954948490175,3.3642813090337835,Sunday,MLK Day
EPE,2018-02-04,Super Bowl Sunday,Sun,2.531590593538789,3.8314134163721363,2.531590593538789,Sunday,Super Bowl Sunday
EPE,2018-02-19,Presidents' Day,Mon,4.016091261455549,5.687748690976224,4.981119604884633,own weekday,Presidents' Day
EPE,2018-05-28,Memorial Day,Mon,6.8547147781282085,6.933981042968231,5.186604107704431,Sunday,Memorial Day
EPE,2018-07-04,Independence Day,Wed,6.724232123186996,3.4144429773768166,5.224373154804112,Saturday,Independence Day
EPE,2018-09-03,Labor Day,Mon,5.021322823588992,2.8741436710497914,2.4943438938720406,Sunday,Labor Day
EPE,2018-10-08,Columbus Day,Mon,11.464718326146818,8.093494118045085,11.948674461647434,Saturday,Columbus Day
EPE,2018-11-11,Veterans Day,Sun,7.946390986432219,5.669084805130456,7.946390986432219,Saturday,Veterans Day
EPE,2018-11-12,Veterans Day (observed),Mon,6.4547733102642,7.620356812196196,7.7863995748062065,own weekday,Veterans Day
EPE,2018-11-22,Thanksgiving,Thu,7.200095754036225,5.03277115948682,8.289649078514984,Saturday,Thanksgiving
EPE,2018-11-23,Day after Thanksgiving,Fri,6.708906966118327,4.153861574237629,5.68788343641689,Saturday,Day after Thanksgiving
EPE,2018-12-24,Christmas Eve,Mon,5.831331697159639,1.8632013545001265,3.944374422923576,Saturday,Christmas Eve
EPE,2018-12-25,Christmas Day,Tue,4.775699474787403,2.019053109696962,2.6009214535610603,Saturday,Christmas Day
EPE,2018-12-31,New Year's Eve,Mon,6.701640572227784,2.829714140502207,3.97390036481178,Saturday,New Year's Eve
EPE,2019-01-01,New Year's Day,Tue,7.483877924706619,5.314145448538401,3.239064320052392,Sunday,New Year's Day
EPE,2019-01-21,MLK Day,Mon,2.5954074893121,4.356512529206647,5.601287335962903,own weekday,MLK Day
EPE,2019-02-03,Super Bowl Sunday,Sun,3.3168231649519355,3.1308854591767528,3.3168231649519355,Saturday,Super Bowl Sunday
EPE,2019-02-18,Presidents' Day,Mon,2.345311124938901,2.7503643428688687,4.557379275345424,own weekday,Presidents' Day
EPE,2019-05-27,Memorial Day,Mon,6.102245939547549,6.564819405769364,6.366106599881107,own weekday,Memorial Day
EPE,2019-07-04,Independence Day,Thu,4.217736086954274,2.3476949458457814,3.6370846063620768,Saturday,Independence Day
EPE,2019-09-02,Labor Day,Mon,2.84907495347816,3.25372497539579,2.700591326477249,Sunday,Labor Day
EPE,2019-10-14,Columbus Day,Mon,4.135618228262185,5.351612645373011,7.389809968424417,own weekday,Columbus Day
EPE,2019-11-11,Veterans Day,Mon,6.900555756965075,5.531197707699896,5.717563364073966,Saturday,Veterans Day
EPE,2019-11-28,Thanksgiving,Thu,7.90290335215446,5.626580510164548,10.130900561180205,Saturday,Thanksgiving
EPE,2019-11-29,Day after Thanksgiving,Fri,4.3583249952721665,2.7263309159312192,7.035564163175481,Saturday,Day after Thanksgiving
EPE,2019-12-24,Christmas Eve,Tue,4.5179793961655506,3.9451515059309115,5.530783415453572,Saturday,Christmas Eve
EPE,2019-12-25,Christmas Day,Wed,8.395867984678501,4.743082552159877,6.340625589012236,Saturday,Christmas Day
EPE,2019-12-31,New Year's Eve,Tue,6.279406007316915,4.422462040050512,6.290507582350154,Saturday,New Year's Eve
EPE,2020-01-01,New Year's Day,Wed,8.107579505949323,4.71133549909984,4.501231247538886,Sunday,New Year's Day
EPE,2020-01-20,MLK Day,Mon,2.390634820362779,4.710453839513393,5.861875357827586,own weekday,MLK Day
EPE,2020-02-02,Super Bowl Sunday,Sun,3.10611416035824,2.405875038110067,3.10611416035824,Saturday,Super Bowl Sunday
EPE,2020-02-17,Presidents' Day,Mon,3.905516183421719,6.833422942796911,6.393418185079256,own weekday,Presidents' Day
EPE,2020-05-25,Memorial Day,Mon,4.114228765569814,3.9615734840684564,3.8925164596335113,Sunday,Memorial Day
EPE,2020-07-03,Independence Day (observed),Fri,1.429397957954978,2.4365056137111685,3.189302423154552,own weekday,Independence Day
EPE,2020-07-04,Independence Day,Sat,3.1589514482826306,3.1589514482826306,3.6694503363289535,Saturday,Independence Day
EPE,2020-09-07,Labor Day,Mon,6.309651831085157,6.105415910077071,5.276468327363207,Sunday,Labor Day
EPE,2020-10-12,Columbus Day,Mon,3.7069639364000615,3.4960326902563725,4.554258021677468,Saturday,Columbus Day
EPE,2020-11-11,Veterans Day,Wed,15.534598863629858,12.566782115990957,13.785591621442164,Saturday,Veterans Day
EPE,2020-11-26,Thanksgiving,Thu,10.672836733124473,9.907150703726376,9.91023613870558,Saturday,Thanksgiving
EPE,2020-11-27,Day after Thanksgiving,Fri,9.182936506999342,9.272084555987858,9.097887051097931,Sunday,Day after Thanksgiving
EPE,2020-12-24,Christmas Eve,Thu,6.826732105332252,6.655515005603785,7.590094721794477,Saturday,Christmas Eve
EPE,2020-12-25,Christmas Day,Fri,8.023923694165834,6.597799401176292,7.114054780550359,Saturday,Christmas Day
EPE,2020-12-31,New Year's Eve,Thu,8.032905384397532,5.745856379612172,6.399216765854712,Saturday,New Year's Eve
EPE,2021-01-01,New Year's Day,Fri,7.384510039708402,4.370895208746631,4.775571749199505,Saturday,New Year's Day
EPE,2021-01-18,MLK Day,Mon,1.1811042496903743,3.7826637543198114,5.132382423750751,own weekday,MLK Day
EPE,2021-02-07,Super Bowl Sunday,Sun,2.4608545036904435,2.1875321398379515,2.4608545036904435,Saturday,Super Bowl Sunday
EPE,2021-02-15,Presidents' Day,Mon,3.472467406409141,5.256416555320151,6.550210471337135,own weekday,Presidents' Day
EPE,2021-05-31,Memorial Day,Mon,5.480359390623537,7.042859659281926,5.472232201589544,Sunday,Memorial Day
EPE,2021-06-18,Juneteenth (observed),Fri,3.83484186251568,4.327512971626044,6.34442232510484,own weekday,Juneteenth
EPE,2021-06-19,Juneteenth,Sat,4.6332176411393835,4.6332176411393835,6.04113944597354,Saturday,Juneteenth
EPE,2021-07-04,Independence Day,Sun,3.199718302624251,1.3785068817838095,3.199718302624251,Saturday,Independence Day
EPE,2021-07-05,Independence Day (observed),Mon,4.8573223518717095,4.0488617832748295,3.8923795968360224,Sunday,Independence Day
EPE,2021-09-06,Labor Day,Mon,5.845471643395919,5.33181243749492,4.892414927636601,Sunday,Labor Day
EPE,2021-10-11,Columbus Day,Mon,6.38783193465326,6.475108596267532,6.413095466867196,own weekday,Columbus Day
EPE,2021-11-11,Veterans Day,Thu,5.519363274757999,4.068369012837956,5.708278355832382,Saturday,Veterans Day
EPE,2021-11-25,Thanksgiving,Thu,6.688608192293971,7.451105600424611,9.205774323120277,own weekday,Thanksgiving
EPE,2021-11-26,Day after Thanksgiving,Fri,5.668936237647175,5.384694144545713,7.0658475559178795,Saturday,Day after Thanksgiving
EPE,2021-12-24,Christmas Eve,Fri,3.4796038882590716,2.21696685582697,4.3047798891439175,Saturday,Christmas Eve
EPE,2021-12-25,Christmas Day,Sat,2.976987925096285,2.976987925096285,3.7570700790869127,Saturday,Christmas Day
EPE,2021-12-31,New Year's Day (observed),Fri,3.8552347037242973,5.101534828465222,6.4672037028470655,own weekday,New Year's Day
EPE,2022-01-01,New Year's Day,Sat,4.434007305478332,4.434007305478332,2.2494481044161585,Sunday,New Year's Day
EPE,2022-01-17,MLK Day,Mon,2.2875367722800686,3.268119535001289,5.931797648834808,own weekday,MLK Day
EPE,2022-02-13,Super Bowl Sunday,Sun,3.1746743750313215,2.761899421017842,3.1746743750313215,Saturday,Super Bowl Sunday
EPE,2022-02-21,Presidents' Day,Mon,4.020340908297355,6.662358506010076,6.674995558976544,own weekday,Presidents' Day
EPE,2022-05-30,Memorial Day,Mon,3.501695268756841,2.8942952113149762,3.700578193090567,Saturday,Memorial Day
EPE,2022-06-19,Juneteenth,Sun,9.133330878372622,6.787481501135402,9.133330878372622,Saturday,Juneteenth
EPE,2022-06-20,Juneteenth (observed),Mon,5.50221010045783,5.379444206980704,7.319698956424557,Saturday,Juneteenth
EPE,2022-07-04,Independence Day,Mon,5.514291637505931,2.859381831905159,5.324688553935594,Saturday,Independence Day
EPE,2022-09-05,Labor Day,Mon,4.29143153596975,4.9523031846646965,3.056044414344879,Sunday,Labor Day
EPE,2022-10-10,Columbus Day,Mon,7.133476608632955,5.941629475344456,4.15220046951268,Sunday,Columbus Day
EPE,2022-11-11,Veterans Day,Fri,9.247488275467543,10.660682767039907,7.377918766058629,Sunday,Veterans Day
EPE,2022-11-24,Thanksgiving,Thu,7.204679262378683,5.424738776796793,6.618577213283238,Saturday,Thanksgiving
EPE,2022-11-25,Day after Thanksgiving,Fri,4.674467111927276,4.385918661636657,4.848102426857091,Saturday,Day after Thanksgiving
EPE,2022-12-24,Christmas Eve,Sat,6.726298871146964,6.726298871146964,9.686649969923506,Saturday,Christmas Eve
EPE,2022-12-25,Christmas Day,Sun,7.6397259605996135,5.459513098163493,7.6397259605996135,Saturday,Christmas Day
EPE,2022-12-26,Christmas Day (observed),Mon,5.3783570133193495,2.858574065417156,4.268819449876274,Saturday,Christmas Day
EPE,2022-12-31,New Year's Eve,Sat,1.9678116240951238,1.9678116240951238,3.7444495418064645,Saturday,New Year's Eve
EPE,2023-01-01,New Year's Day,Sun,2.016980493749404,2.528884697152557,2.016980493749404,Sunday,New Year's Day
EPE,2023-01-02,New Year's Day (observed),Mon,6.27229743729474,9.238246183489156,7.568482586775757,own weekday,New Year's Day
EPE,2023-01-16,MLK Day,Mon,7.285209407815417,10.116704429898117,8.109613518396726,own weekday,MLK Day
EPE,2023-02-12,Super Bowl Sunday,Sun,2.895878282700852,2.6459323501675898,2.895878282700852,Saturday,Super Bowl Sunday
EPE,2023-02-20,Presidents' Day,Mon,2.3880657751489975,5.911109203403784,6.09066708361097,own weekday,Presidents' Day
EPE,2023-05-29,Memorial Day,Mon,7.646708347946954,11.741643913353439,9.991717439267362,own weekday,Memorial Day
EPE,2023-06-19,Juneteenth,Mon,5.12465505591358,7.327938728887797,6.89868037232593,own weekday,Juneteenth
EPE,2023-07-04,Independence Day,Tue,4.6349704440413975,2.8112630493906474,4.532467352714913,Saturday,Independence Day
EPE,2023-09-04,Labor Day,Mon,4.095941793640169,3.9661364389008025,3.5856874420632616,Sunday,Labor Day
EPE,2023-10-09,Columbus Day,Mon,4.6131660397417455,4.679987723097119,3.8594216505137737,Sunday,Columbus Day
EPE,2023-11-10,Veterans Day (observed),Fri,10.83732657164627,8.696108011845933,12.375509069480163,Saturday,Veterans Day
EPE,2023-11-11,Veterans Day,Sat,12.568388745234039,12.568388745234039,16.148507075936667,Saturday,Veterans Day
EPE,2023-11-23,Thanksgiving,Thu,13.405992731789837,12.403875983933206,14.645314660714279,Saturday,Thanksgiving
EPE,2023-11-24,Day after Thanksgiving,Fri,13.796327232075686,11.589035461925112,12.818120952538816,Saturday,Day after Thanksgiving
EPE,2023-12-24,Christmas Eve,Sun,5.4868632282824485,3.439289897704384,5.4868632282824485,Saturday,Christmas Eve
EPE,2023-12-25,Christmas Day,Mon,8.996790541770881,5.482185661287298,5.970262351728322,Saturday,Christmas Day
EPE,2023-12-31,New Year's Eve,Sun,6.275721243317932,4.731632444082144,6.275721243317932,Saturday,New Year's Eve
EPE,2024-01-01,New Year's Day,Mon,7.164070367326687,3.8635670581690493,3.983726483087517,Saturday,New Year's Day
EPE,2024-01-15,MLK Day,Mon,1.2295223807450788,4.132906390204216,4.581854039261649,own weekday,MLK Day
EPE,2024-02-11,Super Bowl Sunday,Sun,2.727180743280218,2.1728836545750294,2.727180743280218,Saturday,Super Bowl Sunday
EPE,2024-02-19,Presidents' Day,Mon,2.3567545178285925,3.7653988871921444,4.746680544788628,own weekday,Presidents' Day
EPE,2024-05-27,Memorial Day,Mon,14.467943647008116,14.663222383090528,14.541939689286535,own weekday,Memorial Day
EPE,2024-06-19,Juneteenth,Wed,7.084951488915248,7.00718904905724,9.009422486137272,Saturday,Juneteenth
EPE,2024-07-04,Independence Day,Thu,4.184652810888445,3.1877268719444554,4.978389460016937,Saturday,Independence Day
EPE,2024-09-02,Labor Day,Mon,11.55217306409389,11.345356585228629,12.967972037754613,Saturday,Labor Day
EPE,2024-10-14,Columbus Day,Mon,2.0520653284948334,4.424555249597497,5.433641079184044,own weekday,Columbus Day
EPE,2024-11-11,Veterans Day,Mon,14.567828173700251,12.246571237937577,13.769061445855277,Saturday,Veterans Day
EPE,2024-11-28,Thanksgiving,Thu,7.504287631807928,7.613078733423707,11.345939504576762,own weekday,Thanksgiving
EPE,2024-11-29,Day after Thanksgiving,Fri,9.909837300665712,8.79151779063514,11.614524185081397,Saturday,Day after Thanksgiving
EPE,2024-12-24,Christmas Eve,Tue,5.543248773710445,3.3171733146665723,5.892002481097994,Saturday,Christmas Eve
EPE,2024-12-25,Christmas Day,Wed,5.758642227580013,2.827094959723022,4.0079572665804415,Saturday,Christmas Day
EPE,2024-12-31,New Year's Eve,Tue,3.248866600442918,2.3744726351979675,4.300685989450629,Saturday,New Year's Eve
EPE,2025-01-01,New Year's Day,Wed,6.226749300704944,3.1741360528841174,2.3230723778405706,Sunday,New Year's Day
EPE,2025-01-20,MLK Day,Mon,4.097766095258501,4.335807559552361,4.390950412066021,own weekday,MLK Day
EPE,2025-02-09,Super Bowl Sunday,Sun,5.546107438961392,6.6360591191977205,5.546107438961392,Sunday,Super Bowl Sunday
EPE,2025-02-17,Presidents' Day,Mon,1.4336218164061965,3.8459666979422753,4.822218079481983,own weekday,Presidents' Day
EPE,2025-05-26,Memorial Day,Mon,9.480501065885722,7.5435195899684855,5.9602388651679545,Sunday,Memorial Day
EPE,2025-06-19,Juneteenth,Thu,3.8731301032461483,3.8609360992077595,6.31731560654027,Saturday,Juneteenth
EPE,2025-07-04,Independence Day,Fri,2.6109158439843396,1.8655853167999277,3.224774546105369,Saturday,Independence Day
EPE,2025-09-01,Labor Day,Mon,3.387714607515387,3.303042492204216,3.6482215414222816,Saturday,Labor Day
EPE,2025-10-13,Columbus Day,Mon,9.165452866989309,6.5528860471605626,7.592652656232242,Saturday,Columbus Day
EPE,2025-11-11,Veterans Day,Tue,12.450751239369035,7.631834604293385,8.246301399963343,Saturday,Veterans Day
EPE,2025-11-27,Thanksgiving,Thu,10.65438979929681,9.305494001454246,10.377250637482533,Saturday,Thanksgiving
EPE,2025-11-28,Day after Thanksgiving,Fri,8.172484006307707,7.210123361892188,7.176161060527243,Sunday,Day after Thanksgiving
EPE,2025-12-24,Christmas Eve,Wed,3.7722095902558115,3.315057282378437,5.7323194701323485,Saturday,Christmas Eve
EPE,2025-12-25,Christmas Day,Thu,4.793326942677881,2.0427883806118503,3.0733980366984044,Saturday,Christmas Day
EPE,2025-12-31,New Year's Eve,Wed,5.320932465228298,5.875833583699331,8.073526967650048,own weekday,New Year's Eve
EPE,2026-01-01,New Year's Day,Thu,5.354697259804422,3.268396803307109,5.082725499163094,Saturday,New Year's Day
EPE,2026-01-19,MLK Day,Mon,2.980709769526269,3.006750329229326,4.930595736122151,own weekday,MLK Day
EPE,2026-02-08,Super Bowl Sunday,Sun,3.175704392317814,2.866393942166115,3.175704392317814,Saturday,Super Bowl Sunday
EPE,2026-02-16,Presidents' Day,Mon,2.7984752834438726,4.4112163865654885,5.664349239961621,own weekday,Presidents' Day
EPE,2026-05-25,Memorial Day,Mon,15.355962480014135,12.11002083304616,15.69484910837908,Saturday,Memorial Day
EPE,2026-06-19,Juneteenth,Fri,4.176604572765745,5.793355581935535,6.031595014722702,own weekday,Juneteenth
ERCO,2015-09-07,Labor Day,Mon,1.9380063976902129,1.6183932409643564,1.5094654519900754,Sunday,Labor Day
ERCO,2015-10-12,Columbus Day,Mon,1.9138044573671318,4.41650217683205,4.569173697960624,own weekday,Columbus Day
ERCO,2015-11-11,Veterans Day,Wed,5.558841191401439,6.095773664877007,7.697054102571547,own weekday,Veterans Day
ERCO,2015-11-26,Thanksgiving,Thu,6.703045722062555,3.0385614049726435,4.771244587814255,Saturday,Thanksgiving
ERCO,2015-11-27,Day after Thanksgiving,Fri,4.145370814020697,4.650420040415481,2.539392874540946,Sunday,Day after Thanksgiving
ERCO,2015-12-24,Christmas Eve,Thu,2.7875057737392477,3.339091765696652,3.3114963530189363,own weekday,Christmas Eve
ERCO,2015-12-25,Christmas Day,Fri,3.4500150185384366,1.4096627412908582,1.8050619391641443,Saturday,Christmas Day
ERCO,2015-12-31,New Year's Eve,Thu,5.652948722888606,5.500990357195091,5.747754160458853,Saturday,New Year's Eve
ERCO,2016-01-01,New Year's Day,Fri,4.229556367941467,2.461772651868043,2.125379944574328,Sunday,New Year's Day
ERCO,2016-01-18,MLK Day,Mon,4.961595849031394,8.838888252809012,6.462013235754578,own weekday,MLK Day
ERCO,2016-02-07,Super Bowl Sunday,Sun,7.7771078598007275,9.717928371185007,7.7771078598007275,Sunday,Super Bowl Sunday
ERCO,2016-02-15,Presidents' Day,Mon,4.331509096816708,5.065642691006969,10.048628775586193,own weekday,Presidents' Day
ERCO,2016-05-30,Memorial Day,Mon,6.513013004826469,3.7383137805325837,4.818032578792004,Saturday,Memorial Day
ERCO,2016-07-04,Independence Day,Mon,5.303421280349416,2.933576202437924,1.9118773344824331,Sunday,Independence Day
ERCO,2016-09-05,Labor Day,Mon,2.127675576982117,1.6386825984152598,2.021509516453827,Saturday,Labor Day
ERCO,2016-10-10,Columbus Day,Mon,2.2940108572003566,3.832339977054312,4.281399102290953,own weekday,Columbus Day
ERCO,2016-11-11,Veterans Day,Fri,4.3106400179300985,6.2170631588983705,7.752081463724528,own weekday,Veterans Day
ERCO,2016-11-24,Thanksgiving,Thu,8.234542926849437,8.56249281048005,9.772534827682584,own weekday,Thanksgiving
ERCO,2016-11-25,Day after Thanksgiving,Fri,3.6868318882399893,4.329434813048321,5.539458551095879,own weekday,Day after Thanksgiving
ERCO,2016-12-24,Christmas Eve,Sat,1.468262582655105,1.468262582655105,1.8872494859484428,Saturday,Christmas Eve
ERCO,2016-12-25,Christmas Day,Sun,2.6041672374751217,2.4009571888565158,2.6041672374751217,Saturday,Christmas Day
ERCO,2016-12-26,Christmas Day (observed),Mon,4.814079731142104,3.6665220186989216,2.7951399096883045,Sunday,Christmas Day
ERCO,2016-12-31,New Year's Eve,Sat,5.468160309132456,5.468160309132456,6.5945823004722985,Saturday,New Year's Eve
ERCO,2017-01-01,New Year's Day,Sun,2.4504873464482877,2.567335947298011,2.4504873464482877,Sunday,New Year's Day
ERCO,2017-01-02,New Year's Day (observed),Mon,4.289677019399052,2.5246800434083765,2.941065332800141,Saturday,New Year's Day
ERCO,2017-01-16,MLK Day,Mon,3.810677228162238,3.3827850054876616,4.08270883119323,Saturday,MLK Day
ERCO,2017-02-05,Super Bowl Sunday,Sun,2.8318888910230404,1.984090880414568,2.8318888910230404,Saturday,Super Bowl Sunday
ERCO,2017-02-20,Presidents' Day,Mon,5.577368700143876,2.765111997506663,3.2483271154398023,Saturday,Presidents' Day
ERCO,2017-05-29,Memorial Day,Mon,5.317424971560581,2.980121545858517,3.5248829970614795,Saturday,Memorial Day
ERCO,2017-07-04,Independence Day,Tue,4.625400024931395,3.2826825727694566,1.7355174642959728,Sunday,Independence Day
ERCO,2017-09-04,Labor Day,Mon,3.3679548508831814,3.1417824015900258,2.780367018866771,Sunday,Labor Day
ERCO,2017-10-09,Columbus Day,Mon,3.272767496732518,3.8469433583247663,4.678652146960673,own weekday,Columbus Day
ERCO,2017-11-10,Veterans Day (observed),Fri,10.541327182991461,12.320300544568157,13.359991130354809,own weekday,Veterans Day
ERCO,2017-11-11,Veterans Day,Sat,8.606167555319828,8.606167555319828,9.688052063959693,Saturday,Veterans Day
ERCO,2017-11-23,Thanksgiving,Thu,15.549717012657037,16.446413258417433,13.579803075747362,Sunday,Thanksgiving
ERCO,2017-11-24,Day after Thanksgiving,Fri,8.46504119015803,10.799928242989935,7.698239312519754,Sunday,Day after Thanksgiving
ERCO,2017-12-24,Christmas Eve,Sun,6.396467360753178,5.6756612596347376,6.396467360753178,Saturday,Christmas Eve
ERCO,2017-12-25,Christmas Day,Mon,10.667339176573892,9.137959455705813,12.169051501326287,Saturday,Christmas Day
ERCO,2017-12-31,New Year's Eve,Sun,3.3053776743409147,7.624349086037609,3.3053776743409147,Sunday,New Year's Eve
ERCO,2018-01-01,New Year's Day,Mon,7.847179209128428,3.6082757793416906,5.935043355808347,Saturday,New Year's Day
ERCO,2018-01-15,MLK Day,Mon,6.865577202322282,3.1482895148090564,5.429129169700617,Saturday,MLK Day
ERCO,2018-02-04,Super Bowl Sunday,Sun,2.8512685141691576,4.685827649049313,2.8512685141691576,Sunday,Super Bowl Sunday
ERCO,2018-02-19,Presidents' Day,Mon,7.698418672371324,8.477186558978707,5.800269833863539,Sunday,Presidents' Day
ERCO,2018-05-28,Memorial Day,Mon,7.5304701463118535,5.30873092099597,6.575380216364671,Saturday,Memorial Day
ERCO,2018-07-04,Independence Day,Wed,6.741688328524119,5.539906260015722,6.053659657976854,Saturday,Independence Day
ERCO,2018-09-03,Labor Day,Mon,5.456989839937113,6.374425344106853,6.920733800577056,own weekday,Labor Day
ERCO,2018-10-08,Columbus Day,Mon,5.709870879305544,4.753546168150735,5.776914667777286,Saturday,Columbus Day
ERCO,2018-11-12,Veterans Day (observed),Mon,5.2300120807114165,6.649989750088352,7.366004007072164,own weekday,Veterans Day
ERCO,2018-11-22,Thanksgiving,Thu,8.622323206407733,11.12168612930306,15.609797623911748,own weekday,Thanksgiving
ERCO,2018-11-23,Day after Thanksgiving,Fri,4.124846796314198,5.401133331003929,9.88386463614243,own weekday,Day after Thanksgiving
ERCO,2018-12-24,Christmas Eve,Mon,5.756169376812859,6.033337655745342,9.187069465043752,own weekday,Christmas Eve
ERCO,2018-12-25,Christmas Day,Tue,5.504252076885406,1.4920061999355445,3.5559935689184337,Saturday,Christmas Day
ERCO,2018-12-31,New Year's Eve,Mon,5.018044454742671,5.650850863720305,6.259968291636148,own weekday,New Year's Eve
ERCO,2019-01-01,New Year's Day,Tue,5.390119394601279,2.221263931470248,1.3414581617316679,Sunday,New Year's Day
ERCO,2019-01-21,MLK Day,Mon,7.115031182801664,9.661223576584051,6.503009791535668,Sunday,MLK Day
ERCO,2019-02-03,Super Bowl Sunday,Sun,6.982695235981871,6.05514855971755,6.982695235981871,Saturday,Super Bowl Sunday
ERCO,2019-02-18,Presidents' Day,Mon,2.429390649922443,3.508577354669114,4.506746915301017,own weekday,Presidents' Day
ERCO,2019-05-27,Memorial Day,Mon,4.339864644254243,6.037610717300516,2.460960465152312,Sunday,Memorial Day
ERCO,2019-07-04,Independence Day,Thu,2.452640265054415,1.5554445069311356,1.9882445364236734,Saturday,Independence Day
ERCO,2019-09-02,Labor Day,Mon,2.7177329810194024,3.635956781755271,3.1336386635714426,own weekday,Labor Day
ERCO,2019-10-14,Columbus Day,Mon,2.915763607783494,4.490149869551523,4.671617196317129,own weekday,Columbus Day
ERCO,2019-11-11,Veterans Day,Mon,7.293485455688198,8.833954146855632,7.410838757483375,own weekday,Veterans Day
ERCO,2019-11-28,Thanksgiving,Thu,5.867853706003507,3.6770061008778825,3.7842252960319565,Saturday,Thanksgiving
ERCO,2019-11-29,Day after Thanksgiving,Fri,2.58393595698654,4.73525349633062,2.0533608482208363,Sunday,Day after Thanksgiving
ERCO,2019-12-24,Christmas Eve,Tue,8.815068140973043,3.937647318251137,5.946411505436915,Saturday,Christmas Eve
ERCO,2019-12-25,Christmas Day,Wed,3.8905531156374495,1.4125886945241048,2.392039339041713,Saturday,Christmas Day
ERCO,2019-12-31,New Year's Eve,Tue,7.641221680871865,4.924858812048246,7.62876361934436,Saturday,New Year's Eve
ERCO,2020-01-01,New Year's Day,Wed,4.231623901674108,3.1787088413506503,2.509859830955121,Sunday,New Year's Day
ERCO,2020-01-20,MLK Day,Mon,3.7835985026186534,4.985416555992853,4.344885650419439,own weekday,MLK Day
ERCO,2020-02-02,Super Bowl Sunday,Sun,4.150582877094958,3.341912405712038,4.150582877094958,Saturday,Super Bowl Sunday
ERCO,2020-02-17,Presidents' Day,Mon,5.866181315449647,9.683438680284091,5.671746220871159,Sunday,Presidents' Day
ERCO,2020-05-25,Memorial Day,Mon,3.3349745124793864,2.1659039341141604,2.593729230277682,Saturday,Memorial Day
ERCO,2020-07-03,Independence Day (observed),Fri,2.984034162190939,2.536548831437917,3.9773561658027625,Saturday,Independence Day
ERCO,2020-07-04,Independence Day,Sat,3.6301551569194146,3.6301551569194146,4.705463861849496,Saturday,Independence Day
ERCO,2020-09-07,Labor Day,Mon,1.5484349981568895,2.3393907009431265,2.269299845767659,own weekday,Labor Day
ERCO,2020-10-12,Columbus Day,Mon,4.274899006845054,5.88637276543137,7.101767455210746,own weekday,Columbus Day
ERCO,2020-11-11,Veterans Day,Wed,4.808469587384368,4.333098277103408,6.504993572811324,Saturday,Veterans Day
ERCO,2020-11-26,Thanksgiving,Thu,7.189844160352749,6.942825979265686,8.0424806848256,Saturday,Thanksgiving
ERCO,2020-11-27,Day after Thanksgiving,Fri,2.657731736895114,3.6468338271134653,4.7312598302713536,own weekday,Day after Thanksgiving
ERCO,2020-12-24,Christmas Eve,Thu,4.634714250658209,6.615412441746615,8.137071077544853,own weekday,Christmas Eve
ERCO,2020-12-25,Christmas Day,Fri,13.666507383204252,12.736009981988245,14.35742442225674,Saturday,Christmas Day
ERCO,2020-12-31,New Year's Eve,Thu,2.243693536642389,2.5871184838433816,3.4763686798682727,own weekday,New Year's Eve
ERCO,2021-01-01,New Year's Day,Fri,8.24286194881773,6.080051625178282,6.492549539918864,Saturday,New Year's Day
ERCO,2021-01-18,MLK Day,Mon,4.011449520287845,3.4571102881110036,6.011408878930813,Saturday,MLK Day
ERCO,2021-02-07,Super Bowl Sunday,Sun,4.37615226133686,1.2180956657964026,4.37615226133686,Saturday,Super Bowl Sunday
ERCO,2021-02-15,Presidents' Day,Mon,11.612165921587343,9.357707285036588,13.076076075674582,Saturday,Presidents' Day
ERCO,2021-05-31,Memorial Day,Mon,2.883147332646845,2.5036747448921677,1.8665205699738212,Sunday,Memorial Day
ERCO,2021-06-18,Juneteenth (observed),Fri,3.9589903388371086,3.651448452134404,4.272725420383095,Saturday,Juneteenth
ERCO,2021-06-19,Juneteenth,Sat,4.885804474929384,4.885804474929384,4.645021320290135,Sunday,Juneteenth
ERCO,2021-07-04,Independence Day,Sun,2.128719230593262,1.350268066685969,2.128719230593262,Saturday,Independence Day
ERCO,2021-07-05,Independence Day (observed),Mon,2.6694949627976308,1.1688598416127425,2.684479785456824,Saturday,Independence Day
ERCO,2021-09-06,Labor Day,Mon,3.130808511938473,2.5216872119878326,2.2786376372667765,Sunday,Labor Day
ERCO,2021-10-11,Columbus Day,Mon,5.3191042572781395,4.498988951209131,5.239686773165256,Saturday,Columbus Day
ERCO,2021-11-11,Veterans Day,Thu,6.175175655325132,5.422510934975308,8.039744453232046,Saturday,Veterans Day
ERCO,2021-11-25,Thanksgiving,Thu,8.222688807494247,5.444115862043894,8.830027814451801,Saturday,Thanksgiving
ERCO,2021-11-26,Day after Thanksgiving,Fri,5.420590896132907,4.844380402042426,7.790836489828101,Saturday,Day after Thanksgiving
ERCO,2021-12-24,Christmas Eve,Fri,3.1313743466759303,4.427397447450795,3.7656505866246506,own weekday,Christmas Eve
ERCO,2021-12-25,Christmas Day,Sat,4.041075061382186,4.041075061382186,3.882650312856803,Sunday,Christmas Day
ERCO,2021-12-31,New Year's Day (observed),Fri,3.46702893072292,5.630249495372181,3.962471724355692,own weekday,New Year's Day
ERCO,2022-01-01,New Year's Day,Sat,6.858229230732779,6.858229230732779,4.824284816090735,Sunday,New Year's Day
ERCO,2022-01-17,MLK Day,Mon,8.109045523497391,11.068012199176643,9.99523263436131,own weekday,MLK Day
ERCO,2022-02-13,Super Bowl Sunday,Sun,8.714850086731053,6.688539651850604,8.714850086731053,Saturday,Super Bowl Sunday
ERCO,2022-02-21,Presidents' Day,Mon,7.978470316633455,15.179924867375933,12.665589595463217,own weekday,Presidents' Day
ERCO,2022-05-30,Memorial Day,Mon,2.8508906844821746,1.8737544496308383,1.0334675922565204,Sunday,Memorial Day
ERCO,2022-06-19,Juneteenth,Sun,1.9215544987477078,1.0232559787089015,1.9215544987477078,Saturday,Juneteenth
ERCO,2022-06-20,Juneteenth (observed),Mon,3.5537508691035966,1.892776715142603,2.639876060646731,Saturday,Juneteenth
ERCO,2022-07-04,Independence Day,Mon,2.3482038909388594,0.5536075575490593,0.8783001014312142,Saturday,Independence Day
ERCO,2022-09-05,Labor Day,Mon,3.0355220040568884,3.4087523026456923,2.6393469152060764,Sunday,Labor Day
ERCO,2022-10-10,Columbus Day,Mon,1.1127717042310343,2.3821519422231834,2.748129368961845,own weekday,Columbus Day
ERCO,2022-11-11,Veterans Day,Fri,6.062694734524475,6.664017157043489,7.445513510352445,own weekday,Veterans Day
ERCO,2022-11-24,Thanksgiving,Thu,6.421386139920555,6.223682901201572,8.6723033276084,Saturday,Thanksgiving
ERCO,2022-11-25,Day after Thanksgiving,Fri,5.572695100478054,3.9004807355169833,6.4431387888200335,Saturday,Day after Thanksgiving
ERCO,2022-12-24,Christmas Eve,Sat,12.199319871846903,12.199319871846903,10.704487796973977,Sunday,Christmas Eve
ERCO,2022-12-25,Christmas Day,Sun,14.892354771978747,16.454849140710117,14.892354771978747,Sunday,Christmas Day
ERCO,2022-12-26,Christmas Day (observed),Mon,13.260442021012327,11.006345798446178,7.996461739444076,Sunday,Christmas Day
ERCO,2022-12-31,New Year's Eve,Sat,2.9584800986236877,2.9584800986236877,2.214172315118472,Sunday,New Year's Eve
ERCO,2023-01-01,New Year's Day,Sun,4.399793878874817,3.1918528577824756,4.399793878874817,Saturday,New Year's Day
ERCO,2023-01-02,New Year's Day (observed),Mon,3.5551096025026685,4.904896445630875,9.035980438217571,own weekday,New Year's Day
ERCO,2023-01-16,MLK Day,Mon,3.4968394421753515,3.2798986852415344,5.535809419262954,Saturday,MLK Day
ERCO,2023-02-12,Super Bowl Sunday,Sun,7.3626382575791975,4.6781515845807835,7.3626382575791975,Saturday,Super Bowl Sunday
ERCO,2023-02-20,Presidents' Day,Mon,7.774213950696865,11.819078048864872,7.041120018386879,Sunday,Presidents' Day
ERCO,2023-05-29,Memorial Day,Mon,3.3588161387649538,5.084589965679868,5.811915882871077,own weekday,Memorial Day
ERCO,2023-06-19,Juneteenth,Mon,3.4838439304191957,3.4369882453079112,3.772148857649358,Saturday,Juneteenth
ERCO,2023-07-04,Independence Day,Tue,2.2699359035378994,1.5652943121703284,1.2439339583146394,Sunday,Independence Day
ERCO,2023-09-04,Labor Day,Mon,1.289351513151744,1.371473210446548,1.5694266574757438,own weekday,Labor Day
ERCO,2023-10-09,Columbus Day,Mon,3.619837082138291,4.622604658369613,4.713382136584312,own weekday,Columbus Day
ERCO,2023-11-10,Veterans Day (observed),Fri,7.790134507347624,6.436164145154309,8.330240222992368,Saturday,Veterans Day
ERCO,2023-11-11,Veterans Day,Sat,5.989921898265395,5.989921898265395,7.8868397622262245,Saturday,Veterans Day
ERCO,2023-11-23,Thanksgiving,Thu,9.745636721746454,8.898348299779625,11.241589971066567,Saturday,Thanksgiving
ERCO,2023-11-24,Day after Thanksgiving,Fri,10.869211655094391,6.800066960393987,8.877671077252852,Saturday,Day after Thanksgiving
ERCO,2023-12-24,Christmas Eve,Sun,2.3063124636269894,1.0986952087287423,2.3063124636269894,Saturday,Christmas Eve
ERCO,2023-12-25,Christmas Day,Mon,3.753245301940749,4.406273083087328,3.450207550480248,Sunday,Christmas Day
ERCO,2023-12-31,New Year's Eve,Sun,6.432499568743939,4.9456019830614615,6.432499568743939,Saturday,New Year's Eve
ERCO,2024-01-01,New Year's Day,Mon,3.5031791129733634,2.701868679795315,2.191357928492037,Sunday,New Year's Day
ERCO,2024-01-15,MLK Day,Mon,3.0222269151470647,1.1841286323238045,1.9447684083935353,Saturday,MLK Day
ERCO,2024-02-11,Super Bowl Sunday,Sun,7.910908539281723,6.6347093362085,7.910908539281723,Saturday,Super Bowl Sunday
ERCO,2024-02-19,Presidents' Day,Mon,7.067981262562989,7.109899311579109,5.839136745575323,Sunday,Presidents' Day
ERCO,2024-05-27,Memorial Day,Mon,5.63865418900513,6.117958649348327,5.938088932030139,own weekday,Memorial Day
ERCO,2024-06-19,Juneteenth,Wed,4.545935948118158,6.145021226783416,6.201424975976471,own weekday,Juneteenth
ERCO,2024-07-04,Independence Day,Thu,2.572624040648087,1.2280525382702803,1.4765783029729898,Saturday,Independence Day
ERCO,2024-09-02,Labor Day,Mon,3.449763487059331,3.189174763288085,3.9109620823529014,Saturday,Labor Day
ERCO,2024-10-14,Columbus Day,Mon,1.8510396123877992,1.9181773529099648,2.386121310633688,own weekday,Columbus Day
ERCO,2024-11-11,Veterans Day,Mon,3.3622936595337043,4.01918563286431,5.419372616030359,own weekday,Veterans Day
ERCO,2024-11-28,Thanksgiving,Thu,5.625652597264672,6.282335692995651,8.599287843988034,own weekday,Thanksgiving
ERCO,2024-11-29,Day after Thanksgiving,Fri,8.10848465428363,8.56317664492321,10.80825163629572,own weekday,Day after Thanksgiving
ERCO,2024-12-24,Christmas Eve,Tue,2.6292192847972897,2.2741297695520304,2.4943319641269666,Saturday,Christmas Eve
ERCO,2024-12-25,Christmas Day,Wed,2.6398923082721444,0.941674103204422,2.8900417582300273,Saturday,Christmas Day
ERCO,2024-12-31,New Year's Eve,Tue,2.659572495518585,1.3280782163839604,2.2101622194857757,Saturday,New Year's Eve
ERCO,2025-01-01,New Year's Day,Wed,4.616469681567343,4.062432834956155,4.634499659864728,Saturday,New Year's Day
ERCO,2025-01-20,MLK Day,Mon,2.8241222896501865,2.0722893117943473,2.1275400085823537,Saturday,MLK Day
ERCO,2025-02-09,Super Bowl Sunday,Sun,4.344255796060784,7.861582325160975,4.344255796060784,Sunday,Super Bowl Sunday
ERCO,2025-02-17,Presidents' Day,Mon,9.44994786913252,6.5139325724506705,8.913818390671562,Saturday,Presidents' Day
ERCO,2025-05-26,Memorial Day,Mon,5.197094438613476,5.46320871365821,6.667482698848177,own weekday,Memorial Day
ERCO,2025-06-19,Juneteenth,Thu,1.8884340746419834,1.6594711903013124,1.3589358481139882,Sunday,Juneteenth
ERCO,2025-07-04,Independence Day,Fri,3.259378881112182,3.4474480970419927,3.6187097311988397,own weekday,Independence Day
ERCO,2025-09-01,Labor Day,Mon,1.0821714772417093,1.4807234929237558,1.6170419327921564,own weekday,Labor Day
ERCO,2025-10-13,Columbus Day,Mon,0.6886891980936071,1.7964955247618843,2.1708135006292415,own weekday,Columbus Day
ERCO,2025-11-11,Veterans Day,Tue,11.97932368913567,11.618295806225305,11.931729803937419,Saturday,Veterans Day
ERCO,2025-11-27,Thanksgiving,Thu,9.604282249689687,8.208025074195636,9.029197526209504,Saturday,Thanksgiving
ERCO,2025-11-28,Day after Thanksgiving,Fri,6.164440319894216,6.145764967891026,6.341671164848601,Saturday,Day after Thanksgiving
ERCO,2025-12-24,Christmas Eve,Wed,3.821711994706173,2.2116818289915683,3.1710192391338836,Saturday,Christmas Eve
ERCO,2025-12-25,Christmas Day,Thu,2.694423396952995,2.0153704043573524,2.2846836768310603,Saturday,Christmas Day
ERCO,2025-12-31,New Year's Eve,Wed,9.637503917998313,10.942589768628867,11.377230947902905,own weekday,New Year's Eve
ERCO,2026-01-01,New Year's Day,Thu,7.731778155132571,6.569400914576036,6.912227086936225,Saturday,New Year's Day
ERCO,2026-01-19,MLK Day,Mon,7.303482115104649,6.500476022976294,6.846796930828754,Saturday,MLK Day
ERCO,2026-02-08,Super Bowl Sunday,Sun,2.4722134218320906,1.783098707898606,2.4722134218320906,Saturday,Super Bowl Sunday
ERCO,2026-02-16,Presidents' Day,Mon,1.2620647328714993,2.711493630532717,4.140297427115218,own weekday,Presidents' Day
ERCO,2026-05-25,Memorial Day,Mon,3.9092587788600364,5.7572166316448365,4.893344184884168,own weekday,Memorial Day
ERCO,2026-06-19,Juneteenth,Fri,5.379850835016932,7.10502153654484,6.835791812028972,own weekday,Juneteenth
FMPP,2015-09-07,Labor Day,Mon,3.2290391881123357,2.48971415412538,3.9525912673110937,Saturday,Labor Day
FMPP,2015-10-12,Columbus Day,Mon,2.2083894349029936,5.56645322539586,4.9507313690274355,own weekday,Columbus Day
FMPP,2015-11-11,Veterans Day,Wed,2.7677007601957735,4.240355415649972,4.771083435218419,own weekday,Veterans Day
FMPP,2015-11-26,Thanksgiving,Thu,7.789073054611241,6.5935134515887714,6.000726703318638,Sunday,Thanksgiving
FMPP,2015-11-27,Day after Thanksgiving,Fri,3.6742566634658305,3.3082643323772523,2.9115110633548635,Sunday,Day after Thanksgiving
FMPP,2015-12-24,Christmas Eve,Thu,3.2303551985373304,1.7471521537156438,2.502514169468539,Saturday,Christmas Eve
FMPP,2015-12-25,Christmas Day,Fri,4.584575873940038,2.699720342519205,3.1776810139425895,Saturday,Christmas Day
FMPP,2015-12-31,New Year's Eve,Thu,2.596327777850177,2.2773386457864695,2.7033491642169083,Saturday,New Year's Eve
FMPP,2016-01-01,New Year's Day,Fri,5.90273097687119,3.4357725207667484,3.3747242923663925,Sunday,New Year's Day
FMPP,2016-01-18,MLK Day,Mon,7.810726381138973,9.60816029019898,9.441909907757012,own weekday,MLK Day
FMPP,2016-02-07,Super Bowl Sunday,Sun,8.015639678069675,6.570145343876884,8.015639678069675,Saturday,Super Bowl Sunday
FMPP,2016-02-15,Presidents' Day,Mon,3.1176906380980878,3.4680163455058652,4.543756544690672,own weekday,Presidents' Day
FMPP,2016-05-30,Memorial Day,Mon,5.198785956561924,3.95215639160423,3.2975756471856887,Sunday,Memorial Day
FMPP,2016-07-04,Independence Day,Mon,4.291409535994316,2.004545176889964,1.3686769162323218,Sunday,Independence Day
FMPP,2016-09-05,Labor Day,Mon,3.9061971395356068,3.5468709271249157,4.108147039918069,Saturday,Labor Day
FMPP,2016-10-10,Columbus Day,Mon,2.7991622124221194,4.86808853525946,5.085642588850111,own weekday,Columbus Day
FMPP,2016-11-11,Veterans Day,Fri,4.576004029276095,5.538964436371898,6.468052126860163,own weekday,Veterans Day
FMPP,2016-11-24,Thanksgiving,Thu,5.732052128191531,4.542822120789813,6.128904459608137,Saturday,Thanksgiving
FMPP,2016-11-25,Day after Thanksgiving,Fri,2.1972418808867076,1.5419971811330049,2.980825015018992,Saturday,Day after Thanksgiving
FMPP,2016-12-24,Christmas Eve,Sat,3.676938700961987,3.676938700961987,1.7734776724102872,Sunday,Christmas Eve
FMPP,2016-12-25,Christmas Day,Sun,3.1371783157686113,2.866047378228283,3.1371783157686113,Saturday,Christmas Day
FMPP,2016-12-26,Christmas Day (observed),Mon,4.149775081493456,3.6052069032270344,1.548916742175904,Sunday,Christmas Day
FMPP,2017-01-01,New Year's Day,Sun,3.706647067077741,3.585101905635783,3.706647067077741,Saturday,New Year's Day
FMPP,2017-01-02,New Year's Day (observed),Mon,5.524265175665619,7.757323960230704,4.931420166680216,Sunday,New Year's Day
FMPP,2017-01-16,MLK Day,Mon,1.4052222946272646,4.202793019288085,3.7704821405903846,own weekday,MLK Day
FMPP,2017-02-05,Super Bowl Sunday,Sun,2.2678661437263603,1.4333272367834495,2.2678661437263603,Saturday,Super Bowl Sunday
FMPP,2017-02-20,Presidents' Day,Mon,8.656887504753891,7.073356292961012,4.8681440370749005,Sunday,Presidents' Day
FMPP,2017-05-29,Memorial Day,Mon,4.6014349236775,4.115235010705594,2.6017551328418436,Sunday,Memorial Day
FMPP,2017-07-04,Independence Day,Tue,4.1394545581117566,3.0839723943321458,3.9380951210270347,Saturday,Independence Day
FMPP,2017-09-04,Labor Day,Mon,2.2283408375623717,2.88628565779798,3.7113197555544457,own weekday,Labor Day
FMPP,2017-10-09,Columbus Day,Mon,2.2389823488391287,4.297449057947397,4.585792111509304,own weekday,Columbus Day
FMPP,2017-11-10,Veterans Day (observed),Fri,7.127063410742091,7.341989256161692,9.132707301307518,own weekday,Veterans Day
FMPP,2017-11-11,Veterans Day,Sat,3.5890583516730823,3.5890583516730823,4.791489261708708,Saturday,Veterans Day
FMPP,2017-11-23,Thanksgiving,Thu,8.64438033691549,7.551758775017696,7.50089415595685,Sunday,Thanksgiving
FMPP,2017-11-24,Day after Thanksgiving,Fri,6.624230659959094,6.597111482729496,6.699763163700741,Saturday,Day after Thanksgiving
FMPP,2017-12-24,Christmas Eve,Sun,4.379725586331071,2.847284058242777,4.379725586331071,Saturday,Christmas Eve
FMPP,2017-12-25,Christmas Day,Mon,6.031747349583255,3.906744764330846,3.752782021541533,Sunday,Christmas Day
FMPP,2018-01-01,New Year's Day,Mon,8.779687648183604,9.899497142820717,8.648981320924856,Sunday,New Year's Day
FMPP,2018-01-15,MLK Day,Mon,13.354367288930053,10.826485338707485,7.8428909277789876,Sunday,MLK Day
FMPP,2018-02-04,Super Bowl Sunday,Sun,7.444644347912639,4.026273554164807,7.444644347912639,Saturday,Super Bowl Sunday
FMPP,2018-02-19,Presidents' Day,Mon,7.2154245219762005,11.245458305816616,8.974510230608766,own weekday,Presidents' Day
FMPP,2018-05-28,Memorial Day,Mon,4.96054574998435,2.09351339087872,1.997742610786039,Sunday,Memorial Day
FMPP,2018-07-04,Independence Day,Wed,7.819422840624898,5.0610379127838865,7.270670593720693,Saturday,Independence Day
FMPP,2018-09-03,Labor Day,Mon,5.872258355686518,4.876916007223507,5.428271108095242,Saturday,Labor Day
FMPP,2018-10-08,Columbus Day,Mon,4.447115308490363,4.694842837650488,5.629717025661315,own weekday,Columbus Day
FMPP,2018-11-11,Veterans Day,Sun,3.1562000688006138,3.3847150734452978,3.1562000688006138,Sunday,Veterans Day
FMPP,2018-11-12,Veterans Day (observed),Mon,2.2799862909595925,5.216731390982267,5.102374488573674,own weekday,Veterans Day
FMPP,2018-11-22,Thanksgiving,Thu,9.345932545918412,7.5416730625467565,8.7907821958866,Saturday,Thanksgiving
FMPP,2018-11-23,Day after Thanksgiving,Fri,2.397962307489333,3.5021667672123593,2.9040436271201107,own weekday,Day after Thanksgiving
FMPP,2018-12-24,Christmas Eve,Mon,16.477786652666126,11.009983364938375,14.120450175316645,Saturday,Christmas Eve
FMPP,2018-12-25,Christmas Day,Tue,9.086568649528719,7.146200566625096,10.281608772590879,Saturday,Christmas Day
FMPP,2018-12-31,New Year's Eve,Mon,2.9179008512260296,6.022414205329643,3.0000080135687615,own weekday,New Year's Eve
FMPP,2019-01-01,New Year's Day,Tue,8.092845708410396,6.5432376468093745,4.116256451142783,Sunday,New Year's Day
FMPP,2019-01-21,MLK Day,Mon,13.137729995557597,11.631393516006524,14.15483774994543,Saturday,MLK Day
FMPP,2019-02-03,Super Bowl Sunday,Sun,2.022958147362077,4.535143985204904,2.022958147362077,Sunday,Super Bowl Sunday
FMPP,2019-02-18,Presidents' Day,Mon,9.155818253061828,9.274485004205802,6.1894058550746,Sunday,Presidents' Day
FMPP,2019-05-27,Memorial Day,Mon,6.254108352800068,2.8949319829775164,3.09501087033889,Saturday,Memorial Day
FMPP,2019-07-04,Independence Day,Thu,6.537121347890225,4.585197527308478,7.077808633904999,Saturday,Independence Day
FMPP,2019-10-14,Columbus Day,Mon,3.3160789200749408,4.492988851041493,4.487211334393802,own weekday,Columbus Day
FMPP,2019-11-11,Veterans Day,Mon,2.4134900854408614,5.022817168304487,5.323369614089446,own weekday,Veterans Day
FMPP,2019-11-28,Thanksgiving,Thu,7.202259871794528,5.925329658890569,7.750929584261872,Saturday,Thanksgiving
FMPP,2019-11-29,Day after Thanksgiving,Fri,2.3458578200997353,3.1621248801777004,4.214304158307888,own weekday,Day after Thanksgiving
FMPP,2019-12-24,Christmas Eve,Tue,6.013612637155344,3.032269409194145,4.294328164942463,Saturday,Christmas Eve
FMPP,2019-12-25,Christmas Day,Wed,4.4208268167791385,1.2378445280674606,2.3379558047285434,Saturday,Christmas Day
FMPP,2019-12-31,New Year's Eve,Tue,4.893483935850842,1.970455059440743,3.1301447301994934,Saturday,New Year's Eve
FMPP,2020-01-01,New Year's Day,Wed,4.234145609592209,4.4337850383157305,6.107965141361701,own weekday,New Year's Day
FMPP,2020-01-20,MLK Day,Mon,4.1127633729153095,6.437319830517383,5.79793776886555,own weekday,MLK Day
FMPP,2020-02-02,Super Bowl Sunday,Sun,9.818287626179394,7.8403675416814576,9.818287626179394,Saturday,Super Bowl Sunday
FMPP,2020-02-17,Presidents' Day,Mon,8.519435848289751,8.814620656647005,5.591345065339878,Sunday,Presidents' Day
FMPP,2020-05-25,Memorial Day,Mon,8.822427640252767,10.735654650398754,10.800976120302382,own weekday,Memorial Day
FMPP,2020-07-03,Independence Day (observed),Fri,4.940616894793193,3.2694499863090263,5.673619643588337,Saturday,Independence Day
FMPP,2020-07-04,Independence Day,Sat,7.778165448435896,7.778165448435896,10.441214055941488,Saturday,Independence Day
FMPP,2020-09-07,Labor Day,Mon,4.146106021525521,3.5921443848008083,2.875619177905836,Sunday,Labor Day
FMPP,2020-10-12,Columbus Day,Mon,4.952361884680837,3.0227960106165694,4.4191720597583535,Saturday,Columbus Day
FMPP,2020-11-11,Veterans Day,Wed,7.254796342609386,7.545979123678347,6.246704119278081,Sunday,Veterans Day
FMPP,2020-11-26,Thanksgiving,Thu,6.393880384472052,5.827634393534734,6.308025155655349,Saturday,Thanksgiving
FMPP,2020-11-27,Day after Thanksgiving,Fri,3.567553194692407,1.7240773638973705,2.3135511021155994,Saturday,Day after Thanksgiving
FMPP,2020-12-24,Christmas Eve,Thu,2.0896063574988974,2.8082069327467787,3.034416442776419,own weekday,Christmas Eve
FMPP,2020-12-25,Christmas Day,Fri,8.944859953282142,10.486412772415193,11.434425842374935,own weekday,Christmas Day
FMPP,2020-12-31,New Year's Eve,Thu,5.715004546981217,3.5714597389456424,2.5676557600184657,Sunday,New Year's Eve
FMPP,2021-01-01,New Year's Day,Fri,6.595689254108325,4.5162667403542835,3.11203776689598,Sunday,New Year's Day
FMPP,2021-01-18,MLK Day,Mon,8.606055380062253,6.235488212460096,7.339252324742635,Saturday,MLK Day
FMPP,2021-02-07,Super Bowl Sunday,Sun,8.112737961450756,11.175971078982345,8.112737961450756,Sunday,Super Bowl Sunday
FMPP,2021-02-15,Presidents' Day,Mon,9.113777436702552,11.708232055010027,11.800903648955718,own weekday,Presidents' Day
FMPP,2021-05-31,Memorial Day,Mon,3.6028967912027365,2.262234666852205,2.3638043799240394,Saturday,Memorial Day
FMPP,2021-06-18,Juneteenth (observed),Fri,2.46735756367159,3.0894221015739682,3.355792094291347,own weekday,Juneteenth
FMPP,2021-06-19,Juneteenth,Sat,2.8928157361543994,2.8928157361543994,3.3034885291392424,Saturday,Juneteenth
FMPP,2021-07-04,Independence Day,Sun,1.600474565337912,2.5705464410191463,1.600474565337912,Sunday,Independence Day
FMPP,2021-07-05,Independence Day (observed),Mon,3.453447372772309,2.5021104112558463,3.308796745133048,Saturday,Independence Day
FMPP,2021-09-06,Labor Day,Mon,3.2266187196560026,1.3670820844296827,1.4083641168241257,Saturday,Labor Day
FMPP,2021-10-11,Columbus Day,Mon,1.190922784154442,3.0611748600270032,3.2891616947897453,own weekday,Columbus Day
FMPP,2021-11-11,Veterans Day,Thu,3.5843367607434207,5.119230360923252,5.568329103683944,own weekday,Veterans Day
FMPP,2021-11-25,Thanksgiving,Thu,11.183025645723877,7.9428204971994045,8.364595537874546,Saturday,Thanksgiving
FMPP,2021-11-26,Day after Thanksgiving,Fri,3.618181192714482,4.596536152224354,4.34345134602177,own weekday,Day after Thanksgiving
FMPP,2021-12-24,Christmas Eve,Fri,4.341286455237737,3.4990833602189846,5.514255792596329,Saturday,Christmas Eve
FMPP,2021-12-25,Christmas Day,Sat,1.8044385422032443,1.8044385422032443,3.5249497591044654,Saturday,Christmas Day
FMPP,2021-12-31,New Year's Day (observed),Fri,6.2937833275392245,7.826184749075351,5.579832210551888,Sunday,New Year's Day
FMPP,2022-01-01,New Year's Day,Sat,6.1838817021836885,6.1838817021836885,5.095076342940608,Sunday,New Year's Day
FMPP,2022-01-17,MLK Day,Mon,6.627686468257007,4.753829117901595,7.791288565969127,Saturday,MLK Day
FMPP,2022-02-13,Super Bowl Sunday,Sun,1.3632259600104633,2.3353929578045745,1.3632259600104633,Sunday,Super Bowl Sunday
FMPP,2022-02-21,Presidents' Day,Mon,8.973236246475048,5.88268485174954,6.62841559594962,Saturday,Presidents' Day
FMPP,2022-05-30,Memorial Day,Mon,5.549587781846149,3.9365881471135475,2.5898424671816964,Sunday,Memorial Day
FMPP,2022-06-19,Juneteenth,Sun,6.020121192609818,3.3989109269794073,6.020121192609818,Saturday,Juneteenth
FMPP,2022-06-20,Juneteenth (observed),Mon,2.46918958402713,2.6839078798816978,3.711930960792064,own weekday,Juneteenth
FMPP,2022-07-04,Independence Day,Mon,3.4221340295554508,5.598782610523706,2.355421156062708,Sunday,Independence Day
FMPP,2022-09-05,Labor Day,Mon,4.577174691203557,5.202274436265409,3.5995872135217732,Sunday,Labor Day
FMPP,2022-10-10,Columbus Day,Mon,2.64192203238981,4.613705597207689,4.4564788529551285,own weekday,Columbus Day
FMPP,2022-11-11,Veterans Day,Fri,4.1436290742714155,6.281307792073991,8.570099696302917,own weekday,Veterans Day
FMPP,2022-11-24,Thanksgiving,Thu,6.301872226614734,4.9344054873399354,6.985108486522193,Saturday,Thanksgiving
FMPP,2022-11-25,Day after Thanksgiving,Fri,2.4177225864277716,2.36283032425497,3.622311464310598,Saturday,Day after Thanksgiving
FMPP,2022-12-24,Christmas Eve,Sat,12.899960400917074,12.899960400917074,13.37384729892758,Saturday,Christmas Eve
FMPP,2022-12-25,Christmas Day,Sun,19.86424024196389,18.750564502449084,19.86424024196389,Saturday,Christmas Day
FMPP,2022-12-26,Christmas Day (observed),Mon,15.792235568971721,16.930047494924597,17.335153430710452,own weekday,Christmas Day
FMPP,2023-01-01,New Year's Day,Sun,2.5945664319744672,2.904196523136728,2.5945664319744672,Sunday,New Year's Day
FMPP,2023-01-02,New Year's Day (observed),Mon,5.628498364457948,3.427343742134493,3.497550447019381,Saturday,New Year's Day
FMPP,2023-01-16,MLK Day,Mon,19.802767812618573,19.541368223837086,20.22949793048728,Saturday,MLK Day
FMPP,2023-02-12,Super Bowl Sunday,Sun,3.424462647000696,6.432483404409132,3.424462647000696,Sunday,Super Bowl Sunday
FMPP,2023-02-20,Presidents' Day,Mon,6.107988641813598,12.390957520287442,4.804908568962399,Sunday,Presidents' Day
FMPP,2023-05-29,Memorial Day,Mon,4.432324986292184,2.1275656512341907,1.4730254277787136,Sunday,Memorial Day
FMPP,2023-06-19,Juneteenth,Mon,2.864575571891361,4.110108312121754,3.552804256572126,own weekday,Juneteenth
FMPP,2023-07-04,Independence Day,Tue,6.548261805659237,3.5119593934444797,5.335634302892273,Saturday,Independence Day
FMPP,2023-09-04,Labor Day,Mon,6.812586177973791,4.202329094966025,4.201830126458306,Sunday,Labor Day
FMPP,2023-10-09,Columbus Day,Mon,4.444944468794798,5.7790552208727615,5.820264767264296,own weekday,Columbus Day
FMPP,2023-11-10,Veterans Day (observed),Fri,3.9744194083608013,5.291480348330216,6.260636449970298,own weekday,Veterans Day
FMPP,2023-11-11,Veterans Day,Sat,3.259893022551943,3.259893022551943,4.892693216236288,Saturday,Veterans Day
FMPP,2023-11-23,Thanksgiving,Thu,8.06233310961723,7.016811507573223,7.405372100614647,Saturday,Thanksgiving
FMPP,2023-11-24,Day after Thanksgiving,Fri,5.860829948253534,5.779375594668414,5.731770650440811,Sunday,Day after Thanksgiving
FMPP,2023-12-24,Christmas Eve,Sun,4.985560670052696,2.26685270241007,4.985560670052696,Saturday,Christmas Eve
FMPP,2023-12-25,Christmas Day,Mon,4.910360558714094,2.48090012418044,5.051897388507826,Saturday,Christmas Day
FMPP,2024-01-01,New Year's Day,Mon,11.89052666841599,12.063712241238411,14.776848602602783,own weekday,New Year's Day
FMPP,2024-01-15,MLK Day,Mon,4.822756071977697,6.632105498188233,7.9036011749797535,own weekday,MLK Day
FMPP,2024-02-11,Super Bowl Sunday,Sun,8.787576972625242,8.860015367425294,8.787576972625242,Sunday,Super Bowl Sunday
FMPP,2024-02-19,Presidents' Day,Mon,3.575113540044835,5.663418273426599,6.1657537258371375,own weekday,Presidents' Day
FMPP,2024-05-27,Memorial Day,Mon,5.4726056304791575,4.676129501354581,3.891739533461442,Sunday,Memorial Day
FMPP,2024-06-19,Juneteenth,Wed,8.942601766725366,6.876494293639507,8.880003806340717,Saturday,Juneteenth
FMPP,2024-07-04,Independence Day,Thu,5.452097410785175,3.241572933227831,6.587631838064601,Saturday,Independence Day
FMPP,2024-09-02,Labor Day,Mon,1.6567991643037645,1.8582805056916964,2.1574463373370016,own weekday,Labor Day
FMPP,2024-10-14,Columbus Day,Mon,3.5653242441596302,3.8871052559959205,3.871779018447393,own weekday,Columbus Day
FMPP,2024-11-11,Veterans Day,Mon,3.372144903411477,4.6135540411579665,4.89866420596312,own weekday,Veterans Day
FMPP,2024-11-28,Thanksgiving,Thu,4.927134243627068,4.92504647403634,5.250444982597521,Saturday,Thanksgiving
FMPP,2024-11-29,Day after Thanksgiving,Fri,4.8226634076944945,4.877141730641165,6.064708910772324,own weekday,Day after Thanksgiving
FMPP,2024-12-24,Christmas Eve,Tue,6.488182304832798,2.1446689713407046,2.3683352344342006,Saturday,Christmas Eve
FMPP,2024-12-25,Christmas Day,Wed,7.886753687120233,2.8900225962277504,4.105783426494735,Saturday,Christmas Day
FMPP,2025-01-01,New Year's Day,Wed,4.761517878112468,5.279150551911054,3.5556655948429974,Sunday,New Year's Day
FMPP,2025-01-20,MLK Day,Mon,8.075664405996019,7.232083608859923,9.769425261267566,Saturday,MLK Day
FMPP,2025-02-09,Super Bowl Sunday,Sun,13.679637048716806,10.85918551542882,13.679637048716806,Saturday,Super Bowl Sunday
FMPP,2025-02-17,Presidents' Day,Mon,3.0166081700607807,3.578270069577335,4.84137493044603,own weekday,Presidents' Day
FMPP,2025-05-26,Memorial Day,Mon,3.114694380473797,3.6917482808055966,3.9488686826622925,own weekday,Memorial Day
FMPP,2025-06-19,Juneteenth,Thu,8.363454717744915,9.17098753654495,9.86794546416609,own weekday,Juneteenth
FMPP,2025-07-04,Independence Day,Fri,4.900182810114613,5.0188993265102235,4.079025744724288,Sunday,Independence Day
FMPP,2025-09-01,Labor Day,Mon,2.4674472108093854,1.542743436534999,1.6881859206073344,Saturday,Labor Day
FMPP,2025-10-13,Columbus Day,Mon,6.048920939122585,6.0033391961202796,4.6618279042531245,Sunday,Columbus Day
FMPP,2025-11-11,Veterans Day,Tue,12.572931020131625,13.12357398122812,14.230493596870062,own weekday,Veterans Day
FMPP,2025-11-27,Thanksgiving,Thu,10.18862020422264,11.443104399380989,13.251003126557206,own weekday,Thanksgiving
FMPP,2025-11-28,Day after Thanksgiving,Fri,8.059543634159612,9.0711171430372,11.15226338861064,own weekday,Day after Thanksgiving
FMPP,2025-12-24,Christmas Eve,Wed,2.410199730748182,3.1061491145262843,3.08525132060217,own weekday,Christmas Eve
FMPP,2025-12-25,Christmas Day,Thu,5.542769835438607,2.73829657967102,3.1410542882552717,Saturday,Christmas Day
FMPP,2025-12-31,New Year's Eve,Wed,12.63124512498466,12.630054678802875,14.874423104247361,Saturday,New Year's Eve
FMPP,2026-01-01,New Year's Day,Thu,17.423380312245133,18.15007108708436,20.34565427533229,own weekday,New Year's Day
FMPP,2026-01-19,MLK Day,Mon,14.883518321792181,12.118409054054965,16.29849562417517,Saturday,MLK Day
FMPP,2026-02-08,Super Bowl Sunday,Sun,16.52948687271082,14.37040352464322,16.52948687271082,Saturday,Super Bowl Sunday
FMPP,2026-02-16,Presidents' Day,Mon,3.174204335710492,2.631328944650684,3.520117513754332,Saturday,Presidents' Day
FMPP,2026-05-25,Memorial Day,Mon,5.260778236720856,2.866675895785538,2.5293643324111765,Sunday,Memorial Day
FMPP,2026-06-19,Juneteenth,Fri,5.9526414486603185,7.275104128652367,7.816952164416878,own weekday,Juneteenth
FPC,2015-09-07,Labor Day,Mon,3.9413572254390266,3.837371590184834,5.946859552133513,Saturday,Labor Day
FPC,2015-10-12,Columbus Day,Mon,2.4758243940537286,6.364535838299899,5.424404078894144,own weekday,Columbus Day
FPC,2015-11-11,Veterans Day,Wed,3.7536992600786667,4.447694231258928,4.819406688928002,own weekday,Veterans Day
FPC,2015-11-26,Thanksgiving,Thu,8.985336397873555,8.176537625038598,7.325505601272263,Sunday,Thanksgiving
FPC,2015-11-27,Day after Thanksgiving,Fri,3.7389324344630666,3.7131808799421595,3.1803063047603892,Sunday,Day after Thanksgiving
FPC,2015-12-24,Christmas Eve,Thu,3.394874015126381,2.9483654217898616,2.536327637695925,Sunday,Christmas Eve
FPC,2015-12-25,Christmas Day,Fri,5.816508274271603,5.045327598126673,4.663215619820145,Sunday,Christmas Day
FPC,2015-12-31,New Year's Eve,Thu,3.64354810308783,3.252489540441005,2.6378096520688272,Sunday,New Year's Eve
FPC,2016-01-01,New Year's Day,Fri,7.600587549363145,5.017593181321802,4.291184492651098,Sunday,New Year's Day
FPC,2016-01-18,MLK Day,Mon,12.536165264461182,13.658884974730205,14.738415584678616,own weekday,MLK Day
FPC,2016-02-07,Super Bowl Sunday,Sun,12.66170783269263,8.380950500564706,12.66170783269263,Saturday,Super Bowl Sunday
FPC,2016-02-15,Presidents' Day,Mon,4.796463184119216,4.045263121319874,7.541619208453737,Saturday,Presidents' Day
FPC,2016-05-30,Memorial Day,Mon,5.455585619421548,5.214071890815157,3.6063962344133267,Sunday,Memorial Day
FPC,2016-07-04,Independence Day,Mon,4.9060643461624815,2.4940690082950483,1.8613658523685028,Sunday,Independence Day
FPC,2016-09-05,Labor Day,Mon,3.5523995363769734,1.8145918025510248,2.50710585848579,Saturday,Labor Day
FPC,2016-10-10,Columbus Day,Mon,3.2314002073919412,5.186979351916287,5.4391880156738,own weekday,Columbus Day
FPC,2016-11-11,Veterans Day,Fri,7.549898465119566,8.584441676908506,9.767063824368122,own weekday,Veterans Day
FPC,2016-11-24,Thanksgiving,Thu,7.727279600118655,6.958387870416946,8.907520279956623,Saturday,Thanksgiving
FPC,2016-11-25,Day after Thanksgiving,Fri,3.472127132424321,2.7128997496774105,4.8468162093966125,Saturday,Day after Thanksgiving
FPC,2016-12-24,Christmas Eve,Sat,5.701055214237058,5.701055214237058,2.199226585423555,Sunday,Christmas Eve
FPC,2016-12-25,Christmas Day,Sun,3.671682466463798,5.950721465255104,3.671682466463798,Sunday,Christmas Day
FPC,2016-12-26,Christmas Day (observed),Mon,4.90350662117482,7.6754173312227305,2.9175522633636155,Sunday,Christmas Day
FPC,2016-12-31,New Year's Eve,Sat,20.34291428170103,20.34291428170103,25.19092082701449,Saturday,New Year's Eve
FPC,2017-01-01,New Year's Day,Sun,7.208844549912424,3.93322365337547,7.208844549912424,Saturday,New Year's Day
FPC,2017-01-02,New Year's Day (observed),Mon,6.50230401914431,10.578748520088906,6.979922056245037,own weekday,New Year's Day
FPC,2017-01-16,MLK Day,Mon,2.1591655189232686,4.845768171585324,3.30513354058632,own weekday,MLK Day
FPC,2017-02-05,Super Bowl Sunday,Sun,2.22234622170468,3.7795556258824705,2.22234622170468,Sunday,Super Bowl Sunday
FPC,2017-02-20,Presidents' Day,Mon,10.721226505501553,8.645807584997982,5.124724048976404,Sunday,Presidents' Day
FPC,2017-05-29,Memorial Day,Mon,4.724578780638788,5.536205001287936,2.9645272145971377,Sunday,Memorial Day
FPC,2017-07-04,Independence Day,Tue,5.351928032948059,3.5881347660543814,4.066792430291,Saturday,Independence Day
FPC,2017-09-04,Labor Day,Mon,3.040523889195213,4.252924081937149,3.960154038232021,own weekday,Labor Day
FPC,2017-10-09,Columbus Day,Mon,2.352406541276108,3.603373069901582,3.796868087099894,own weekday,Columbus Day
FPC,2017-11-10,Veterans Day (observed),Fri,10.03741615953382,9.94363929005872,12.45498150494601,Saturday,Veterans Day
FPC,2017-11-11,Veterans Day,Sat,4.61342104060281,4.61342104060281,6.878901843464319,Saturday,Veterans Day
FPC,2017-11-23,Thanksgiving,Thu,10.249180927509201,9.134437511083528,9.924725900513428,Saturday,Thanksgiving
FPC,2017-11-24,Day after Thanksgiving,Fri,8.901007541269808,9.020367303644626,9.266456583977465,own weekday,Day after Thanksgiving
FPC,2017-12-24,Christmas Eve,Sun,5.140354200440261,4.165810882788632,5.140354200440261,Saturday,Christmas Eve
FPC,2017-12-25,Christmas Day,Mon,6.770109954732245,3.629934197504508,4.0376696356818575,Saturday,Christmas Day
FPC,2017-12-31,New Year's Eve,Sun,15.857007800944988,13.003999162475644,15.857007800944988,Saturday,New Year's Eve
FPC,2018-01-01,New Year's Day,Mon,11.890489430993673,14.715841875082392,13.114943980861213,own weekday,New Year's Day
FPC,2018-01-15,MLK Day,Mon,17.282942746345324,17.399996119207746,12.044491391776479,Sunday,MLK Day
FPC,2018-02-04,Super Bowl Sunday,Sun,9.72654240707879,5.540661081908916,9.72654240707879,Saturday,Super Bowl Sunday
FPC,2018-02-19,Presidents' Day,Mon,10.693096979579982,16.591251683773848,13.882474301820338,own weekday,Presidents' Day
FPC,2018-05-28,Memorial Day,Mon,6.015609351936183,2.3159347830817705,2.460243962131696,Saturday,Memorial Day
FPC,2018-07-04,Independence Day,Wed,8.247546076516334,4.1328186598878105,6.63678581556867,Saturday,Independence Day
FPC,2018-09-03,Labor Day,Mon,8.29061419970424,8.729458169537075,7.509523080873534,Sunday,Labor Day
FPC,2018-10-08,Columbus Day,Mon,5.894986205340968,5.521276211727433,6.371661013709833,Saturday,Columbus Day
FPC,2018-11-11,Veterans Day,Sun,2.3880903626322,2.936174951124069,2.3880903626322,Sunday,Veterans Day
FPC,2018-11-12,Veterans Day (observed),Mon,2.6285866043509185,5.360291947674872,4.800008097068991,own weekday,Veterans Day
FPC,2018-11-22,Thanksgiving,Thu,13.880091673259711,11.665198589776384,13.784260737251412,Saturday,Thanksgiving
FPC,2018-11-23,Day after Thanksgiving,Fri,3.969889687156928,4.2644973705782805,5.166791448783631,own weekday,Day after Thanksgiving
FPC,2018-12-24,Christmas Eve,Mon,22.004844026041816,16.232582917499602,20.14421938115014,Saturday,Christmas Eve
FPC,2018-12-25,Christmas Day,Tue,11.685535844344297,9.980331457620968,13.930818520749908,Saturday,Christmas Day
FPC,2018-12-31,New Year's Eve,Mon,4.27831274939568,6.56176331782449,4.054479660871141,Sunday,New Year's Eve
FPC,2019-01-01,New Year's Day,Tue,9.58803425039584,7.684395287708072,5.891559838158928,Sunday,New Year's Day
FPC,2019-01-21,MLK Day,Mon,18.002434179857847,16.38516271079003,20.024944610835583,Saturday,MLK Day
FPC,2019-02-03,Super Bowl Sunday,Sun,2.501422196279192,6.383802377148079,2.501422196279192,Sunday,Super Bowl Sunday
FPC,2019-02-18,Presidents' Day,Mon,11.890958213115283,11.844093084403024,7.776681309190807,Sunday,Presidents' Day
FPC,2019-05-27,Memorial Day,Mon,8.001261560873942,2.783810982164274,3.1251042461112,Saturday,Memorial Day
FPC,2019-07-04,Independence Day,Thu,9.703664329015348,8.575329222653801,9.968510145506388,Saturday,Independence Day
FPC,2019-09-02,Labor Day,Mon,4.022611940822967,4.411742283638171,4.931168052127814,own weekday,Labor Day
FPC,2019-10-14,Columbus Day,Mon,2.3665838973706723,4.034468418502643,3.694972457501838,own weekday,Columbus Day
FPC,2019-11-11,Veterans Day,Mon,4.4032864663656985,5.768592262613995,5.696330293316005,own weekday,Veterans Day
FPC,2019-11-28,Thanksgiving,Thu,9.637014250177145,7.7947984042323935,9.516396946296656,Saturday,Thanksgiving
FPC,2019-11-29,Day after Thanksgiving,Fri,2.788325491483194,5.4475465034613135,6.977161836090794,own weekday,Day after Thanksgiving
FPC,2019-12-24,Christmas Eve,Tue,7.455517217241497,3.2278113129777886,4.773351314295756,Saturday,Christmas Eve
FPC,2019-12-25,Christmas Day,Wed,5.035282725381049,1.3752249008239295,3.445695697099258,Saturday,Christmas Day
FPC,2019-12-31,New Year's Eve,Tue,5.964284703176037,3.4375899083932335,3.3624511795163867,Sunday,New Year's Eve
FPC,2020-01-01,New Year's Day,Wed,5.361248206694516,6.919890703461458,8.71746565400344,own weekday,New Year's Day
FPC,2020-01-20,MLK Day,Mon,7.654099831768223,9.76531075329366,9.256717186596859,own weekday,MLK Day
FPC,2020-02-02,Super Bowl Sunday,Sun,13.76141048972284,11.852471268040897,13.76141048972284,Saturday,Super Bowl Sunday
FPC,2020-02-17,Presidents' Day,Mon,9.47454820868523,8.934875688606176,5.0210827725547515,Sunday,Presidents' Day
FPC,2020-05-25,Memorial Day,Mon,9.500663932764205,12.630510441141931,11.956265111639173,own weekday,Memorial Day
FPC,2020-07-03,Independence Day (observed),Fri,6.326602844845093,5.10074005851029,6.615238162493332,Saturday,Independence Day
FPC,2020-07-04,Independence Day,Sat,7.605839056156183,7.605839056156183,9.092994038369508,Saturday,Independence Day
FPC,2020-09-07,Labor Day,Mon,3.8761909597390045,3.914538562835633,3.9001760799765544,own weekday,Labor Day
FPC,2020-10-12,Columbus Day,Mon,5.720257240832286,3.6848322421835213,6.031710401173389,Saturday,Columbus Day
FPC,2020-11-11,Veterans Day,Wed,10.42696356882993,10.78491036072159,8.85309122873446,Sunday,Veterans Day
FPC,2020-11-26,Thanksgiving,Thu,7.636203877112073,8.368412475772846,7.98642602630882,own weekday,Thanksgiving
FPC,2020-11-27,Day after Thanksgiving,Fri,3.0590821095425893,2.753882788501863,2.574834990668076,Sunday,Day after Thanksgiving
FPC,2020-12-24,Christmas Eve,Thu,2.9853694370797883,4.449038180034684,5.720038732855929,own weekday,Christmas Eve
FPC,2020-12-25,Christmas Day,Fri,12.345093052668142,14.393686280009721,15.362362494775827,own weekday,Christmas Day
FPC,2020-12-31,New Year's Eve,Thu,6.8814358132798015,4.277632932123102,2.4049709179737597,Sunday,New Year's Eve
FPC,2021-01-01,New Year's Day,Fri,8.352591083437593,6.247329789637481,4.1514633681476445,Sunday,New Year's Day
FPC,2021-01-18,MLK Day,Mon,12.927723883997267,9.45737021392498,10.456194186839724,Saturday,MLK Day
FPC,2021-02-07,Super Bowl Sunday,Sun,7.737359536677127,10.437205049104708,7.737359536677127,Sunday,Super Bowl Sunday
FPC,2021-02-15,Presidents' Day,Mon,11.097336119129654,12.158447731213966,14.019946278538178,own weekday,Presidents' Day
FPC,2021-05-31,Memorial Day,Mon,3.716565580298182,2.718484965997617,2.2117171955707216,Sunday,Memorial Day
FPC,2021-06-18,Juneteenth (observed),Fri,1.6833339527534514,2.642364863260535,3.7468628382111797,own weekday,Juneteenth
FPC,2021-06-19,Juneteenth,Sat,2.6205816869229808,2.6205816869229808,4.352603105813955,Saturday,Juneteenth
FPC,2021-07-04,Independence Day,Sun,2.274206156775991,1.4376212142086955,2.274206156775991,Saturday,Independence Day
FPC,2021-07-05,Independence Day (observed),Mon,2.7203982205142507,2.634779908458047,2.0917548233006444,Sunday,Independence Day
FPC,2021-09-06,Labor Day,Mon,4.387984079853079,1.3794529745772783,1.3736055653084154,Sunday,Labor Day
FPC,2021-10-11,Columbus Day,Mon,1.4442961598872603,3.3047648230028392,2.9931778170449355,own weekday,Columbus Day
FPC,2021-11-11,Veterans Day,Thu,4.141965166112872,6.002765305152043,5.9753006444077075,own weekday,Veterans Day
FPC,2021-11-25,Thanksgiving,Thu,15.554887101207251,11.317565753104866,11.27601735681803,Sunday,Thanksgiving
FPC,2021-11-26,Day after Thanksgiving,Fri,6.285396476970945,7.399512658392543,6.57669269525105,own weekday,Day after Thanksgiving
FPC,2021-12-24,Christmas Eve,Fri,9.810162117183763,8.31990705155214,9.336847423213383,Saturday,Christmas Eve
FPC,2021-12-25,Christmas Day,Sat,4.539771789171194,4.539771789171194,5.544128966782475,Saturday,Christmas Day
FPC,2021-12-31,New Year's Day (observed),Fri,5.06810944598374,7.56988154847331,7.279262053069734,own weekday,New Year's Day
FPC,2022-01-01,New Year's Day,Sat,7.4373630569488896,7.4373630569488896,7.827862070549332,Saturday,New Year's Day
FPC,2022-01-17,MLK Day,Mon,8.002680166501335,5.0676284822123785,9.65874684495478,Saturday,MLK Day
FPC,2022-02-13,Super Bowl Sunday,Sun,2.2847218450375477,5.3930921726543986,2.2847218450375477,Sunday,Super Bowl Sunday
FPC,2022-02-21,Presidents' Day,Mon,10.879519271128817,8.550465347865925,7.790571677296914,Sunday,Presidents' Day
FPC,2022-05-30,Memorial Day,Mon,5.342659448846424,4.052022725405827,1.6822814812498605,Sunday,Memorial Day
FPC,2022-06-19,Juneteenth,Sun,9.795361903283546,5.214183043062396,9.795361903283546,Saturday,Juneteenth
FPC,2022-06-20,Juneteenth (observed),Mon,3.127327861477356,2.392375059673671,4.344375200882579,Saturday,Juneteenth
FPC,2022-07-04,Independence Day,Mon,5.008995218502007,6.705836542462991,2.902934505644705,Sunday,Independence Day
FPC,2022-09-05,Labor Day,Mon,3.691429001581096,3.9401042832810838,1.825649930333036,Sunday,Labor Day
FPC,2022-10-10,Columbus Day,Mon,2.176719121852445,4.29747674365051,3.3329877018933383,own weekday,Columbus Day
FPC,2022-11-11,Veterans Day,Fri,5.156035058542882,6.682212586062324,9.516874713080577,own weekday,Veterans Day
FPC,2022-11-24,Thanksgiving,Thu,8.282312611159682,6.995172953244653,9.56463361179327,Saturday,Thanksgiving
FPC,2022-11-25,Day after Thanksgiving,Fri,3.0603649540001987,2.7073466692243735,4.028388123202696,Saturday,Day after Thanksgiving
FPC,2022-12-24,Christmas Eve,Sat,16.398854997025186,16.398854997025186,16.957626849636807,Saturday,Christmas Eve
FPC,2022-12-25,Christmas Day,Sun,24.10803080694861,22.721934812041454,24.10803080694861,Saturday,Christmas Day
FPC,2022-12-26,Christmas Day (observed),Mon,20.32462827100637,21.206984306515654,21.48585758718994,own weekday,Christmas Day
FPC,2022-12-31,New Year's Eve,Sat,2.2796057502690763,2.2796057502690763,2.3945271462825226,Saturday,New Year's Eve
FPC,2023-01-01,New Year's Day,Sun,3.12008470887851,2.9559285165972304,3.12008470887851,Saturday,New Year's Day
FPC,2023-01-02,New Year's Day (observed),Mon,5.578860911072161,4.520397742646132,4.474391658725158,Sunday,New Year's Day
FPC,2023-01-16,MLK Day,Mon,25.820962139232606,25.99093419274277,25.896016233428853,own weekday,MLK Day
FPC,2023-02-12,Super Bowl Sunday,Sun,4.535430588329371,11.747486103440979,4.535430588329371,Sunday,Super Bowl Sunday
FPC,2023-02-20,Presidents' Day,Mon,6.23326366600275,14.809347657106024,5.4331135385275875,Sunday,Presidents' Day
FPC,2023-05-29,Memorial Day,Mon,4.377785663312546,2.589481944829617,1.4449925770306937,Sunday,Memorial Day
FPC,2023-06-19,Juneteenth,Mon,2.431488152939347,3.2653771687843025,3.359426622798755,own weekday,Juneteenth
FPC,2023-07-04,Independence Day,Tue,4.867023075226594,1.8856966312166996,3.106601918964419,Saturday,Independence Day
FPC,2023-09-04,Labor Day,Mon,9.169021045833393,6.199577648365227,5.877391790568865,Sunday,Labor Day
FPC,2023-10-09,Columbus Day,Mon,7.013258911301519,8.260226747867545,8.507372237681256,own weekday,Columbus Day
FPC,2023-11-10,Veterans Day (observed),Fri,4.619147912481391,5.115858038474521,6.788689059328017,own weekday,Veterans Day
FPC,2023-11-11,Veterans Day,Sat,4.517748177123307,4.517748177123307,6.287626331675083,Saturday,Veterans Day
FPC,2023-11-23,Thanksgiving,Thu,10.076782306629456,9.441749072738336,8.58055808746785,Sunday,Thanksgiving
FPC,2023-11-24,Day after Thanksgiving,Fri,7.739385348504861,7.825877688648728,6.484337251610482,Sunday,Day after Thanksgiving
FPC,2023-12-24,Christmas Eve,Sun,6.917292281109548,3.7433686249428275,6.917292281109548,Saturday,Christmas Eve
FPC,2023-12-25,Christmas Day,Mon,6.065526478040317,3.0198076097787077,5.258949871844879,Saturday,Christmas Day
FPC,2023-12-31,New Year's Eve,Sun,21.796529755642393,17.081306006585216,21.796529755642393,Saturday,New Year's Eve
FPC,2024-01-01,New Year's Day,Mon,16.355101573973354,15.847955850094323,20.206889252586922,Saturday,New Year's Day
FPC,2024-01-15,MLK Day,Mon,10.72912187173546,11.785327950117779,14.09588694750821,own weekday,MLK Day
FPC,2024-02-11,Super Bowl Sunday,Sun,9.4934889593614,11.071438903900443,9.4934889593614,Sunday,Super Bowl Sunday
FPC,2024-02-19,Presidents' Day,Mon,7.002210409107443,9.932852293679863,10.28991324281457,own weekday,Presidents' Day
FPC,2024-05-27,Memorial Day,Mon,6.640905237300792,6.384608897217109,5.151076161275454,Sunday,Memorial Day
FPC,2024-06-19,Juneteenth,Wed,9.42337685205168,6.741051061931862,9.138875535192547,Saturday,Juneteenth
FPC,2024-07-04,Independence Day,Thu,5.00859202433277,1.9373011670409008,3.940883433850604,Saturday,Independence Day
FPC,2024-09-02,Labor Day,Mon,2.5193532461210832,1.9166445916662562,1.4322808087691108,Sunday,Labor Day
FPC,2024-10-14,Columbus Day,Mon,5.003467313308567,4.540293153492072,4.402444650895502,Sunday,Columbus Day
FPC,2024-11-11,Veterans Day,Mon,4.6315859853091075,4.9385724815025105,5.454101108718931,own weekday,Veterans Day
FPC,2024-11-28,Thanksgiving,Thu,7.0372139796084126,6.437959508811887,6.924550568288841,Saturday,Thanksgiving
FPC,2024-11-29,Day after Thanksgiving,Fri,7.33093792290203,7.230490392547832,8.883263369199488,Saturday,Day after Thanksgiving
FPC,2024-12-24,Christmas Eve,Tue,9.989896935914789,3.114600937409394,3.6423811480514927,Saturday,Christmas Eve
FPC,2024-12-25,Christmas Day,Wed,10.250196874210179,3.9452235830393443,5.502230007888163,Saturday,Christmas Day
FPC,2024-12-31,New Year's Eve,Tue,3.353681486632474,9.485831437298536,7.5403154786147395,own weekday,New Year's Eve
FPC,2025-01-01,New Year's Day,Wed,5.570045283332838,7.847683372994983,5.8953263627452985,own weekday,New Year's Day
FPC,2025-01-20,MLK Day,Mon,11.20499758155016,8.86480793847955,12.93745127244909,Saturday,MLK Day
FPC,2025-02-09,Super Bowl Sunday,Sun,17.073508649711677,12.62359679660987,17.073508649711677,Saturday,Super Bowl Sunday
FPC,2025-02-17,Presidents' Day,Mon,5.495058167595507,4.279861074216016,6.834078964930852,Saturday,Presidents' Day
FPC,2025-05-26,Memorial Day,Mon,4.994581448403883,4.8418589879518334,4.4999282452921445,Sunday,Memorial Day
FPC,2025-06-19,Juneteenth,Thu,8.542919209130705,8.619632834966536,9.779760747848815,own weekday,Juneteenth
FPC,2025-07-04,Independence Day,Fri,4.628354073663705,4.0771342642473165,3.7004522382415015,Sunday,Independence Day
FPC,2025-09-01,Labor Day,Mon,1.7140056713856628,2.242804169050164,1.4070215192962108,Sunday,Labor Day
FPC,2025-10-13,Columbus Day,Mon,5.426030603186114,7.150390211524711,5.77081906891015,own weekday,Columbus Day
FPC,2025-11-11,Veterans Day,Tue,17.67542735252838,18.170137533003487,20.48073392537524,own weekday,Veterans Day
FPC,2025-11-27,Thanksgiving,Thu,11.667680982335549,12.60603146804358,14.509382422157003,own weekday,Thanksgiving
FPC,2025-11-28,Day after Thanksgiving,Fri,12.336284230676005,13.203344633409195,15.79895756384602,own weekday,Day after Thanksgiving
FPC,2025-12-24,Christmas Eve,Wed,3.0854313095495156,4.656369790067105,3.2231456200167172,own weekday,Christmas Eve
FPC,2025-12-25,Christmas Day,Thu,6.53583609523397,5.856810513975541,2.792272724294888,Sunday,Christmas Day
FPC,2025-12-31,New Year's Eve,Wed,16.492500068011577,15.920942865110446,19.48406154264292,Saturday,New Year's Eve
FPC,2026-01-01,New Year's Day,Thu,22.616843552233625,21.843506730433745,25.603920054870194,Saturday,New Year's Day
FPC,2026-01-19,MLK Day,Mon,19.442842910616275,15.109711446954199,21.53050988316172,Saturday,MLK Day
FPC,2026-02-08,Super Bowl Sunday,Sun,22.16080933407112,18.17545024239888,22.16080933407112,Saturday,Super Bowl Sunday
FPC,2026-02-16,Presidents' Day,Mon,5.502547267407422,4.025949615321378,3.0827861550503006,Sunday,Presidents' Day
FPC,2026-05-25,Memorial Day,Mon,3.5585100829116407,1.5957915158630458,0.9246562259167599,Sunday,Memorial Day
FPC,2026-06-19,Juneteenth,Fri,7.546392857112634,6.365746773303236,6.725770312880424,Saturday,Juneteenth
FPL,2015-09-07,Labor Day,Mon,4.681482809307639,3.673531959516034,5.156819387729131,Saturday,Labor Day
FPL,2015-10-12,Columbus Day,Mon,2.0300251506621794,4.889908209120814,4.547079430831694,own weekday,Columbus Day
FPL,2015-11-11,Veterans Day,Wed,2.303799099261565,2.591087164042288,3.054878505034731,own weekday,Veterans Day
FPL,2015-11-26,Thanksgiving,Thu,6.4530333176283765,5.361743893697646,6.203407412644327,Saturday,Thanksgiving
FPL,2015-11-27,Day after Thanksgiving,Fri,2.1461227208415674,2.610062132046069,3.3577160095345224,own weekday,Day after Thanksgiving
FPL,2015-12-24,Christmas Eve,Thu,3.264928723182888,2.526241854792368,3.0452475344564913,Saturday,Christmas Eve
FPL,2015-12-25,Christmas Day,Fri,3.5963229619735615,2.7632819358119893,3.2286232388733356,Saturday,Christmas Day
FPL,2015-12-31,New Year's Eve,Thu,3.4710380671620458,3.4709631336204874,3.6906230238547924,Saturday,New Year's Eve
FPL,2016-01-01,New Year's Day,Fri,4.821722563090184,4.131162872280079,3.959169321499665,Sunday,New Year's Day
FPL,2016-01-18,MLK Day,Mon,7.029578834207994,8.384120206069127,8.337345738547853,own weekday,MLK Day
FPL,2016-02-07,Super Bowl Sunday,Sun,6.405817933061396,5.137454933471068,6.405817933061396,Saturday,Super Bowl Sunday
FPL,2016-02-15,Presidents' Day,Mon,1.4882175909950697,3.2494749998310835,4.398264894023859,own weekday,Presidents' Day
FPL,2016-05-30,Memorial Day,Mon,4.583667902711897,1.9224927051108034,3.365738625322094,Saturday,Memorial Day
FPL,2016-07-04,Independence Day,Mon,3.1978761759630094,1.013987623743941,1.7253530003383692,Saturday,Independence Day
FPL,2016-09-05,Labor Day,Mon,4.268279427980353,4.289224226009872,3.8389892816287414,Sunday,Labor Day
FPL,2016-10-10,Columbus Day,Mon,2.991147619868826,4.295389659338386,4.837864396841329,own weekday,Columbus Day
FPL,2016-11-11,Veterans Day,Fri,2.681477928813548,4.443113579855651,5.171481240617048,own weekday,Veterans Day
FPL,2016-11-24,Thanksgiving,Thu,6.651784630321831,6.08921823552453,7.623160593028609,Saturday,Thanksgiving
FPL,2016-11-25,Day after Thanksgiving,Fri,2.671508241247895,2.4771532451794,3.6278579908120903,Saturday,Day after Thanksgiving
FPL,2016-12-24,Christmas Eve,Sat,3.7832512726896548,3.7832512726896548,3.315222587539684,Sunday,Christmas Eve
FPL,2016-12-25,Christmas Day,Sun,3.114060391608385,2.6231396228902444,3.114060391608385,Saturday,Christmas Day
FPL,2016-12-26,Christmas Day (observed),Mon,3.643631320039315,2.20917384951113,1.4521231199596065,Sunday,Christmas Day
FPL,2016-12-31,New Year's Eve,Sat,9.578265918053642,9.578265918053642,11.274438259113444,Saturday,New Year's Eve
FPL,2017-01-01,New Year's Day,Sun,2.1203881157639133,3.3457017545290375,2.1203881157639133,Sunday,New Year's Day
FPL,2017-01-02,New Year's Day (observed),Mon,3.7762532704088825,3.8820270789370412,2.849508130497779,Sunday,New Year's Day
FPL,2017-01-16,MLK Day,Mon,1.2747875715874637,3.9433190144652643,3.0931592772362553,own weekday,MLK Day
FPL,2017-02-05,Super Bowl Sunday,Sun,2.934615502897037,2.33884288786316,2.934615502897037,Saturday,Super Bowl Sunday
FPL,2017-02-20,Presidents' Day,Mon,7.807009516096238,4.187921830831915,2.8340881282156447,Sunday,Presidents' Day
FPL,2017-05-29,Memorial Day,Mon,4.467500040480153,4.343708452452961,3.268506581193325,Sunday,Memorial Day
FPL,2017-07-04,Independence Day,Tue,3.2658155717044677,1.092814664403838,1.853053227426191,Saturday,Independence Day
FPL,2017-09-04,Labor Day,Mon,3.349765578448037,2.78984736050179,3.0167970266104867,Saturday,Labor Day
FPL,2017-10-09,Columbus Day,Mon,1.2782377731364403,2.303342427940283,2.4247307294062908,own weekday,Columbus Day
FPL,2017-11-10,Veterans Day (observed),Fri,3.139308705392007,4.78688323327891,5.871565852060539,own weekday,Veterans Day
FPL,2017-11-11,Veterans Day,Sat,2.9371161549200315,2.9371161549200315,4.038132464949264,Saturday,Veterans Day
FPL,2017-11-23,Thanksgiving,Thu,9.251106754253467,7.051226318383417,7.691095973161001,Saturday,Thanksgiving
FPL,2017-11-24,Day after Thanksgiving,Fri,4.4195379163515875,4.84442993961981,4.8202030010606265,own weekday,Day after Thanksgiving
FPL,2017-12-24,Christmas Eve,Sun,3.2584397401247327,2.6111408369520044,3.2584397401247327,Saturday,Christmas Eve
FPL,2017-12-25,Christmas Day,Mon,4.9359790639018986,1.462981232848457,2.0066790267221353,Saturday,Christmas Day
FPL,2017-12-31,New Year's Eve,Sun,11.053847076572872,8.957901434597042,11.053847076572872,Saturday,New Year's Eve
FPL,2018-01-01,New Year's Day,Mon,4.946262019355749,4.600909276470937,3.1532551283148016,Sunday,New Year's Day
FPL,2018-01-15,MLK Day,Mon,11.040302015412095,9.471974298909636,8.249009920777166,Sunday,MLK Day
FPL,2018-02-04,Super Bowl Sunday,Sun,7.892690152847715,5.907501804213971,7.892690152847715,Saturday,Super Bowl Sunday
FPL,2018-02-19,Presidents' Day,Mon,5.0392360709890145,8.152886796982168,5.584070347455552,own weekday,Presidents' Day
FPL,2018-05-28,Memorial Day,Mon,4.214294139866494,2.204126529227513,0.8411869684663552,Sunday,Memorial Day
FPL,2018-07-04,Independence Day,Wed,6.09145228459178,3.7588632173103034,5.842045308957776,Saturday,Independence Day
FPL,2018-09-03,Labor Day,Mon,8.486757251517112,7.44791756496742,7.146509922712167,Sunday,Labor Day
FPL,2018-10-08,Columbus Day,Mon,4.576490885246198,4.614760714421607,4.827466015592647,own weekday,Columbus Day
FPL,2018-11-11,Veterans Day,Sun,2.425237345142614,2.2000749706325258,2.425237345142614,Saturday,Veterans Day
FPL,2018-11-12,Veterans Day (observed),Mon,2.5690084519680565,3.455903017342317,3.5575579776259083,own weekday,Veterans Day
FPL,2018-11-22,Thanksgiving,Thu,7.239834573401123,6.7588386060244465,7.207701067662511,Saturday,Thanksgiving
FPL,2018-11-23,Day after Thanksgiving,Fri,2.5127058441503354,3.693851567986664,3.9908657485415078,own weekday,Day after Thanksgiving
FPL,2018-12-24,Christmas Eve,Mon,11.314670885708766,8.061532424912137,10.307607586118067,Saturday,Christmas Eve
FPL,2018-12-25,Christmas Day,Tue,6.003245902225349,5.362783208676991,7.768409167328944,Saturday,Christmas Day
FPL,2018-12-31,New Year's Eve,Mon,5.128100877782993,6.670796515261995,7.781120165312995,own weekday,New Year's Eve
FPL,2019-01-01,New Year's Day,Tue,5.758692800466838,3.7401093436997095,2.575913791073201,Sunday,New Year's Day
FPL,2019-01-21,MLK Day,Mon,11.310896265586424,9.753941169879395,12.307512489475192,Saturday,MLK Day
FPL,2019-02-03,Super Bowl Sunday,Sun,5.012284145642934,8.082018145391446,5.012284145642934,Sunday,Super Bowl Sunday
FPL,2019-02-18,Presidents' Day,Mon,6.830603330390321,7.1177230190778635,4.39868168844941,Sunday,Presidents' Day
FPL,2019-05-27,Memorial Day,Mon,4.272385746696234,1.354651101484793,0.7798535078433888,Sunday,Memorial Day
FPL,2019-07-04,Independence Day,Thu,3.655255336568935,1.538419189776262,2.315600878001824,Saturday,Independence Day
FPL,2019-09-02,Labor Day,Mon,5.5082473896607675,5.639658556147608,7.040286079747833,own weekday,Labor Day
FPL,2019-10-14,Columbus Day,Mon,2.0019114266771796,3.6125567288057834,3.195569770152875,own weekday,Columbus Day
FPL,2019-11-11,Veterans Day,Mon,3.7417427494515585,5.906485575899984,5.593164432508868,own weekday,Veterans Day
FPL,2019-11-28,Thanksgiving,Thu,7.428600600859113,8.131585999942429,7.091711080238731,Sunday,Thanksgiving
FPL,2019-11-29,Day after Thanksgiving,Fri,9.127350686557199,10.535795155940235,9.727039652390308,own weekday,Day after Thanksgiving
FPL,2019-12-24,Christmas Eve,Tue,3.3359027881934185,1.695545475312431,3.0916004116507603,Saturday,Christmas Eve
FPL,2019-12-25,Christmas Day,Wed,3.3153583128141277,2.875696603245662,1.5707975737846842,Sunday,Christmas Day
FPL,2019-12-31,New Year's Eve,Tue,4.968887532162063,4.6047239463666845,6.3397790989476235,Saturday,New Year's Eve
FPL,2020-01-01,New Year's Day,Wed,3.946868847159265,3.4414094280653353,3.4320367505909255,Sunday,New Year's Day
FPL,2020-01-20,MLK Day,Mon,2.3143652682787104,3.3597960085800427,4.892008470125334,own weekday,MLK Day
FPL,2020-02-02,Super Bowl Sunday,Sun,7.745324462384915,6.202937963709868,7.745324462384915,Saturday,Super Bowl Sunday
FPL,2020-02-17,Presidents' Day,Mon,9.295339772196765,8.998778833575209,6.292387013705534,Sunday,Presidents' Day
FPL,2020-05-25,Memorial Day,Mon,7.793100217720207,9.847126034991408,6.911690252861636,Sunday,Memorial Day
FPL,2020-07-03,Independence Day (observed),Fri,1.8956414888673172,1.38284442875498,2.113576835992669,Saturday,Independence Day
FPL,2020-07-04,Independence Day,Sat,3.674862192506309,3.674862192506309,3.483133971682507,Sunday,Independence Day
FPL,2020-09-07,Labor Day,Mon,1.9533823566913955,2.5880766107043196,2.5797104454877653,own weekday,Labor Day
FPL,2020-10-12,Columbus Day,Mon,1.858118571031657,2.9149537824208824,2.946804445564967,own weekday,Columbus Day
FPL,2020-11-11,Veterans Day,Wed,6.828245235962228,6.118966320739245,7.268757364476204,Saturday,Veterans Day
FPL,2020-11-26,Thanksgiving,Thu,8.490859154389472,9.017225326494122,8.307633283575802,Sunday,Thanksgiving
FPL,2020-11-27,Day after Thanksgiving,Fri,2.786731832203769,3.3554161354891283,2.741735880231426,Sunday,Day after Thanksgiving
FPL,2020-12-24,Christmas Eve,Thu,3.325349862109803,2.207291912562096,2.114917529529033,Sunday,Christmas Eve
FPL,2020-12-25,Christmas Day,Fri,7.768685193020598,7.645985561332553,9.530486829543237,Saturday,Christmas Day
FPL,2020-12-31,New Year's Eve,Thu,4.737636667267398,5.467977040131788,5.923138377425242,own weekday,New Year's Eve
FPL,2021-01-01,New Year's Day,Fri,4.787884500219885,3.878026540187782,2.8807457489104142,Sunday,New Year's Day
FPL,2021-01-18,MLK Day,Mon,6.942303741332988,5.25169482447145,8.04190929540269,Saturday,MLK Day
FPL,2021-02-07,Super Bowl Sunday,Sun,4.081345991100866,7.970846209851161,4.081345991100866,Sunday,Super Bowl Sunday
FPL,2021-02-15,Presidents' Day,Mon,6.061168650214027,7.693068256718623,5.8732685505472695,Sunday,Presidents' Day
FPL,2021-05-31,Memorial Day,Mon,2.8533877713323106,1.1497310466359993,1.349091859921293,Saturday,Memorial Day
FPL,2021-06-18,Juneteenth (observed),Fri,2.0752656651863526,2.350191263132169,2.9627034979101077,own weekday,Juneteenth
FPL,2021-06-19,Juneteenth,Sat,1.8730307446432004,1.8730307446432004,2.3519625295793243,Saturday,Juneteenth
FPL,2021-07-04,Independence Day,Sun,1.4601773582870066,2.1280500315336086,1.4601773582870066,Sunday,Independence Day
FPL,2021-07-05,Independence Day (observed),Mon,6.699173172672233,5.110325556045385,5.8895631083561995,Saturday,Independence Day
FPL,2021-09-06,Labor Day,Mon,4.204383954132716,4.186053012417023,2.6820749849540815,Sunday,Labor Day
FPL,2021-10-11,Columbus Day,Mon,2.0257427638384904,4.032062855695522,3.6910053647220358,own weekday,Columbus Day
FPL,2021-11-11,Veterans Day,Thu,3.208248125702135,5.166086649067358,5.1858016701678755,own weekday,Veterans Day
FPL,2021-11-25,Thanksgiving,Thu,7.109225164487984,5.274688211420661,7.134925461611479,Saturday,Thanksgiving
FPL,2021-11-26,Day after Thanksgiving,Fri,3.134501416739784,2.679977298071497,4.0551582984644075,Saturday,Day after Thanksgiving
FPL,2021-12-24,Christmas Eve,Fri,1.7938507744688987,2.32591952014574,3.615806674399559,own weekday,Christmas Eve
FPL,2021-12-25,Christmas Day,Sat,2.536021751711135,2.536021751711135,1.7193601837761867,Sunday,Christmas Day
FPL,2021-12-31,New Year's Day (observed),Fri,7.8962403895486855,7.126817792676676,7.0776453389545315,Sunday,New Year's Day
FPL,2022-01-01,New Year's Day,Sat,4.889479741364755,4.889479741364755,3.108948326145603,Sunday,New Year's Day
FPL,2022-01-17,MLK Day,Mon,5.899016258740346,4.929878267671357,6.827805881401498,Saturday,MLK Day
FPL,2022-02-21,Presidents' Day,Mon,4.03775677586519,4.240365315012107,3.00818325951691,Sunday,Presidents' Day
FPL,2022-05-30,Memorial Day,Mon,3.533802645278316,2.4262120527899502,2.7642817406928173,Saturday,Memorial Day
FPL,2022-06-19,Juneteenth,Sun,3.957729791163931,2.033812879680484,3.957729791163931,Saturday,Juneteenth
FPL,2022-06-20,Juneteenth (observed),Mon,3.2896884691002137,2.4341559622527655,5.045618757053255,Saturday,Juneteenth
FPL,2022-07-04,Independence Day,Mon,2.7744447283262006,2.0884680335904586,1.197860889183861,Sunday,Independence Day
FPL,2022-09-05,Labor Day,Mon,2.2307955600115235,2.488863481297834,1.558775923263621,Sunday,Labor Day
FPL,2022-10-10,Columbus Day,Mon,2.4816731007014208,4.0876572220077,3.7622013207999134,own weekday,Columbus Day
FPL,2022-11-11,Veterans Day,Fri,3.773247259452918,4.448124073754102,5.9101853827210915,own weekday,Veterans Day
FPL,2022-11-24,Thanksgiving,Thu,7.56886203034348,6.229883047832409,6.838982674204437,Saturday,Thanksgiving
FPL,2022-11-25,Day after Thanksgiving,Fri,3.1238687263537805,2.876584002065786,3.5466097953289615,Saturday,Day after Thanksgiving
FPL,2022-12-24,Christmas Eve,Sat,9.639440578696822,9.639440578696822,10.025853550728488,Saturday,Christmas Eve
FPL,2022-12-25,Christmas Day,Sun,13.773266663205048,13.190049951280974,13.773266663205048,Saturday,Christmas Day
FPL,2022-12-26,Christmas Day (observed),Mon,14.822404259795693,15.416600669700268,15.76444966695865,own weekday,Christmas Day
FPL,2022-12-31,New Year's Eve,Sat,5.249822857988855,5.249822857988855,5.420550956021959,Saturday,New Year's Eve
FPL,2023-01-01,New Year's Day,Sun,2.8144483963465303,3.456766256480251,2.8144483963465303,Sunday,New Year's Day
FPL,2023-01-02,New Year's Day (observed),Mon,4.410236685283808,3.744262688872423,2.9471992081264458,Sunday,New Year's Day
FPL,2023-01-16,MLK Day,Mon,21.81140658507308,20.954509612047186,22.172847567127903,Saturday,MLK Day
FPL,2023-02-12,Super Bowl Sunday,Sun,4.8331990417854716,4.830290601656221,4.8331990417854716,Saturday,Super Bowl Sunday
FPL,2023-02-20,Presidents' Day,Mon,5.198276021893853,9.47290336046822,3.9916854977546525,Sunday,Presidents' Day
FPL,2023-05-29,Memorial Day,Mon,3.169855925572402,2.248945961286861,1.8885007859610115,Sunday,Memorial Day
FPL,2023-06-19,Juneteenth,Mon,4.438633778478418,3.9589714667641154,5.868504617087869,Saturday,Juneteenth
FPL,2023-07-04,Independence Day,Tue,3.7753086493342325,1.296172900561687,2.2170992110846206,Saturday,Independence Day
FPL,2023-09-04,Labor Day,Mon,3.4464299892557184,2.126219289948013,1.7216717909203996,Sunday,Labor Day
FPL,2023-10-09,Columbus Day,Mon,4.1656055958227265,4.84372277844485,5.136502972809702,own weekday,Columbus Day
FPL,2023-11-10,Veterans Day (observed),Fri,4.225032417489657,4.767644157548428,4.985173389144145,own weekday,Veterans Day
FPL,2023-11-11,Veterans Day,Sat,3.869896719973267,3.869896719973267,4.264959909135432,Saturday,Veterans Day
FPL,2023-11-23,Thanksgiving,Thu,7.62002623128502,5.123874021817686,6.5155359325955935,Saturday,Thanksgiving
FPL,2023-11-24,Day after Thanksgiving,Fri,4.741035840262903,5.123890685609226,6.47137363484809,own weekday,Day after Thanksgiving
FPL,2023-12-24,Christmas Eve,Sun,4.510132432383094,1.279946930261528,4.510132432383094,Saturday,Christmas Eve
FPL,2023-12-25,Christmas Day,Mon,4.654382798365188,2.3499403793709583,6.172405165508319,Saturday,Christmas Day
FPL,2023-12-31,New Year's Eve,Sun,15.823216908106277,11.919674046031142,15.823216908106277,Saturday,New Year's Eve
FPL,2024-01-01,New Year's Day,Mon,9.137863647346034,9.062645474749068,12.76943100582814,Saturday,New Year's Day
FPL,2024-01-15,MLK Day,Mon,1.2508241099466628,2.7749665015434313,4.043526872501218,own weekday,MLK Day
FPL,2024-02-11,Super Bowl Sunday,Sun,7.957782751032176,7.138445060454428,7.957782751032176,Saturday,Super Bowl Sunday
FPL,2024-02-19,Presidents' Day,Mon,2.19057652584001,5.369820024279296,4.817752071092413,own weekday,Presidents' Day
FPL,2024-05-27,Memorial Day,Mon,4.029053356113424,2.8107994519737836,1.9717931718530497,Sunday,Memorial Day
FPL,2024-06-19,Juneteenth,Wed,5.472118464880602,3.230439324433466,5.028140014159905,Saturday,Juneteenth
FPL,2024-07-04,Independence Day,Thu,1.9611833350778065,1.116987764580113,1.1896100810082844,Saturday,Independence Day
FPL,2024-09-02,Labor Day,Mon,1.9097108221682313,2.5164862326961317,2.632067081578066,own weekday,Labor Day
FPL,2024-10-14,Columbus Day,Mon,3.5662129992028024,5.309447072452946,3.68805039968238,own weekday,Columbus Day
FPL,2024-11-11,Veterans Day,Mon,2.8437232358221385,3.637646582278653,3.8387466828385266,own weekday,Veterans Day
FPL,2024-11-28,Thanksgiving,Thu,8.210183287450977,7.576351303423515,6.983176539996344,Sunday,Thanksgiving
FPL,2024-11-29,Day after Thanksgiving,Fri,3.536008577245306,3.3329772341476707,2.437728266604546,Sunday,Day after Thanksgiving
FPL,2024-12-24,Christmas Eve,Tue,3.617174495720193,3.337404914027384,3.073214899368772,Sunday,Christmas Eve
FPL,2024-12-25,Christmas Day,Wed,4.182088499758856,1.794348496634465,2.925240242144489,Saturday,Christmas Day
FPL,2024-12-31,New Year's Eve,Tue,6.231851130682667,8.279245973668512,8.709730394882504,own weekday,New Year's Eve
FPL,2025-01-01,New Year's Day,Wed,4.672604696406887,5.1790209222165835,4.131912172272506,Sunday,New Year's Day
FPL,2025-01-20,MLK Day,Mon,4.499422437303069,4.0997146879619075,4.859876808629519,Saturday,MLK Day
FPL,2025-02-09,Super Bowl Sunday,Sun,11.814518717594746,9.290235948816177,11.814518717594746,Saturday,Super Bowl Sunday
FPL,2025-02-17,Presidents' Day,Mon,2.7254614680870772,1.7521734992703941,2.4488283066704897,Saturday,Presidents' Day
FPL,2025-05-26,Memorial Day,Mon,3.294181680065734,1.8637280044621032,1.7959636647320203,Sunday,Memorial Day
FPL,2025-06-19,Juneteenth,Thu,4.7559504550948395,3.416568258354623,3.456441428967398,Saturday,Juneteenth
FPL,2025-07-04,Independence Day,Fri,4.078894977913712,3.1854396162925647,2.8743749213819174,Sunday,Independence Day
FPL,2025-09-01,Labor Day,Mon,2.504402901745054,3.203840252644389,3.5305625805678322,own weekday,Labor Day
FPL,2025-10-13,Columbus Day,Mon,2.4647729822227444,4.460016076726125,4.735685787924955,own weekday,Columbus Day
FPL,2025-11-11,Veterans Day,Tue,9.608729782754978,10.369158179476083,10.668497648878255,own weekday,Veterans Day
FPL,2025-11-27,Thanksgiving,Thu,8.402473572453749,9.01227141512393,10.365187781287682,own weekday,Thanksgiving
FPL,2025-11-28,Day after Thanksgiving,Fri,6.540952983587163,7.851110387499002,9.879142732585091,own weekday,Day after Thanksgiving
FPL,2025-12-24,Christmas Eve,Wed,3.621773056262081,2.177739254441573,3.445672854446337,Saturday,Christmas Eve
FPL,2025-12-25,Christmas Day,Thu,4.224190207589971,2.122838036740901,3.474775611695905,Saturday,Christmas Day
FPL,2025-12-31,New Year's Eve,Wed,10.511249928976147,12.249673157361746,14.558989587595253,own weekday,New Year's Eve
FPL,2026-01-01,New Year's Day,Thu,16.033933216229,16.74324204371237,19.144863971276653,own weekday,New Year's Day
FPL,2026-01-19,MLK Day,Mon,12.07823315216643,10.799920323320585,14.198498252610944,Saturday,MLK Day
FPL,2026-02-08,Super Bowl Sunday,Sun,16.55897386170614,13.201980749010431,16.55897386170614,Saturday,Super Bowl Sunday
FPL,2026-02-16,Presidents' Day,Mon,4.860010294396503,4.268506604827902,2.2750024351181897,Sunday,Presidents' Day
FPL,2026-05-25,Memorial Day,Mon,2.890736829072551,2.05163467322377,1.2550655914401123,Sunday,Memorial Day
FPL,2026-06-19,Juneteenth,Fri,5.516143928594089,5.093646705243278,4.13127187670637,Sunday,Juneteenth
GCPD,2015-09-07,Labor Day,Mon,1.7973903567650389,1.6296531639730345,1.4781102206033119,Sunday,Labor Day
GCPD,2015-10-12,Columbus Day,Mon,1.3060325935403663,2.990602463861765,2.4413429789547867,own weekday,Columbus Day
GCPD,2015-11-11,Veterans Day,Wed,3.175156712458133,3.15789172537684,3.219473322832029,Saturday,Veterans Day
GCPD,2015-11-26,Thanksgiving,Thu,5.40797123978289,5.022206383013442,5.566368106752762,Saturday,Thanksgiving
GCPD,2015-11-27,Day after Thanksgiving,Fri,4.361051079938296,4.8515171978808524,5.027818833551558,own weekday,Day after Thanksgiving
GCPD,2015-12-24,Christmas Eve,Thu,2.0643540811585317,1.3128739898578208,2.0104918423316387,Saturday,Christmas Eve
GCPD,2015-12-25,Christmas Day,Fri,3.3927029798951516,3.462844326996073,3.1422390220671037,Sunday,Christmas Day
GCPD,2015-12-31,New Year's Eve,Thu,3.61457547754944,2.720702473339306,2.652407583573057,Sunday,New Year's Eve
GCPD,2016-01-01,New Year's Day,Fri,2.93895255258454,3.0578983011763166,2.599611442022211,Sunday,New Year's Day
GCPD,2016-01-18,MLK Day,Mon,0.831752858740528,1.6832452765891328,2.054591722596659,own weekday,MLK Day
GCPD,2016-02-07,Super Bowl Sunday,Sun,3.526655560471511,3.721650231504737,3.526655560471511,Sunday,Super Bowl Sunday
GCPD,2016-02-15,Presidents' Day,Mon,1.0052980678442265,1.3141681789336808,1.5779173377023288,own weekday,Presidents' Day
GCPD,2016-05-30,Memorial Day,Mon,1.90441813681339,5.1713089423545835,3.380198772195643,own weekday,Memorial Day
GCPD,2016-07-04,Independence Day,Mon,2.0849261117918014,2.2369215803315887,1.6240754256513823,Sunday,Independence Day
GCPD,2016-09-05,Labor Day,Mon,1.528742458250429,1.5084606143668091,1.4451380166881327,Sunday,Labor Day
GCPD,2016-10-10,Columbus Day,Mon,4.259248549758885,2.9041633274655423,2.7378551523370613,Sunday,Columbus Day
GCPD,2016-11-11,Veterans Day,Fri,0.724035565898785,1.206995464663336,1.3513390182721585,own weekday,Veterans Day
GCPD,2016-11-24,Thanksgiving,Thu,2.1356110773679005,1.4719958955516532,1.8807062320587824,Saturday,Thanksgiving
GCPD,2016-11-25,Day after Thanksgiving,Fri,1.4140702495672708,0.6215318816587563,0.6703920535500179,Saturday,Day after Thanksgiving
GCPD,2016-12-24,Christmas Eve,Sat,2.5297084307379936,2.5297084307379936,2.8491549574383486,Saturday,Christmas Eve
GCPD,2016-12-25,Christmas Day,Sun,4.180895863536119,4.001733714428144,4.180895863536119,Saturday,Christmas Day
GCPD,2016-12-26,Christmas Day (observed),Mon,3.03525547478343,2.529843810030866,3.537267135866382,Saturday,Christmas Day
GCPD,2016-12-31,New Year's Eve,Sat,1.244014548021376,1.244014548021376,1.9159317970965717,Saturday,New Year's Eve
GCPD,2017-01-01,New Year's Day,Sun,1.1641789935528672,1.7592168876957575,1.1641789935528672,Sunday,New Year's Day
GCPD,2017-01-02,New Year's Day (observed),Mon,1.618134464874848,2.0375533691078,1.1310263254321158,Sunday,New Year's Day
GCPD,2017-01-16,MLK Day,Mon,0.9705050902834161,1.0460359698862438,0.6232771537316416,Sunday,MLK Day
GCPD,2017-02-05,Super Bowl Sunday,Sun,1.7437718983720145,0.820957877113059,1.7437718983720145,Saturday,Super Bowl Sunday
GCPD,2017-02-20,Presidents' Day,Mon,1.2647476564795443,1.6683623443089504,1.4782182358049416,own weekday,Presidents' Day
GCPD,2017-05-29,Memorial Day,Mon,6.1166457881111365,9.124951127338129,7.649282592945824,own weekday,Memorial Day
GCPD,2017-07-04,Independence Day,Tue,1.804716807092507,3.0765040815869638,1.7487940921064347,Sunday,Independence Day
GCPD,2017-09-04,Labor Day,Mon,1.0022231392027654,1.3643089856072155,1.1970386507457067,own weekday,Labor Day
GCPD,2017-10-09,Columbus Day,Mon,3.8637716992963713,3.0026797222152024,3.2651886839550373,Saturday,Columbus Day
GCPD,2017-11-10,Veterans Day (observed),Fri,1.5442545516055375,1.0869611749567638,1.4873680213385536,Saturday,Veterans Day
GCPD,2017-11-11,Veterans Day,Sat,1.1786458133565727,1.1786458133565727,0.47025131596979997,Sunday,Veterans Day
GCPD,2017-11-23,Thanksgiving,Thu,2.6025432245421465,1.3432200580282276,1.7323046535262194,Saturday,Thanksgiving
GCPD,2017-11-24,Day after Thanksgiving,Fri,3.1360865167616,2.567645575415405,2.4585385175228005,Sunday,Day after Thanksgiving
GCPD,2017-12-24,Christmas Eve,Sun,3.0667627513609563,3.1846600348383887,3.0667627513609563,Sunday,Christmas Eve
GCPD,2017-12-25,Christmas Day,Mon,2.0774604906108864,1.1875593053113456,1.2587615761255264,Saturday,Christmas Day
GCPD,2017-12-31,New Year's Eve,Sun,2.3769082772624492,2.1832333473664476,2.3769082772624492,Saturday,New Year's Eve
GCPD,2018-01-01,New Year's Day,Mon,2.687533265727879,1.443637229972758,1.0851133026201993,Sunday,New Year's Day
GCPD,2018-01-15,MLK Day,Mon,0.5958705916261386,1.6575829538845115,1.5358730931978724,own weekday,MLK Day
GCPD,2018-02-04,Super Bowl Sunday,Sun,1.5261231552464962,1.6953895088589892,1.5261231552464962,Sunday,Super Bowl Sunday
GCPD,2018-02-19,Presidents' Day,Mon,1.8294610368129287,1.2975624002916364,2.999744724773643,Saturday,Presidents' Day
GCPD,2018-05-28,Memorial Day,Mon,3.8736452242651245,5.391683626636625,4.612120604740098,own weekday,Memorial Day
GCPD,2018-07-04,Independence Day,Wed,1.234305466868065,2.229741618024669,1.009368581941881,Sunday,Independence Day
GCPD,2018-09-03,Labor Day,Mon,1.164748627946085,2.037264999051882,1.2145493445121855,own weekday,Labor Day
GCPD,2018-10-08,Columbus Day,Mon,1.933441362627438,3.74178374697584,2.65963291038148,own weekday,Columbus Day
GCPD,2018-11-11,Veterans Day,Sun,1.0252851239952054,1.2019625450005325,1.0252851239952054,Sunday,Veterans Day
GCPD,2018-11-12,Veterans Day (observed),Mon,2.4003678644129356,2.6326119716887137,2.554612647013097,own weekday,Veterans Day
GCPD,2018-11-22,Thanksgiving,Thu,1.938581126400393,2.0358104541876787,2.721662600201942,own weekday,Thanksgiving
GCPD,2018-11-23,Day after Thanksgiving,Fri,1.9566009673917282,1.864189008444193,2.0409802589683954,Saturday,Day after Thanksgiving
GCPD,2018-12-24,Christmas Eve,Mon,1.705532002855306,2.268311201644755,1.9940812529421144,own weekday,Christmas Eve
GCPD,2018-12-25,Christmas Day,Tue,1.786087595541992,1.0417670717131737,1.4100435232491315,Saturday,Christmas Day
GCPD,2018-12-31,New Year's Eve,Mon,2.3136145781330253,1.9731381999080584,1.4637306148423133,Sunday,New Year's Eve
GCPD,2019-01-01,New Year's Day,Tue,1.9748369502545664,1.6958895155024116,1.116198827966282,Sunday,New Year's Day
GCPD,2019-01-21,MLK Day,Mon,3.2320935887410114,2.4731506105979313,2.6309623125420503,Saturday,MLK Day
GCPD,2019-02-03,Super Bowl Sunday,Sun,1.7818587900169127,1.7282692216709052,1.7818587900169127,Saturday,Super Bowl Sunday
GCPD,2019-02-18,Presidents' Day,Mon,3.3786889344079674,3.628341161591476,2.6523123845724275,Sunday,Presidents' Day
GCPD,2019-05-27,Memorial Day,Mon,2.472312591955771,4.5392395631210665,4.83852664657883,own weekday,Memorial Day
GCPD,2019-07-04,Independence Day,Thu,1.3219367662707928,1.362938159924046,1.215365438509583,Sunday,Independence Day
GCPD,2019-09-02,Labor Day,Mon,0.869276290170529,3.4451068117022574,1.773864879882477,own weekday,Labor Day
GCPD,2019-10-14,Columbus Day,Mon,5.396511381325431,4.21735918454549,4.006867002285108,Sunday,Columbus Day
GCPD,2019-11-11,Veterans Day,Mon,2.6742684034289472,1.6270323326044909,1.7329672771809184,Saturday,Veterans Day
GCPD,2019-11-28,Thanksgiving,Thu,2.014262534669048,1.0446011303349862,0.9682204164820204,Sunday,Thanksgiving
GCPD,2019-11-29,Day after Thanksgiving,Fri,2.005484095163883,2.717823928697862,2.088200178197037,own weekday,Day after Thanksgiving
GCPD,2019-12-24,Christmas Eve,Tue,2.5063690348886585,1.4462965293856864,2.589510543720521,Saturday,Christmas Eve
GCPD,2019-12-25,Christmas Day,Wed,1.542342755568438,1.4437716023799971,1.477668061558298,Saturday,Christmas Day
GCPD,2019-12-31,New Year's Eve,Tue,1.7715748500993316,1.224137978239767,2.147157618050289,Saturday,New Year's Eve
GCPD,2020-01-01,New Year's Day,Wed,2.669938705450403,2.431160195032686,1.2187064358315765,Sunday,New Year's Day
GCPD,2020-01-20,MLK Day,Mon,1.5956668239053087,0.9896562242652315,0.8669757154973418,Sunday,MLK Day
GCPD,2020-02-02,Super Bowl Sunday,Sun,3.4652480154955247,3.5142452342516206,3.4652480154955247,Sunday,Super Bowl Sunday
GCPD,2020-02-17,Presidents' Day,Mon,2.318699543402078,2.7095196199469176,2.000247969850337,Sunday,Presidents' Day
GCPD,2020-05-25,Memorial Day,Mon,2.145112671872382,4.110092652715349,3.6663950203600595,own weekday,Memorial Day
GCPD,2020-07-03,Independence Day (observed),Fri,1.2292715515867092,3.072426743090692,2.385468206280902,own weekday,Independence Day
GCPD,2020-07-04,Independence Day,Sat,2.5545424691365852,2.5545424691365852,2.001392342745658,Sunday,Independence Day
GCPD,2020-09-07,Labor Day,Mon,7.43349358840559,4.012921720923799,6.808320816250784,Saturday,Labor Day
GCPD,2020-10-12,Columbus Day,Mon,2.954910707024326,2.2968643091387744,1.9545835714752495,Sunday,Columbus Day
GCPD,2020-11-11,Veterans Day,Wed,4.0479935705789405,3.9783646530663965,3.6582060309422118,Sunday,Veterans Day
GCPD,2020-11-26,Thanksgiving,Thu,3.1118012691782866,3.26900059157799,2.669736627711645,Sunday,Thanksgiving
GCPD,2020-11-27,Day after Thanksgiving,Fri,0.9342827175560758,1.574077271655259,1.4775379631204173,own weekday,Day after Thanksgiving
GCPD,2020-12-24,Christmas Eve,Thu,2.59251204768227,2.678227419016945,3.187339832717922,own weekday,Christmas Eve
GCPD,2020-12-25,Christmas Day,Fri,1.4416405354778428,1.3986636056502415,1.6185249236490795,Saturday,Christmas Day
GCPD,2020-12-31,New Year's Eve,Thu,0.9100263313585754,0.6836025604372024,1.3184205251824461,Saturday,New Year's Eve
GCPD,2021-01-01,New Year's Day,Fri,1.2303510230045842,0.7914058951481328,1.0709135871208293,Saturday,New Year's Day
GCPD,2021-01-18,MLK Day,Mon,4.445783107206562,3.184714586552477,3.049689431307769,Sunday,MLK Day
GCPD,2021-02-07,Super Bowl Sunday,Sun,2.327004040315557,2.4297433044002155,2.327004040315557,Sunday,Super Bowl Sunday
GCPD,2021-02-15,Presidents' Day,Mon,2.463253136942747,1.258094597198303,1.0624171562950029,Sunday,Presidents' Day
GCPD,2021-05-31,Memorial Day,Mon,4.450324449531465,7.528976072394501,6.042831703652874,own weekday,Memorial Day
GCPD,2021-06-18,Juneteenth (observed),Fri,4.794169831728506,6.272977891116025,4.9710943286224385,own weekday,Juneteenth
GCPD,2021-06-19,Juneteenth,Sat,4.809908493744422,4.809908493744422,3.7094025954986702,Sunday,Juneteenth
GCPD,2021-07-04,Independence Day,Sun,1.9180743437520198,2.8547498334480506,1.9180743437520198,Sunday,Independence Day
GCPD,2021-07-05,Independence Day (observed),Mon,1.885529472111645,3.2497511826317145,1.7277700679685044,Sunday,Independence Day
GCPD,2021-09-06,Labor Day,Mon,0.9503400664569072,1.741425277074696,0.9336880300051725,Sunday,Labor Day
GCPD,2021-10-11,Columbus Day,Mon,3.8354350988608163,3.0198375886800495,3.5198339459575423,Saturday,Columbus Day
GCPD,2021-11-11,Veterans Day,Thu,1.7559733163773616,1.0603028801581953,2.0562657209682214,Saturday,Veterans Day
GCPD,2021-11-25,Thanksgiving,Thu,1.4302952979924453,1.1707651977295612,1.361444143471749,Saturday,Thanksgiving
GCPD,2021-11-26,Day after Thanksgiving,Fri,2.1095802074881433,1.7402163823684327,1.7916570865750925,Saturday,Day after Thanksgiving
GCPD,2021-12-24,Christmas Eve,Fri,1.1544808465960092,0.8209536520444591,1.090885101418882,Saturday,Christmas Eve
GCPD,2021-12-25,Christmas Day,Sat,1.2249377784211146,1.2249377784211146,0.7501613227179362,Sunday,Christmas Day
GCPD,2021-12-31,New Year's Day (observed),Fri,2.221674376925041,2.0985480996832275,1.5892977574555398,Sunday,New Year's Day
GCPD,2022-01-01,New Year's Day,Sat,1.9835457303064308,1.9835457303064308,2.2625548918506784,Saturday,New Year's Day
GCPD,2022-01-17,MLK Day,Mon,0.6574180393662845,1.267003861120426,1.556837896961012,own weekday,MLK Day
GCPD,2022-02-13,Super Bowl Sunday,Sun,5.245410253732893,3.597667621824822,5.245410253732893,Saturday,Super Bowl Sunday
GCPD,2022-02-21,Presidents' Day,Mon,5.726215029675714,5.648669035072581,5.469926796678774,Sunday,Presidents' Day
GCPD,2022-05-30,Memorial Day,Mon,1.5093926960635855,4.86565883570321,3.970974278151613,own weekday,Memorial Day
GCPD,2022-06-19,Juneteenth,Sun,2.050404432646341,3.6259402121753137,2.050404432646341,Sunday,Juneteenth
GCPD,2022-06-20,Juneteenth (observed),Mon,4.5622183569956665,7.900884729048466,6.342274574016966,own weekday,Juneteenth
GCPD,2022-07-04,Independence Day,Mon,1.7077646646713958,3.1057937330332615,2.1722945033360466,own weekday,Independence Day
GCPD,2022-09-05,Labor Day,Mon,3.404636833073401,1.189803755421377,1.837228664268677,Saturday,Labor Day
GCPD,2022-10-10,Columbus Day,Mon,2.466063970836564,1.4363349700156844,1.6357462922150203,Saturday,Columbus Day
GCPD,2022-11-11,Veterans Day,Fri,3.764776768250469,4.828262281481622,5.228493531869715,own weekday,Veterans Day
GCPD,2022-11-24,Thanksgiving,Thu,2.8005935529162,2.044850588818012,2.8688564659522924,Saturday,Thanksgiving
GCPD,2022-11-25,Day after Thanksgiving,Fri,1.0907377037035653,1.5439891598315507,1.3120622707977232,own weekday,Day after Thanksgiving
GCPD,2022-12-24,Christmas Eve,Sat,1.881534558669073,1.881534558669073,1.777689035027313,Sunday,Christmas Eve
GCPD,2022-12-25,Christmas Day,Sun,2.298961602708445,2.232361651742243,2.298961602708445,Saturday,Christmas Day
GCPD,2022-12-26,Christmas Day (observed),Mon,1.5303410488372873,1.6852163640990168,1.9784524013098659,own weekday,Christmas Day
GCPD,2022-12-31,New Year's Eve,Sat,1.8450502589126612,1.8450502589126612,1.940422399055288,Saturday,New Year's Eve
GCPD,2023-01-01,New Year's Day,Sun,1.0619000127582425,1.199174073330895,1.0619000127582425,Sunday,New Year's Day
GCPD,2023-01-02,New Year's Day (observed),Mon,1.4578321477250955,2.108832362043149,2.4478994440681228,own weekday,New Year's Day
GCPD,2023-01-16,MLK Day,Mon,1.137782981285676,1.9414147638467434,1.3577240226907865,own weekday,MLK Day
GCPD,2023-02-12,Super Bowl Sunday,Sun,4.923486016233498,3.4390113993365645,4.923486016233498,Saturday,Super Bowl Sunday
GCPD,2023-02-20,Presidents' Day,Mon,0.8675827031641449,1.2145827329042234,1.2265737446069138,own weekday,Presidents' Day
GCPD,2023-05-29,Memorial Day,Mon,3.7478043809381614,5.390391411320283,4.222598429162152,own weekday,Memorial Day
GCPD,2023-06-19,Juneteenth,Mon,0.7476385023499177,1.523277071759977,1.4905874218532276,own weekday,Juneteenth
GCPD,2023-07-04,Independence Day,Tue,2.453963638021493,1.9926902926883365,1.918783491222965,Sunday,Independence Day
GCPD,2023-09-04,Labor Day,Mon,1.175479578638166,0.9349045385751533,0.8373525504357019,Sunday,Labor Day
GCPD,2023-10-09,Columbus Day,Mon,1.2755566164248346,1.7786188799228135,1.5011093365687103,own weekday,Columbus Day
GCPD,2023-11-10,Veterans Day (observed),Fri,1.214022014678667,1.575903729748733,2.366932454361685,own weekday,Veterans Day
GCPD,2023-11-11,Veterans Day,Sat,1.9672789315864772,1.9672789315864772,2.7382204799109173,Saturday,Veterans Day
GCPD,2023-11-23,Thanksgiving,Thu,2.5581766730447777,2.2364123660564608,2.2708166019454508,Saturday,Thanksgiving
GCPD,2023-11-24,Day after Thanksgiving,Fri,3.7055571191878736,3.679405621435273,3.1147572547533664,Sunday,Day after Thanksgiving
GCPD,2023-12-24,Christmas Eve,Sun,1.702052358210319,1.057389689692284,1.702052358210319,Saturday,Christmas Eve
GCPD,2023-12-25,Christmas Day,Mon,1.6599511282384838,0.7978709526743304,1.7860092635957319,Saturday,Christmas Day
GCPD,2023-12-31,New Year's Eve,Sun,1.4744784063036287,1.4955304152304478,1.4744784063036287,Sunday,New Year's Eve
GCPD,2024-01-01,New Year's Day,Mon,1.2048047780629263,1.3656078264702871,0.8351953690432984,Sunday,New Year's Day
GCPD,2024-01-15,MLK Day,Mon,2.7152583747358374,1.6414709962825895,2.0590478640376353,Saturday,MLK Day
GCPD,2024-02-11,Super Bowl Sunday,Sun,1.4236788469371349,1.3355545162234526,1.4236788469371349,Saturday,Super Bowl Sunday
GCPD,2024-02-19,Presidents' Day,Mon,0.7952278816802971,1.306273674328862,1.839075848431715,own weekday,Presidents' Day
GCPD,2024-05-27,Memorial Day,Mon,3.088710340394918,5.597260163539486,3.715815381193064,own weekday,Memorial Day
GCPD,2024-06-19,Juneteenth,Wed,3.5649758575379304,4.141668102900445,3.1301951469636267,Sunday,Juneteenth
GCPD,2024-07-04,Independence Day,Thu,2.4201303402579146,3.1872143880741675,3.1841910948802212,own weekday,Independence Day
GCPD,2024-09-02,Labor Day,Mon,2.2212756150600894,1.761189055265961,1.6621744682057804,Sunday,Labor Day
GCPD,2024-10-14,Columbus Day,Mon,3.4355341969485593,1.9075326615449826,1.8349308237797533,Sunday,Columbus Day
GCPD,2024-11-11,Veterans Day,Mon,2.1367319762828116,1.5965183333107005,1.4692324576885072,Sunday,Veterans Day
GCPD,2024-11-28,Thanksgiving,Thu,1.333376976828713,1.6015714821770741,1.3088836755525621,Sunday,Thanksgiving
GCPD,2024-11-29,Day after Thanksgiving,Fri,1.488020599688905,1.2037540813026932,0.48704332778826626,Sunday,Day after Thanksgiving
GCPD,2024-12-24,Christmas Eve,Tue,1.914294895800813,1.533572200982594,1.6671595732077982,Saturday,Christmas Eve
GCPD,2024-12-25,Christmas Day,Wed,0.9911681308907062,1.1761061050967387,1.7036897908269504,own weekday,Christmas Day
GCPD,2024-12-31,New Year's Eve,Tue,1.5779901905760858,1.6665872491885214,2.252398723336215,own weekday,New Year's Eve
GCPD,2025-01-01,New Year's Day,Wed,0.9452246442772255,0.8971762895638888,0.9459000940579795,Saturday,New Year's Day
GCPD,2025-01-20,MLK Day,Mon,2.7038481542146937,2.3504782390622427,2.0636873409795298,Sunday,MLK Day
GCPD,2025-02-09,Super Bowl Sunday,Sun,1.5676200738861608,1.1286320130177216,1.5676200738861608,Saturday,Super Bowl Sunday
GCPD,2025-02-17,Presidents' Day,Mon,0.9823572248325702,1.1491509223351628,1.0028267592632765,own weekday,Presidents' Day
GCPD,2025-05-26,Memorial Day,Mon,2.59100794692155,4.134851327257634,3.5081752798889663,own weekday,Memorial Day
GCPD,2025-06-19,Juneteenth,Thu,0.9559470751387836,2.12609936704961,1.6407822489016863,own weekday,Juneteenth
GCPD,2025-07-04,Independence Day,Fri,1.3151982773458033,0.4782099509766887,2.141263185545482,Saturday,Independence Day
GCPD,2025-09-01,Labor Day,Mon,1.136707707182403,1.4337998575972508,1.065568335674284,Sunday,Labor Day
GCPD,2025-10-13,Columbus Day,Mon,4.011153387916889,3.146105659690263,2.7310184449159567,Sunday,Columbus Day
GCPD,2025-11-11,Veterans Day,Tue,1.0933198888913471,1.244052242542147,1.4443993367141201,own weekday,Veterans Day
GCPD,2025-11-27,Thanksgiving,Thu,1.373336833088091,0.7510233920838273,1.677810488833156,Saturday,Thanksgiving
GCPD,2025-11-28,Day after Thanksgiving,Fri,2.547760700006729,2.6461357612251897,1.9779739556312526,Sunday,Day after Thanksgiving
GCPD,2025-12-24,Christmas Eve,Wed,1.3260227451020417,1.544548602618002,1.0524140665914277,Sunday,Christmas Eve
GCPD,2025-12-25,Christmas Day,Thu,2.1477555809012046,1.1080709171646197,0.8757099780611294,Sunday,Christmas Day
GCPD,2025-12-31,New Year's Eve,Wed,2.4106411841059074,1.0953002801741485,1.822593775380645,Saturday,New Year's Eve
GCPD,2026-01-01,New Year's Day,Thu,1.8938868777365176,1.6526647179435905,1.7933269114368493,Saturday,New Year's Day
GCPD,2026-01-19,MLK Day,Mon,2.0720674443179536,2.5212075671279104,1.8305183297477354,Sunday,MLK Day
GCPD,2026-02-08,Super Bowl Sunday,Sun,0.6746972961687258,0.72971739418022,0.6746972961687258,Sunday,Super Bowl Sunday
GCPD,2026-02-16,Presidents' Day,Mon,3.5328910793303017,2.545024176894276,2.602584774640275,Saturday,Presidents' Day
GCPD,2026-05-25,Memorial Day,Mon,2.0510340451849345,4.453696597203451,3.5678993053099064,own weekday,Memorial Day
GCPD,2026-06-19,Juneteenth,Fri,3.50354765270964,3.942039849498355,3.107963824592769,Sunday,Juneteenth
IPCO,2015-09-07,Labor Day,Mon,3.515681925231954,3.301769027449528,3.9023161699570963,Saturday,Labor Day
IPCO,2015-10-12,Columbus Day,Mon,3.7770852392775085,5.426789684857543,5.070137678057315,own weekday,Columbus Day
IPCO,2015-11-11,Veterans Day,Wed,5.114084288602534,5.160291849613625,6.518437092299889,own weekday,Veterans Day
IPCO,2015-11-26,Thanksgiving,Thu,6.632040139245267,4.456134085778892,7.047630292823771,Saturday,Thanksgiving
IPCO,2015-11-27,Day after Thanksgiving,Fri,4.978172701775594,3.8397881720160285,5.566400108695314,Saturday,Day after Thanksgiving
IPCO,2015-12-24,Christmas Eve,Thu,3.108536058725124,2.7769964750416842,3.0245916333939404,Saturday,Christmas Eve
IPCO,2015-12-25,Christmas Day,Fri,2.706574203240424,1.7126145324221937,2.0524675446214906,Saturday,Christmas Day
IPCO,2015-12-31,New Year's Eve,Thu,3.3720804895423258,1.5243869010028095,2.669295935930244,Saturday,New Year's Eve
IPCO,2016-01-01,New Year's Day,Fri,4.23571089985371,2.531061088567123,3.7976022866582295,Saturday,New Year's Day
IPCO,2016-01-18,MLK Day,Mon,2.004919685120788,2.8800377384790794,2.4982497408746904,own weekday,MLK Day
IPCO,2016-02-07,Super Bowl Sunday,Sun,4.6367674656842235,3.4869626546172894,4.6367674656842235,Saturday,Super Bowl Sunday
IPCO,2016-02-15,Presidents' Day,Mon,2.147029311014141,2.9043378304656047,2.477299087225779,own weekday,Presidents' Day
IPCO,2016-05-30,Memorial Day,Mon,5.5793515582153805,7.0538890068952655,6.203170389050058,own weekday,Memorial Day
IPCO,2016-07-04,Independence Day,Mon,3.886093977216721,3.3670667181280756,3.612957328249667,Saturday,Independence Day
IPCO,2016-09-05,Labor Day,Mon,6.4941871803270725,4.431097148383892,5.517404609977328,Saturday,Labor Day
IPCO,2016-10-10,Columbus Day,Mon,4.79636386327813,4.4340740122269375,5.1616566600550025,Saturday,Columbus Day
IPCO,2016-11-11,Veterans Day,Fri,3.6204181010903675,4.213796539311035,5.61243378088925,own weekday,Veterans Day
IPCO,2016-11-24,Thanksgiving,Thu,5.102484750471953,4.700063564146601,6.98027412767443,Saturday,Thanksgiving
IPCO,2016-11-25,Day after Thanksgiving,Fri,2.5627934354614927,1.7111240841292459,3.4288322236197413,Saturday,Day after Thanksgiving
IPCO,2016-12-24,Christmas Eve,Sat,2.0023300349231805,2.0023300349231805,2.284669734148986,Saturday,Christmas Eve
IPCO,2016-12-25,Christmas Day,Sun,4.844718900688916,3.7113005412713362,4.844718900688916,Saturday,Christmas Day
IPCO,2016-12-26,Christmas Day (observed),Mon,5.120769388679853,3.7262865094292503,3.5935662402525255,Sunday,Christmas Day
IPCO,2016-12-31,New Year's Eve,Sat,2.1707880002189697,2.1707880002189697,3.603154428075079,Saturday,New Year's Eve
IPCO,2017-01-01,New Year's Day,Sun,3.8640637978615735,2.7558087680021193,3.8640637978615735,Saturday,New Year's Day
IPCO,2017-01-02,New Year's Day (observed),Mon,2.785757243934781,1.2450216006874453,1.6581449284363534,Saturday,New Year's Day
IPCO,2017-01-16,MLK Day,Mon,4.027456492119126,2.616052501354053,3.2551412936347854,Saturday,MLK Day
IPCO,2017-02-05,Super Bowl Sunday,Sun,3.757451995326843,2.348511618130566,3.757451995326843,Saturday,Super Bowl Sunday
IPCO,2017-02-20,Presidents' Day,Mon,1.9554424713840317,3.4731888620660047,4.975881001112719,own weekday,Presidents' Day
IPCO,2017-05-29,Memorial Day,Mon,12.052261488451114,13.641448018306198,14.595444810475348,own weekday,Memorial Day
IPCO,2017-07-04,Independence Day,Tue,4.963064968924913,6.749202473225983,5.959997128921461,own weekday,Independence Day
IPCO,2017-09-04,Labor Day,Mon,4.552459145736068,4.662117756313896,4.317226651592856,Sunday,Labor Day
IPCO,2017-10-09,Columbus Day,Mon,9.16790838220757,8.213817640185113,9.207336163315736,Saturday,Columbus Day
IPCO,2017-11-10,Veterans Day (observed),Fri,2.420102094813781,5.243920894727717,5.950110417081475,own weekday,Veterans Day
IPCO,2017-11-11,Veterans Day,Sat,2.235255151796257,2.235255151796257,3.164680628588623,Saturday,Veterans Day
IPCO,2017-11-23,Thanksgiving,Thu,6.066274277269437,7.074843464074862,6.383316605471332,own weekday,Thanksgiving
IPCO,2017-11-24,Day after Thanksgiving,Fri,5.217585542634386,6.132216089439151,4.837547592125082,Sunday,Day after Thanksgiving
IPCO,2017-12-24,Christmas Eve,Sun,3.9381165485426606,3.509000954038618,3.9381165485426606,Saturday,Christmas Eve
IPCO,2017-12-25,Christmas Day,Mon,4.127833450660785,2.4282754910911666,2.987007138977375,Saturday,Christmas Day
IPCO,2017-12-31,New Year's Eve,Sun,4.331441417607313,3.6008954261596218,4.331441417607313,Saturday,New Year's Eve
IPCO,2018-01-01,New Year's Day,Mon,5.713019725049156,3.983930826166151,4.346298698648493,Saturday,New Year's Day
IPCO,2018-01-15,MLK Day,Mon,2.1915312866075882,2.9795474114868794,2.6053511622858396,own weekday,MLK Day
IPCO,2018-02-04,Super Bowl Sunday,Sun,3.610166868171373,2.5217503909728896,3.610166868171373,Saturday,Super Bowl Sunday
IPCO,2018-02-19,Presidents' Day,Mon,4.591862534045595,3.696354559461707,3.7334100396339047,Saturday,Presidents' Day
IPCO,2018-05-28,Memorial Day,Mon,5.5493524930227744,7.073110841183926,6.871682673073644,own weekday,Memorial Day
IPCO,2018-07-04,Independence Day,Wed,2.4162160918159947,5.52247352933685,6.9128066565034105,own weekday,Independence Day
IPCO,2018-09-03,Labor Day,Mon,1.802177548430636,3.097330179467454,3.143654442714387,own weekday,Labor Day
IPCO,2018-10-08,Columbus Day,Mon,6.213398626757672,7.076673378589084,7.033902670304888,own weekday,Columbus Day
IPCO,2018-11-11,Veterans Day,Sun,4.778910754672029,3.4608222615334743,4.778910754672029,Saturday,Veterans Day
IPCO,2018-11-12,Veterans Day (observed),Mon,4.7753898513289395,3.3689889662948005,4.683466472943905,Saturday,Veterans Day
IPCO,2018-11-22,Thanksgiving,Thu,5.529239294497682,4.661736402071098,6.180176774070171,Saturday,Thanksgiving
IPCO,2018-11-23,Day after Thanksgiving,Fri,3.7814271316952635,2.9083500176141337,3.0381773848428564,Saturday,Day after Thanksgiving
IPCO,2018-12-24,Christmas Eve,Mon,3.598067860125667,2.249193614465957,2.7979276276236713,Saturday,Christmas Eve
IPCO,2018-12-25,Christmas Day,Tue,3.385014987240949,2.181751693474758,2.007069818857279,Sunday,Christmas Day
IPCO,2018-12-31,New Year's Eve,Mon,2.1311535046668317,2.113257913513551,2.6317650317866375,Saturday,New Year's Eve
IPCO,2019-01-01,New Year's Day,Tue,2.5570638218124415,2.2492407640114394,2.117754842491728,Sunday,New Year's Day
IPCO,2019-01-21,MLK Day,Mon,2.9145912355770642,3.338899109584434,2.9840784483618115,own weekday,MLK Day
IPCO,2019-02-03,Super Bowl Sunday,Sun,1.9870133623469102,1.9841111846852475,1.9870133623469102,Saturday,Super Bowl Sunday
IPCO,2019-02-18,Presidents' Day,Mon,2.213681463533814,1.2876834439666816,1.9977017424052335,Saturday,Presidents' Day
IPCO,2019-05-27,Memorial Day,Mon,5.026328910300937,4.846253032847234,3.767902655747999,Sunday,Memorial Day
IPCO,2019-07-04,Independence Day,Thu,4.13592299362667,2.7571423517975275,2.006778444344243,Sunday,Independence Day
IPCO,2019-09-02,Labor Day,Mon,3.1150181354517867,3.8655663292452793,3.5700467963546223,own weekday,Labor Day
IPCO,2019-10-14,Columbus Day,Mon,7.533212621851175,7.760715341723477,6.6702901345337,Sunday,Columbus Day
IPCO,2019-11-11,Veterans Day,Mon,3.2509894023961117,4.290271420213907,3.6814015582340645,own weekday,Veterans Day
IPCO,2019-11-28,Thanksgiving,Thu,3.93683075039258,2.2848720506305886,2.956827276039781,Saturday,Thanksgiving
IPCO,2019-11-29,Day after Thanksgiving,Fri,6.23336732927949,4.590208167638755,3.705495387396412,Sunday,Day after Thanksgiving
IPCO,2019-12-24,Christmas Eve,Tue,3.162733914350318,2.496550644859152,3.201638075205287,Saturday,Christmas Eve
IPCO,2019-12-25,Christmas Day,Wed,2.6410815266856753,1.247802317410064,1.2147486284267344,Sunday,Christmas Day
IPCO,2019-12-31,New Year's Eve,Tue,3.2832484564228546,3.0451778376338194,3.0499651694363363,Saturday,New Year's Eve
IPCO,2020-01-01,New Year's Day,Wed,3.9736343109929884,2.523713659813057,1.7056163575076073,Sunday,New Year's Day
IPCO,2020-01-20,MLK Day,Mon,2.4342788015913674,3.4122866916866736,3.774569934777436,own weekday,MLK Day
IPCO,2020-02-02,Super Bowl Sunday,Sun,4.796999041750061,6.165110547416178,4.796999041750061,Sunday,Super Bowl Sunday
IPCO,2020-02-17,Presidents' Day,Mon,1.9046791291022627,2.1870819284450964,2.90224767115784,own weekday,Presidents' Day
IPCO,2020-05-25,Memorial Day,Mon,8.506052619124572,9.26170378790613,9.206178796713365,own weekday,Memorial Day
IPCO,2020-07-03,Independence Day (observed),Fri,4.6018945873351775,10.985940382955967,10.908284743308226,own weekday,Independence Day
IPCO,2020-07-04,Independence Day,Sat,7.0284242599674664,7.0284242599674664,6.931978552152997,Sunday,Independence Day
IPCO,2020-09-07,Labor Day,Mon,8.077908704420173,8.270667429347673,9.386889279266097,own weekday,Labor Day
IPCO,2020-10-12,Columbus Day,Mon,6.468435128485912,4.993308239222805,6.585612808841339,Saturday,Columbus Day
IPCO,2020-11-11,Veterans Day,Wed,3.520597485329059,2.989049512079992,3.173484609146281,Saturday,Veterans Day
IPCO,2020-11-26,Thanksgiving,Thu,4.764352456796298,4.843389579695918,5.537820129836732,own weekday,Thanksgiving
IPCO,2020-11-27,Day after Thanksgiving,Fri,5.003890430411562,4.599923409406977,5.168512045677367,Saturday,Day after Thanksgiving
IPCO,2020-12-24,Christmas Eve,Thu,3.383709274300418,2.885663835688378,4.465278907413536,Saturday,Christmas Eve
IPCO,2020-12-25,Christmas Day,Fri,3.2829189063637654,3.656922343490204,3.7013765911007077,own weekday,Christmas Day
IPCO,2020-12-31,New Year's Eve,Thu,3.11314303444814,3.6743955907642976,2.7520962377635034,Sunday,New Year's Eve
IPCO,2021-01-01,New Year's Day,Fri,2.8302790877940005,2.132750229913298,1.4371818688796043,Sunday,New Year's Day
IPCO,2021-01-18,MLK Day,Mon,1.1327645031161646,1.8494181361790454,2.6504666484115633,own weekday,MLK Day
IPCO,2021-02-07,Super Bowl Sunday,Sun,2.32182196711641,1.500841288818312,2.32182196711641,Saturday,Super Bowl Sunday
IPCO,2021-02-15,Presidents' Day,Mon,1.4544397070556319,2.2794579090197624,2.6622872717034793,own weekday,Presidents' Day
IPCO,2021-05-31,Memorial Day,Mon,9.936001139919696,13.004600582408335,12.365091102297798,own weekday,Memorial Day
IPCO,2021-06-18,Juneteenth (observed),Fri,7.557959364793219,8.490242832078765,7.95076937494132,own weekday,Juneteenth
IPCO,2021-06-19,Juneteenth,Sat,8.255974074125955,8.255974074125955,7.7197951308244,Sunday,Juneteenth
IPCO,2021-07-04,Independence Day,Sun,3.8707121833296014,3.0461899209366905,3.8707121833296014,Saturday,Independence Day
IPCO,2021-07-05,Independence Day (observed),Mon,3.5179946719021595,5.974931435777197,6.118953875815176,own weekday,Independence Day
IPCO,2021-09-06,Labor Day,Mon,2.797327452811329,3.504621225351342,2.457484254411101,Sunday,Labor Day
IPCO,2021-10-11,Columbus Day,Mon,5.816589648388993,6.095498881284155,8.078386281966958,own weekday,Columbus Day
IPCO,2021-11-11,Veterans Day,Thu,2.060659170775722,3.2237044137367934,3.6818609199839245,own weekday,Veterans Day
IPCO,2021-11-25,Thanksgiving,Thu,6.322315484446713,6.92266474024131,7.452808911747373,own weekday,Thanksgiving
IPCO,2021-11-26,Day after Thanksgiving,Fri,2.546979547975396,2.2530934492675656,2.815043754003514,Saturday,Day after Thanksgiving
IPCO,2021-12-24,Christmas Eve,Fri,2.7134523030527005,1.9966386241575633,2.1874173292958545,Saturday,Christmas Eve
IPCO,2021-12-25,Christmas Day,Sat,1.4839050131237577,1.4839050131237577,1.811082872101529,Saturday,Christmas Day
IPCO,2021-12-31,New Year's Day (observed),Fri,4.318713022609652,2.556850679322432,1.4784250717627463,Sunday,New Year's Day
IPCO,2022-01-01,New Year's Day,Sat,3.100069589795342,3.100069589795342,3.5639315674555925,Saturday,New Year's Day
IPCO,2022-01-17,MLK Day,Mon,1.527596208634867,2.2090526050693784,3.103007834011684,own weekday,MLK Day
IPCO,2022-02-13,Super Bowl Sunday,Sun,4.882322466804829,2.591231615604936,4.882322466804829,Saturday,Super Bowl Sunday
IPCO,2022-02-21,Presidents' Day,Mon,2.238669979219323,3.639384592033719,2.1081090584164226,Sunday,Presidents' Day
IPCO,2022-05-30,Memorial Day,Mon,3.303366311686693,1.8620791527537144,2.7601781199921827,Saturday,Memorial Day
IPCO,2022-06-19,Juneteenth,Sun,2.0997120765227013,2.266958678144604,2.0997120765227013,Sunday,Juneteenth
IPCO,2022-06-20,Juneteenth (observed),Mon,3.8793593578631005,4.691723298648486,5.7291393393134165,own weekday,Juneteenth
IPCO,2022-07-04,Independence Day,Mon,4.7936510829582595,3.305862651459867,4.744411923608222,Saturday,Independence Day
IPCO,2022-09-05,Labor Day,Mon,2.35530635126126,3.0762195140183026,2.2844555508920155,Sunday,Labor Day
IPCO,2022-10-10,Columbus Day,Mon,4.766182471941372,4.046949520733945,5.5131621879199,Saturday,Columbus Day
IPCO,2022-11-11,Veterans Day,Fri,5.440594684789468,5.9769719844376095,7.046391488293427,own weekday,Veterans Day
IPCO,2022-11-24,Thanksgiving,Thu,6.9922396149040225,8.134251991428492,7.4350341364485635,own weekday,Thanksgiving
IPCO,2022-11-25,Day after Thanksgiving,Fri,5.558194935092204,5.905804549248159,4.706361731178873,Sunday,Day after Thanksgiving
IPCO,2022-12-24,Christmas Eve,Sat,3.0984560301288853,3.0984560301288853,3.5068401507060343,Saturday,Christmas Eve
IPCO,2022-12-25,Christmas Day,Sun,1.73684637030045,1.7179031810771648,1.73684637030045,Saturday,Christmas Day
IPCO,2022-12-26,Christmas Day (observed),Mon,2.5816394232125006,2.094368264264042,2.3936983248829886,Saturday,Christmas Day
IPCO,2022-12-31,New Year's Eve,Sat,2.6048127893407367,2.6048127893407367,3.185405973535718,Saturday,New Year's Eve
IPCO,2023-01-01,New Year's Day,Sun,1.514439575233443,1.8326919574918596,1.514439575233443,Sunday,New Year's Day
IPCO,2023-01-02,New Year's Day (observed),Mon,1.960331975769309,1.2883345462467686,1.1907528065178168,Sunday,New Year's Day
IPCO,2023-01-16,MLK Day,Mon,1.3597968770960334,2.1084817693910503,2.367518758749097,own weekday,MLK Day
IPCO,2023-02-12,Super Bowl Sunday,Sun,5.267382813795217,3.3810560514386605,5.267382813795217,Saturday,Super Bowl Sunday
IPCO,2023-02-20,Presidents' Day,Mon,1.925482643231571,2.209995247810849,3.7131796626853246,own weekday,Presidents' Day
IPCO,2023-05-29,Memorial Day,Mon,11.44950176810362,12.419398983997816,12.959388858230481,own weekday,Memorial Day
IPCO,2023-06-19,Juneteenth,Mon,3.1682020428002207,4.335981244025539,5.795673434630114,own weekday,Juneteenth
IPCO,2023-07-04,Independence Day,Tue,3.8088662893817395,2.0547306788030175,0.9375780432817008,Sunday,Independence Day
IPCO,2023-09-04,Labor Day,Mon,3.604462242688583,3.4715496481158326,4.658471116539234,Saturday,Labor Day
IPCO,2023-10-09,Columbus Day,Mon,2.729155140824646,4.900350424443126,4.462455563947844,own weekday,Columbus Day
IPCO,2023-11-10,Veterans Day (observed),Fri,3.823014618660916,4.390566950024991,6.55219759149575,own weekday,Veterans Day
IPCO,2023-11-11,Veterans Day,Sat,3.9237914812480965,3.9237914812480965,5.634522471707163,Saturday,Veterans Day
IPCO,2023-11-23,Thanksgiving,Thu,3.4412110212455307,3.0423914962662395,5.0245506046315525,Saturday,Thanksgiving
IPCO,2023-11-24,Day after Thanksgiving,Fri,4.496605340450524,3.265922514975714,4.894333346714289,Saturday,Day after Thanksgiving
IPCO,2023-12-24,Christmas Eve,Sun,4.086146509200169,1.9232669742333997,4.086146509200169,Saturday,Christmas Eve
IPCO,2023-12-25,Christmas Day,Mon,4.860348768445392,3.320273773981187,6.146976102088256,Saturday,Christmas Day
IPCO,2023-12-31,New Year's Eve,Sun,5.118168995131039,1.6498147384618629,5.118168995131039,Saturday,New Year's Eve
IPCO,2024-01-01,New Year's Day,Mon,3.7547970331421903,1.2502698662009148,3.2727047788907693,Saturday,New Year's Day
IPCO,2024-01-15,MLK Day,Mon,2.8716250127525154,1.334991637555469,1.9850659385930596,Saturday,MLK Day
IPCO,2024-02-11,Super Bowl Sunday,Sun,4.8946713822832715,5.412057451280636,4.8946713822832715,Sunday,Super Bowl Sunday
IPCO,2024-02-19,Presidents' Day,Mon,2.9821137547616243,3.3671173824755,4.565552084402602,own weekday,Presidents' Day
IPCO,2024-05-27,Memorial Day,Mon,10.818705630418497,9.657554773744332,9.88636314608464,Saturday,Memorial Day
IPCO,2024-06-19,Juneteenth,Wed,5.298893263958814,3.9924895445834205,5.423489425733108,Saturday,Juneteenth
IPCO,2024-07-04,Independence Day,Thu,3.3422205611373803,2.6668074075158565,3.2637780180045017,Saturday,Independence Day
IPCO,2024-09-02,Labor Day,Mon,2.4767718022284377,4.164105875382237,3.9765408060876717,own weekday,Labor Day
IPCO,2024-10-14,Columbus Day,Mon,3.3953126603580417,4.831627714852804,5.306761383689087,own weekday,Columbus Day
IPCO,2024-11-11,Veterans Day,Mon,3.1160477916229294,3.658614374560644,4.382492493181993,own weekday,Veterans Day
IPCO,2024-11-28,Thanksgiving,Thu,6.211485983511332,5.643861745829113,7.0862236550071085,Saturday,Thanksgiving
IPCO,2024-11-29,Day after Thanksgiving,Fri,4.473291166081494,4.179913110766221,5.263161854741804,Saturday,Day after Thanksgiving
IPCO,2024-12-24,Christmas Eve,Tue,3.336152774764831,2.6306279225551634,3.1050335067363184,Saturday,Christmas Eve
IPCO,2024-12-25,Christmas Day,Wed,2.4537304017424,1.5651269164606085,1.5217049057140501,Sunday,Christmas Day
IPCO,2024-12-31,New Year's Eve,Tue,1.7635755116941858,2.9394511425079104,3.2190499064983036,own weekday,New Year's Eve
IPCO,2025-01-01,New Year's Day,Wed,3.8562509462074424,2.693260868609857,2.9064365249343522,Saturday,New Year's Day
IPCO,2025-01-20,MLK Day,Mon,2.1314777196975134,3.10041586018413,2.9663684204779885,own weekday,MLK Day
IPCO,2025-02-09,Super Bowl Sunday,Sun,2.9346881329076577,2.3386392033986647,2.9346881329076577,Saturday,Super Bowl Sunday
IPCO,2025-02-17,Presidents' Day,Mon,1.449439175122098,2.320030090179582,1.5726938152537409,own weekday,Presidents' Day
IPCO,2025-05-26,Memorial Day,Mon,9.460885978214419,9.04305808188967,10.061776845902859,Saturday,Memorial Day
IPCO,2025-06-19,Juneteenth,Thu,6.449140390708628,3.685517549189864,5.867324606924259,Saturday,Juneteenth
IPCO,2025-07-04,Independence Day,Fri,8.390887010996838,8.820005619329207,7.930178925152454,Sunday,Independence Day
IPCO,2025-09-01,Labor Day,Mon,5.226807122454583,7.619288264634365,6.210579084048205,own weekday,Labor Day
IPCO,2025-10-13,Columbus Day,Mon,5.614222990513133,8.179703546711306,7.599267490169252,own weekday,Columbus Day
IPCO,2025-11-11,Veterans Day,Tue,3.9445577410270376,5.704516881469603,6.583512788403977,own weekday,Veterans Day
IPCO,2025-11-27,Thanksgiving,Thu,4.562598522726081,2.84334549786752,4.853259762876026,Saturday,Thanksgiving
IPCO,2025-11-28,Day after Thanksgiving,Fri,3.1018801415612782,2.0758698390918857,2.8201442565845154,Saturday,Day after Thanksgiving
IPCO,2025-12-24,Christmas Eve,Wed,4.097933292480754,5.3803456775024845,3.926310099516269,Sunday,Christmas Eve
IPCO,2025-12-25,Christmas Day,Thu,3.404116288013672,3.172248086042859,1.9299061574112226,Sunday,Christmas Day
IPCO,2025-12-31,New Year's Eve,Wed,4.203524908134879,3.093089363287574,3.7285208366470846,Saturday,New Year's Eve
IPCO,2026-01-01,New Year's Day,Thu,4.04319393246765,3.7236986935844034,2.8406899225601956,Sunday,New Year's Day
IPCO,2026-01-19,MLK Day,Mon,2.6973557112957924,3.983961297847786,3.670151508440179,own weekday,MLK Day
IPCO,2026-02-08,Super Bowl Sunday,Sun,5.127965401102241,4.438228698790767,5.127965401102241,Saturday,Super Bowl Sunday
IPCO,2026-02-16,Presidents' Day,Mon,3.183179456944242,3.843446535704436,4.2089654615103465,own weekday,Presidents' Day
IPCO,2026-05-25,Memorial Day,Mon,9.302891225010661,12.06315477986693,10.562381045883324,own weekday,Memorial Day
IPCO,2026-06-19,Juneteenth,Fri,6.11926922422024,7.438626506859356,6.428719020935951,own weekday,Juneteenth
ISNE,2015-09-07,Labor Day,Mon,6.602534719246085,8.630841215237954,4.66236327070902,Sunday,Labor Day
ISNE,2015-10-12,Columbus Day,Mon,2.302856064591475,4.073750238863122,3.309434004317588,own weekday,Columbus Day
ISNE,2015-11-11,Veterans Day,Wed,2.0664828231473367,4.3657907348314495,5.586264541640446,own weekday,Veterans Day
ISNE,2015-11-26,Thanksgiving,Thu,6.642235136212927,6.2275514559780945,8.448016767946298,Saturday,Thanksgiving
ISNE,2015-11-27,Day after Thanksgiving,Fri,3.819791155537834,2.598582548143487,3.1701939079247863,Saturday,Day after Thanksgiving
ISNE,2015-12-24,Christmas Eve,Thu,3.2801009389347984,4.076193148154593,5.207592823437348,own weekday,Christmas Eve
ISNE,2015-12-25,Christmas Day,Fri,3.7869879338677053,2.2123231087248567,3.9959696041875707,Saturday,Christmas Day
ISNE,2015-12-31,New Year's Eve,Thu,3.9182587242435347,3.0673913284914565,4.103772230443143,Saturday,New Year's Eve
ISNE,2016-01-01,New Year's Day,Fri,4.908394973069381,2.6055979741649558,2.6944370895434786,Saturday,New Year's Day
ISNE,2016-01-18,MLK Day,Mon,2.194101208426535,3.0195127562629027,3.301069885770253,own weekday,MLK Day
ISNE,2016-02-07,Super Bowl Sunday,Sun,3.4048181490871263,2.80508841783935,3.4048181490871263,Saturday,Super Bowl Sunday
ISNE,2016-02-15,Presidents' Day,Mon,5.243788190230641,3.373446754655438,4.386216876400251,Saturday,Presidents' Day
ISNE,2016-05-30,Memorial Day,Mon,6.166072854638868,7.240400730144786,5.90851931957303,Sunday,Memorial Day
ISNE,2016-07-04,Independence Day,Mon,6.273900831570743,6.332878796047178,7.030119521949232,own weekday,Independence Day
ISNE,2016-09-05,Labor Day,Mon,4.538847229376488,3.8225403873161654,3.1454962755845783,Sunday,Labor Day
ISNE,2016-10-10,Columbus Day,Mon,4.37347269397988,4.346235016977926,3.740095567348546,Sunday,Columbus Day
ISNE,2016-11-11,Veterans Day,Fri,3.1962555128322307,2.4706870488178714,2.616015609250473,Saturday,Veterans Day
ISNE,2016-11-24,Thanksgiving,Thu,6.422046555387097,4.844189597800311,7.628354476008488,Saturday,Thanksgiving
ISNE,2016-11-25,Day after Thanksgiving,Fri,2.2351692833657464,2.776866442112781,3.594388022310198,own weekday,Day after Thanksgiving
ISNE,2016-12-24,Christmas Eve,Sat,3.743526943140126,3.743526943140126,4.5393937277345975,Saturday,Christmas Eve
ISNE,2016-12-25,Christmas Day,Sun,4.47961778346395,3.8332665529610876,4.47961778346395,Saturday,Christmas Day
ISNE,2016-12-26,Christmas Day (observed),Mon,3.5739383976923897,1.8856061483198616,2.3736181841166157,Saturday,Christmas Day
ISNE,2016-12-31,New Year's Eve,Sat,2.478818953725072,2.478818953725072,3.122541827932412,Saturday,New Year's Eve
ISNE,2017-01-01,New Year's Day,Sun,3.608180898389748,3.970437520736115,3.608180898389748,Sunday,New Year's Day
ISNE,2017-01-02,New Year's Day (observed),Mon,3.25116897731951,2.7438381078101037,2.7999130803585293,Saturday,New Year's Day
ISNE,2017-01-16,MLK Day,Mon,1.7856155428245706,2.5756666544564113,3.562579060296647,own weekday,MLK Day
ISNE,2017-02-05,Super Bowl Sunday,Sun,2.356041882695017,1.4960216322517073,2.356041882695017,Saturday,Super Bowl Sunday
ISNE,2017-02-20,Presidents' Day,Mon,3.295710130016586,3.725353809271998,3.2596820792469914,Sunday,Presidents' Day
ISNE,2017-05-29,Memorial Day,Mon,4.838628755233814,5.781573584131869,5.640497316095302,own weekday,Memorial Day
ISNE,2017-07-04,Independence Day,Tue,5.948185790807654,4.228177118620337,1.6438797737196957,Sunday,Independence Day
ISNE,2017-09-04,Labor Day,Mon,5.975040187900914,5.058437051533414,3.146641336940629,Sunday,Labor Day
ISNE,2017-10-09,Columbus Day,Mon,2.4235574395243114,5.1058567042898,5.222470352296543,own weekday,Columbus Day
ISNE,2017-11-10,Veterans Day (observed),Fri,4.869439724783001,3.3380407212689422,3.1010455759076674,Sunday,Veterans Day
ISNE,2017-11-11,Veterans Day,Sat,3.3224423330510957,3.3224423330510957,5.678235754212292,Saturday,Veterans Day
ISNE,2017-11-23,Thanksgiving,Thu,6.068054998001507,5.387802163218963,7.6432178155533315,Saturday,Thanksgiving
ISNE,2017-11-24,Day after Thanksgiving,Fri,3.762920895263587,3.0708848420529278,4.2496024782959605,Saturday,Day after Thanksgiving
ISNE,2017-12-24,Christmas Eve,Sun,3.894643691866453,2.3570706754217103,3.894643691866453,Saturday,Christmas Eve
ISNE,2017-12-25,Christmas Day,Mon,4.636905822104049,2.398638909472477,3.146517604251855,Saturday,Christmas Day
ISNE,2017-12-31,New Year's Eve,Sun,2.9519682337339153,2.129500697391969,2.9519682337339153,Saturday,New Year's Eve
ISNE,2018-01-01,New Year's Day,Mon,4.420054398380522,2.3935647585077326,1.8740255047200494,Sunday,New Year's Day
ISNE,2018-01-15,MLK Day,Mon,3.4258369763915892,3.042838019937383,4.380524587452755,Saturday,MLK Day
ISNE,2018-02-04,Super Bowl Sunday,Sun,3.3553299695248264,2.6396110773701604,3.3553299695248264,Saturday,Super Bowl Sunday
ISNE,2018-02-19,Presidents' Day,Mon,4.431759228058227,3.180501962043061,2.7041752893709496,Sunday,Presidents' Day
ISNE,2018-05-28,Memorial Day,Mon,3.848105380192575,3.1045162235072223,1.0761742853870775,Sunday,Memorial Day
ISNE,2018-07-04,Independence Day,Wed,4.726649497335736,2.8174216990240937,4.363399054018869,Saturday,Independence Day
ISNE,2018-09-03,Labor Day,Mon,7.122224111727925,12.549974589283833,7.5415364538835,own weekday,Labor Day
ISNE,2018-10-08,Columbus Day,Mon,1.9904219727140644,4.294320360913129,5.358335907973031,own weekday,Columbus Day
ISNE,2018-11-11,Veterans Day,Sun,3.8276503034449143,5.052761766789271,3.8276503034449143,Sunday,Veterans Day
ISNE,2018-11-12,Veterans Day (observed),Mon,5.255059351394934,3.9481644972900667,4.389917283796826,Saturday,Veterans Day
ISNE,2018-11-22,Thanksgiving,Thu,4.490695698680904,2.2333652879896135,4.871187330662993,Saturday,Thanksgiving
ISNE,2018-11-23,Day after Thanksgiving,Fri,4.751483307939797,3.563064063090504,4.806652838740294,Saturday,Day after Thanksgiving
ISNE,2018-12-24,Christmas Eve,Mon,3.963455925107198,3.17675363453809,4.246417140444005,Saturday,Christmas Eve
ISNE,2018-12-25,Christmas Day,Tue,5.686585851152947,3.574035009141743,5.8513326757740876,Saturday,Christmas Day
ISNE,2018-12-31,New Year's Eve,Mon,3.322095279707129,2.8614522682734207,3.4137393358521293,Saturday,New Year's Eve
ISNE,2019-01-01,New Year's Day,Tue,6.131484436231665,3.0693893096895617,4.109923207864991,Saturday,New Year's Day
ISNE,2019-01-21,MLK Day,Mon,3.3313435353657606,4.161887608110923,4.014706587373854,own weekday,MLK Day
ISNE,2019-02-03,Super Bowl Sunday,Sun,4.308773020452794,2.10959795815243,4.308773020452794,Saturday,Super Bowl Sunday
ISNE,2019-02-18,Presidents' Day,Mon,3.8501627088350623,4.719812301274388,5.5086614030965935,own weekday,Presidents' Day
ISNE,2019-05-27,Memorial Day,Mon,5.8187190174235885,5.828454549819765,3.180099407343652,Sunday,Memorial Day
ISNE,2019-07-04,Independence Day,Thu,5.184040463495413,5.835991013095995,4.4898259149639905,Sunday,Independence Day
ISNE,2019-09-02,Labor Day,Mon,1.7500492785611217,2.8925182883219214,2.4241144862032136,own weekday,Labor Day
ISNE,2019-10-14,Columbus Day,Mon,1.8456264101496205,4.897295659107934,4.750433664405074,own weekday,Columbus Day
ISNE,2019-11-11,Veterans Day,Mon,2.674226717833574,5.389666151872252,4.93820121126223,own weekday,Veterans Day
ISNE,2019-11-28,Thanksgiving,Thu,5.177896551789731,6.533852039356967,5.532959554393694,own weekday,Thanksgiving
ISNE,2019-11-29,Day after Thanksgiving,Fri,5.063473294659555,2.368484100846866,2.5887030983864174,Saturday,Day after Thanksgiving
ISNE,2019-12-24,Christmas Eve,Tue,5.606016094922666,2.696386764401111,3.9460907785722013,Saturday,Christmas Eve
ISNE,2019-12-25,Christmas Day,Wed,4.609457517692023,1.7022555725991706,3.4825388083013484,Saturday,Christmas Day
ISNE,2019-12-31,New Year's Eve,Tue,2.0803436982627566,6.015042078010225,4.209635449209652,own weekday,New Year's Eve
ISNE,2020-01-01,New Year's Day,Wed,4.996452671473028,4.08211821009305,2.3437436079491185,Sunday,New Year's Day
ISNE,2020-01-20,MLK Day,Mon,3.2680868487573838,2.079925731587329,2.8651693143527983,Saturday,MLK Day
ISNE,2020-02-02,Super Bowl Sunday,Sun,1.6800199968934695,3.126630209812823,1.6800199968934695,Sunday,Super Bowl Sunday
ISNE,2020-02-17,Presidents' Day,Mon,5.385650813057599,3.7876441185503236,2.911013910016565,Sunday,Presidents' Day
ISNE,2020-05-25,Memorial Day,Mon,3.796630786878194,4.866995941645415,5.12525772392568,own weekday,Memorial Day
ISNE,2020-07-03,Independence Day (observed),Fri,5.97473257425976,5.885829252061526,6.767001604819635,Saturday,Independence Day
ISNE,2020-07-04,Independence Day,Sat,3.346213659137393,3.346213659137393,3.863091998570873,Saturday,Independence Day
ISNE,2020-09-07,Labor Day,Mon,4.441126628255397,3.260343925267494,3.2435043240907078,Sunday,Labor Day
ISNE,2020-10-12,Columbus Day,Mon,2.327918322440847,5.614498793870137,6.171986521860002,own weekday,Columbus Day
ISNE,2020-11-11,Veterans Day,Wed,3.0535682482904365,6.563714542689388,7.550547684149979,own weekday,Veterans Day
ISNE,2020-11-26,Thanksgiving,Thu,7.189364210233666,8.69889448098507,9.316015546731442,own weekday,Thanksgiving
ISNE,2020-11-27,Day after Thanksgiving,Fri,2.8783685760925977,5.093464842459197,5.358810246240347,own weekday,Day after Thanksgiving
ISNE,2020-12-24,Christmas Eve,Thu,2.473423053506461,2.754532485264323,4.150494098978303,own weekday,Christmas Eve
ISNE,2020-12-25,Christmas Day,Fri,4.446593146632552,3.4373024343267047,4.418657920142987,Saturday,Christmas Day
ISNE,2020-12-31,New Year's Eve,Thu,2.6896930369687255,2.5827036998409767,4.026270898927354,Saturday,New Year's Eve
ISNE,2021-01-01,New Year's Day,Fri,4.581764187630222,3.1518590925815078,2.961702440863284,Sunday,New Year's Day
ISNE,2021-01-18,MLK Day,Mon,3.4295183118460906,2.976261121976338,2.8312283692263813,Sunday,MLK Day
ISNE,2021-02-07,Super Bowl Sunday,Sun,5.901326571282172,5.830740706569538,5.901326571282172,Saturday,Super Bowl Sunday
ISNE,2021-02-15,Presidents' Day,Mon,3.0531900986836487,5.583878254997962,6.525314996594597,own weekday,Presidents' Day
ISNE,2021-05-31,Memorial Day,Mon,3.838235647865872,4.483789757149992,3.6066361696771834,Sunday,Memorial Day
ISNE,2021-06-18,Juneteenth (observed),Fri,6.033281493103576,5.291794439704653,2.4984431351232574,Sunday,Juneteenth
ISNE,2021-06-19,Juneteenth,Sat,8.667597075399307,8.667597075399307,5.374625659421219,Sunday,Juneteenth
ISNE,2021-07-04,Independence Day,Sun,6.185002188708801,2.5088599373767897,6.185002188708801,Saturday,Independence Day
ISNE,2021-07-05,Independence Day (observed),Mon,6.202980365680933,5.222891750787452,2.568884955482656,Sunday,Independence Day
ISNE,2021-09-06,Labor Day,Mon,3.6305394491421663,2.15568753043789,2.5701015872145043,Saturday,Labor Day
ISNE,2021-10-11,Columbus Day,Mon,3.598126899811297,3.2514989385051782,2.635799164209548,Sunday,Columbus Day
ISNE,2021-11-11,Veterans Day,Thu,3.357627503523728,4.717424329499586,4.584898932971186,own weekday,Veterans Day
ISNE,2021-11-25,Thanksgiving,Thu,7.550371354036576,6.917742961498689,8.313817240848067,Saturday,Thanksgiving
ISNE,2021-11-26,Day after Thanksgiving,Fri,4.6344693842275495,5.808817581906223,5.787475911980563,own weekday,Day after Thanksgiving
ISNE,2021-12-24,Christmas Eve,Fri,5.243299317712155,5.517252110727344,7.012282682839451,own weekday,Christmas Eve
ISNE,2021-12-25,Christmas Day,Sat,4.652518395298617,4.652518395298617,6.093691515751706,Saturday,Christmas Day
ISNE,2021-12-31,New Year's Day (observed),Fri,3.8908114100190656,3.948292271095524,4.573583314869048,own weekday,New Year's Day
ISNE,2022-01-01,New Year's Day,Sat,4.578286193433512,4.578286193433512,4.829286074830021,Saturday,New Year's Day
ISNE,2022-01-17,MLK Day,Mon,4.065938116758703,3.0476638354381094,4.030307162632228,Saturday,MLK Day
ISNE,2022-02-13,Super Bowl Sunday,Sun,6.6021176497578615,6.495775981210816,6.6021176497578615,Saturday,Super Bowl Sunday
ISNE,2022-02-21,Presidents' Day,Mon,7.344276522719458,4.688905607069494,3.925058867183943,Sunday,Presidents' Day
ISNE,2022-05-30,Memorial Day,Mon,15.415966749896468,12.991315359322305,12.122049179297399,Sunday,Memorial Day
ISNE,2022-06-19,Juneteenth,Sun,2.960023310239528,1.5179746137678216,2.960023310239528,Saturday,Juneteenth
ISNE,2022-06-20,Juneteenth (observed),Mon,4.225066655451482,4.091652546626633,3.167891136231636,Sunday,Juneteenth
ISNE,2022-07-04,Independence Day,Mon,5.060378046564629,2.848217118563842,2.0495433694108467,Sunday,Independence Day
ISNE,2022-09-05,Labor Day,Mon,4.257803213861599,5.058111852843026,8.58615086057214,own weekday,Labor Day
ISNE,2022-10-10,Columbus Day,Mon,3.036877365591886,5.3272649657910565,5.288165773875598,own weekday,Columbus Day
ISNE,2022-11-11,Veterans Day,Fri,6.670806368816841,8.381480578028711,6.222223974922557,Sunday,Veterans Day
ISNE,2022-11-24,Thanksgiving,Thu,4.479428334039534,4.400898108163931,6.075415993918567,Saturday,Thanksgiving
ISNE,2022-11-25,Day after Thanksgiving,Fri,6.081545363921126,7.013521844656647,5.710244411308805,Sunday,Day after Thanksgiving
ISNE,2022-12-24,Christmas Eve,Sat,2.576588766734155,2.576588766734155,3.142753711471792,Saturday,Christmas Eve
ISNE,2022-12-25,Christmas Day,Sun,7.5155212625747865,3.8855913040286483,7.5155212625747865,Saturday,Christmas Day
ISNE,2022-12-26,Christmas Day (observed),Mon,4.782658271224148,2.5549402466107654,6.028968311276852,Saturday,Christmas Day
ISNE,2022-12-31,New Year's Eve,Sat,5.325977129248837,5.325977129248837,5.0464302985157214,Sunday,New Year's Eve
ISNE,2023-01-01,New Year's Day,Sun,2.413746713659402,3.3139969328154057,2.413746713659402,Sunday,New Year's Day
ISNE,2023-01-02,New Year's Day (observed),Mon,3.5148632059795593,4.352734918765731,2.3717370106962457,Sunday,New Year's Day
ISNE,2023-01-16,MLK Day,Mon,4.339181171589457,3.6168187791444204,5.188379509621189,Saturday,MLK Day
ISNE,2023-02-12,Super Bowl Sunday,Sun,4.260986477307533,4.203460618215585,4.260986477307533,Saturday,Super Bowl Sunday
ISNE,2023-02-20,Presidents' Day,Mon,2.0655634260563835,3.5489395394343792,3.8792608815918914,own weekday,Presidents' Day
ISNE,2023-05-29,Memorial Day,Mon,6.399993593921663,5.61916038587208,5.144193862932623,Sunday,Memorial Day
ISNE,2023-06-19,Juneteenth,Mon,4.463733794584837,3.5530084105796176,5.891770587967571,Saturday,Juneteenth
ISNE,2023-07-04,Independence Day,Tue,5.950921217770439,3.4973431499326866,7.603124715897737,Saturday,Independence Day
ISNE,2023-09-04,Labor Day,Mon,5.065556840208515,6.746451155949461,4.805040293613282,Sunday,Labor Day
ISNE,2023-10-09,Columbus Day,Mon,6.376955669669816,5.860165408889193,3.5681557316738908,Sunday,Columbus Day
ISNE,2023-11-10,Veterans Day (observed),Fri,3.5539735642344703,3.4877819894677593,7.898804273014898,Saturday,Veterans Day
ISNE,2023-11-11,Veterans Day,Sat,7.157945382795212,7.157945382795212,3.7543617851811364,Sunday,Veterans Day
ISNE,2023-11-23,Thanksgiving,Thu,4.297024176977104,4.971442259039401,5.989585645645072,own weekday,Thanksgiving
ISNE,2023-11-24,Day after Thanksgiving,Fri,8.61306006425477,8.057428556602634,4.07868280766735,Sunday,Day after Thanksgiving
ISNE,2023-12-24,Christmas Eve,Sun,3.8717040211011278,5.600502937853751,3.8717040211011278,Sunday,Christmas Eve
ISNE,2023-12-25,Christmas Day,Mon,5.020257825815666,3.1183030691646474,4.369795755482813,Saturday,Christmas Day
ISNE,2023-12-31,New Year's Eve,Sun,2.153450894284387,2.559769383220095,2.153450894284387,Sunday,New Year's Eve
ISNE,2024-01-01,New Year's Day,Mon,4.409170772068518,2.5760317873785423,3.7127475727324937,Saturday,New Year's Day
ISNE,2024-01-15,MLK Day,Mon,4.288970497978939,3.779389788037515,6.840731712974724,Saturday,MLK Day
ISNE,2024-02-11,Super Bowl Sunday,Sun,4.692077549431749,4.330050612593603,4.692077549431749,Saturday,Super Bowl Sunday
ISNE,2024-02-19,Presidents' Day,Mon,6.79994887956608,7.255145215654416,6.944184965685876,own weekday,Presidents' Day
ISNE,2024-05-27,Memorial Day,Mon,7.94917981417544,7.489792194583335,5.245462533377304,Sunday,Memorial Day
ISNE,2024-06-19,Juneteenth,Wed,6.481867014735293,11.154747389958281,8.953717713025805,own weekday,Juneteenth
ISNE,2024-07-04,Independence Day,Thu,6.714497551873749,5.444539957140304,4.578409397547148,Sunday,Independence Day
ISNE,2024-09-02,Labor Day,Mon,7.696793948865599,4.8903662721637815,6.050846522627822,Saturday,Labor Day
ISNE,2024-10-14,Columbus Day,Mon,6.3399079538656435,8.891279978310967,9.11584275669995,own weekday,Columbus Day
ISNE,2024-11-11,Veterans Day,Mon,4.182949760700263,5.419715508906687,5.217690282697937,own weekday,Veterans Day
ISNE,2024-11-28,Thanksgiving,Thu,10.352983905059627,11.879824503687185,12.29205438767924,own weekday,Thanksgiving
ISNE,2024-11-29,Day after Thanksgiving,Fri,3.1679855806679833,2.8228260922943007,3.0357579727112687,Saturday,Day after Thanksgiving
ISNE,2024-12-24,Christmas Eve,Tue,5.858828094700748,6.823754814388751,7.556218855167929,own weekday,Christmas Eve
ISNE,2024-12-25,Christmas Day,Wed,4.4334548453663585,3.2709978662397865,4.052797925883433,Saturday,Christmas Day
ISNE,2024-12-31,New Year's Eve,Tue,1.8599255407781001,3.0113434660579173,3.0823869054335202,own weekday,New Year's Eve
ISNE,2025-01-01,New Year's Day,Wed,5.030429805147377,4.403584104050261,3.8101155089864696,Sunday,New Year's Day
ISNE,2025-01-20,MLK Day,Mon,4.702233708774917,4.701044831658597,4.771026702185256,Saturday,MLK Day
ISNE,2025-02-09,Super Bowl Sunday,Sun,4.657759753184329,4.115597366707784,4.657759753184329,Saturday,Super Bowl Sunday
ISNE,2025-02-17,Presidents' Day,Mon,2.782945570354471,2.653978288061636,1.9625252609561188,Sunday,Presidents' Day
ISNE,2025-05-26,Memorial Day,Mon,7.833836551358421,10.057853671175282,7.777833824108024,Sunday,Memorial Day
ISNE,2025-06-19,Juneteenth,Thu,7.352154609974038,11.563372002973203,9.39860812318496,own weekday,Juneteenth
ISNE,2025-07-04,Independence Day,Fri,5.968025601835725,7.0096780002887655,2.4279946829291266,Sunday,Independence Day
ISNE,2025-09-01,Labor Day,Mon,4.1134023847928605,2.9894272543030076,2.673948670113206,Sunday,Labor Day
ISNE,2025-10-13,Columbus Day,Mon,9.275555073465107,10.295124875041148,10.213351248496092,own weekday,Columbus Day
ISNE,2025-11-11,Veterans Day,Tue,4.666105184339506,7.487742720791155,6.891197807987405,own weekday,Veterans Day
ISNE,2025-11-27,Thanksgiving,Thu,4.899711579931837,4.638883713845896,4.168251507949995,Sunday,Thanksgiving
ISNE,2025-11-28,Day after Thanksgiving,Fri,6.208619765334072,5.683635621931787,3.6294084222346377,Sunday,Day after Thanksgiving
ISNE,2025-12-24,Christmas Eve,Wed,3.081411999056095,5.920885374701526,4.537642966709197,own weekday,Christmas Eve
ISNE,2025-12-25,Christmas Day,Thu,4.09188506328029,4.478123533974413,3.2641773187511514,Sunday,Christmas Day
ISNE,2025-12-31,New Year's Eve,Wed,3.299729257655036,2.6254638651110103,4.899334926305769,Saturday,New Year's Eve
ISNE,2026-01-01,New Year's Day,Thu,3.826741773345498,3.5172792521263965,2.417564159500513,Sunday,New Year's Day
ISNE,2026-01-19,MLK Day,Mon,4.206991204207635,4.007843108758797,2.7095356397181996,Sunday,MLK Day
ISNE,2026-02-08,Super Bowl Sunday,Sun,2.7695148672892045,1.3304401986200534,2.7695148672892045,Saturday,Super Bowl Sunday
ISNE,2026-02-16,Presidents' Day,Mon,3.7702145609264277,3.5538211488154308,4.4135139362413565,Saturday,Presidents' Day
ISNE,2026-05-25,Memorial Day,Mon,5.585809369987174,5.088187541505067,4.59997741276512,Sunday,Memorial Day
ISNE,2026-06-19,Juneteenth,Fri,3.977579244547095,1.7858225392093179,2.246575739048784,Saturday,Juneteenth
JEA,2015-09-07,Labor Day,Mon,4.50288964289905,3.0523387822287873,3.385925235001673,Saturday,Labor Day
JEA,2015-10-12,Columbus Day,Mon,1.9317695722293218,5.196124827251921,5.987604313460956,own weekday,Columbus Day
JEA,2015-11-11,Veterans Day,Wed,2.2093906579191636,4.169180553097163,5.93313772286073,own weekday,Veterans Day
JEA,2015-11-26,Thanksgiving,Thu,9.094942887746917,7.238090835848436,7.053140461502813,Sunday,Thanksgiving
JEA,2015-11-27,Day after Thanksgiving,Fri,3.7094403461785648,3.298410268465562,3.40333149578389,Saturday,Day after Thanksgiving
JEA,2015-12-24,Christmas Eve,Thu,3.766101024427002,4.681999936036504,5.3939464759326805,own weekday,Christmas Eve
JEA,2015-12-25,Christmas Day,Fri,5.596491584033789,4.9607821743807605,5.690384372522033,Saturday,Christmas Day
JEA,2016-01-01,New Year's Day,Fri,5.327458274494426,4.441925193462133,4.843233271360293,Saturday,New Year's Day
JEA,2016-01-18,MLK Day,Mon,10.323647846707708,10.131848885640595,12.164533221135668,Saturday,MLK Day
JEA,2016-02-07,Super Bowl Sunday,Sun,11.175576473915088,8.512434273278656,11.175576473915088,Saturday,Super Bowl Sunday
JEA,2016-02-15,Presidents' Day,Mon,5.216352639316043,8.94456746731676,8.361667454160893,own weekday,Presidents' Day
JEA,2016-05-30,Memorial Day,Mon,6.71988411267161,8.747662870883168,5.926922635939056,Sunday,Memorial Day
JEA,2016-07-04,Independence Day,Mon,3.8303917231902704,5.31984445547975,5.662617674700451,own weekday,Independence Day
JEA,2016-09-05,Labor Day,Mon,3.1795231747738377,2.7626937941422725,3.301109553361544,Saturday,Labor Day
JEA,2016-10-10,Columbus Day,Mon,2.9688519540603977,6.076721459280441,5.7255898797079,own weekday,Columbus Day
JEA,2016-11-11,Veterans Day,Fri,8.694267372035206,10.196243624865382,12.275622758473641,own weekday,Veterans Day
JEA,2016-11-24,Thanksgiving,Thu,8.428391305237353,7.101574631384098,10.207379141991934,Saturday,Thanksgiving
JEA,2016-11-25,Day after Thanksgiving,Fri,3.0445586985520277,2.401756003190036,3.48496197234215,Saturday,Day after Thanksgiving
JEA,2016-12-24,Christmas Eve,Sat,1.279296397783169,1.279296397783169,2.710167120258623,Saturday,Christmas Eve
JEA,2016-12-25,Christmas Day,Sun,3.8118927562567544,2.4253798185273405,3.8118927562567544,Saturday,Christmas Day
JEA,2016-12-26,Christmas Day (observed),Mon,3.7329198112866635,4.639329336571676,3.036764891643226,Sunday,Christmas Day
JEA,2016-12-31,New Year's Eve,Sat,22.06165300302354,22.06165300302354,23.838556624042585,Saturday,New Year's Eve
JEA,2017-01-01,New Year's Day,Sun,4.662405833355234,3.4233606504251326,4.662405833355234,Saturday,New Year's Day
JEA,2017-01-02,New Year's Day (observed),Mon,6.349510476213825,10.014544014292671,8.79175674001853,own weekday,New Year's Day
JEA,2017-01-16,MLK Day,Mon,2.9432675334294887,5.067602299627176,5.623327946348381,own weekday,MLK Day
JEA,2017-02-05,Super Bowl Sunday,Sun,2.5954667088800147,8.551926795655364,2.5954667088800147,Sunday,Super Bowl Sunday
JEA,2017-02-20,Presidents' Day,Mon,8.664090259431532,5.653796513272261,5.708433200790793,Saturday,Presidents' Day
JEA,2017-05-29,Memorial Day,Mon,5.45731871576298,4.826842538625223,2.725677707063289,Sunday,Memorial Day
JEA,2017-07-04,Independence Day,Tue,4.8524161520952225,2.49824089379868,1.6544616089726052,Sunday,Independence Day
JEA,2017-09-04,Labor Day,Mon,5.2851862540458905,4.0233324842668745,4.906832201604931,Saturday,Labor Day
JEA,2017-10-09,Columbus Day,Mon,2.832070258747468,5.28067689808882,4.779198444574733,own weekday,Columbus Day
JEA,2017-11-10,Veterans Day (observed),Fri,8.084773973064529,6.56488516053572,8.192003142439578,Saturday,Veterans Day
JEA,2017-11-11,Veterans Day,Sat,7.17009978108868,7.17009978108868,8.789505780348767,Saturday,Veterans Day
JEA,2017-11-23,Thanksgiving,Thu,9.466684301545795,9.565444520414673,9.159558926319676,Sunday,Thanksgiving
JEA,2017-11-24,Day after Thanksgiving,Fri,9.120579619202223,8.034541647661035,7.63427170840105,Sunday,Day after Thanksgiving
JEA,2017-12-24,Christmas Eve,Sun,4.4381144246461055,5.725338914155422,4.4381144246461055,Sunday,Christmas Eve
JEA,2017-12-25,Christmas Day,Mon,7.473021055292735,5.8197728058237255,5.158193397955899,Sunday,Christmas Day
JEA,2018-01-01,New Year's Day,Mon,10.773494362393162,14.073649438776178,11.133061049464859,own weekday,New Year's Day
JEA,2018-01-15,MLK Day,Mon,11.040012196974896,10.371266201942795,4.545628442482921,Sunday,MLK Day
JEA,2018-02-04,Super Bowl Sunday,Sun,9.65812861473174,5.185650410048961,9.65812861473174,Saturday,Super Bowl Sunday
JEA,2018-02-19,Presidents' Day,Mon,8.79759703442448,14.078615321950297,14.386519505780972,own weekday,Presidents' Day
JEA,2018-05-28,Memorial Day,Mon,7.301875347869398,2.990597246518027,7.204554036241261,Saturday,Memorial Day
JEA,2018-07-04,Independence Day,Wed,6.457347515791266,4.75091518150938,5.583644527715579,Saturday,Independence Day
JEA,2018-09-03,Labor Day,Mon,5.369954002707832,3.190604771243483,2.6445828285281756,Sunday,Labor Day
JEA,2018-10-08,Columbus Day,Mon,3.3041809535397406,5.014471150875981,5.986445713489131,own weekday,Columbus Day
JEA,2018-11-11,Veterans Day,Sun,7.9096842901765845,6.373113901514994,7.9096842901765845,Saturday,Veterans Day
JEA,2018-11-12,Veterans Day (observed),Mon,2.8640977286626597,6.402801146307989,6.7041094838267785,own weekday,Veterans Day
JEA,2018-11-22,Thanksgiving,Thu,15.403511099933217,14.08866549417214,16.617500361667574,Saturday,Thanksgiving
JEA,2018-11-23,Day after Thanksgiving,Fri,5.428080587108884,3.8521628305184774,5.763892582361623,Saturday,Day after Thanksgiving
JEA,2018-12-24,Christmas Eve,Mon,16.401919974267063,11.762315271205786,14.584669071563605,Saturday,Christmas Eve
JEA,2018-12-25,Christmas Day,Tue,13.343956698058172,10.86292927512853,13.649093185878822,Saturday,Christmas Day
JEA,2019-01-01,New Year's Day,Tue,9.422422289937368,9.532603164844078,6.873821005958742,Sunday,New Year's Day
JEA,2019-01-21,MLK Day,Mon,11.639067632799916,8.496540694823958,12.670154920121021,Saturday,MLK Day
JEA,2019-02-03,Super Bowl Sunday,Sun,2.5473104854101583,6.430996576579906,2.5473104854101583,Sunday,Super Bowl Sunday
JEA,2019-02-18,Presidents' Day,Mon,11.691300545552592,12.298463990808257,8.888979981243878,Sunday,Presidents' Day
JEA,2019-05-27,Memorial Day,Mon,6.564874329773203,4.016795122198464,3.621316392480958,Sunday,Memorial Day
JEA,2019-07-04,Independence Day,Thu,8.051118436643744,6.627734973086195,6.564096146915448,Sunday,Independence Day
JEA,2019-09-02,Labor Day,Mon,5.988473833340935,4.128741919685245,4.382728888523199,Saturday,Labor Day
JEA,2019-10-14,Columbus Day,Mon,3.808025460416554,6.075836806287257,6.4453996510055385,own weekday,Columbus Day
JEA,2019-11-11,Veterans Day,Mon,8.838062153560099,7.607387859520719,8.476324639144094,Saturday,Veterans Day
JEA,2019-11-28,Thanksgiving,Thu,9.616971406946691,7.74627246007001,8.854523756350579,Saturday,Thanksgiving
JEA,2019-11-29,Day after Thanksgiving,Fri,3.003139078570729,4.971173696811803,7.697492250159025,own weekday,Day after Thanksgiving
JEA,2019-12-24,Christmas Eve,Tue,4.307954760417294,2.025793443752386,4.568385996525456,Saturday,Christmas Eve
JEA,2019-12-25,Christmas Day,Wed,5.51982607005353,1.8505081082780075,3.164983784887924,Saturday,Christmas Day
JEA,2020-01-01,New Year's Day,Wed,6.6867115680648,8.387077781611545,8.949017979401543,own weekday,New Year's Day
JEA,2020-01-20,MLK Day,Mon,8.583790234549946,11.041108193967709,11.39176152874835,own weekday,MLK Day
JEA,2020-02-02,Super Bowl Sunday,Sun,12.457460288047518,11.962038463925284,12.457460288047518,Saturday,Super Bowl Sunday
JEA,2020-02-17,Presidents' Day,Mon,6.007315688531359,4.264344893473391,3.956840852437824,Sunday,Presidents' Day
JEA,2020-05-25,Memorial Day,Mon,11.037008087709998,8.998984271247995,11.23512154989586,Saturday,Memorial Day
JEA,2020-07-03,Independence Day (observed),Fri,6.0787775421219665,4.0506323419104895,8.405559625226765,Saturday,Independence Day
JEA,2020-07-04,Independence Day,Sat,4.686081211730557,4.686081211730557,8.872902174856435,Saturday,Independence Day
JEA,2020-09-07,Labor Day,Mon,2.939209962106146,2.2822553036662874,2.5713934241611103,Saturday,Labor Day
JEA,2020-10-12,Columbus Day,Mon,4.0042934224971685,5.679960721269133,6.8486512001995115,own weekday,Columbus Day
JEA,2020-11-26,Thanksgiving,Thu,6.964220018545378,5.929658916840511,7.243487056435745,Saturday,Thanksgiving
JEA,2020-11-27,Day after Thanksgiving,Fri,4.816369963221942,2.1762258206277347,3.073702686159961,Saturday,Day after Thanksgiving
JEA,2020-12-24,Christmas Eve,Thu,3.667126211009176,6.151219884111298,7.111019056876603,own weekday,Christmas Eve
JEA,2020-12-25,Christmas Day,Fri,11.87632979241638,13.789800962248341,14.82098087495264,own weekday,Christmas Day
JEA,2021-01-01,New Year's Day,Fri,8.550232167150108,6.272780562881628,3.995748561454255,Sunday,New Year's Day
JEA,2021-01-18,MLK Day,Mon,11.49535233680189,8.475352246534728,7.645114730296947,Sunday,MLK Day
JEA,2021-02-07,Super Bowl Sunday,Sun,4.872135060287923,5.287055308305082,4.872135060287923,Sunday,Super Bowl Sunday
JEA,2021-02-15,Presidents' Day,Mon,4.684487897492433,2.763434373880701,3.1454518357990597,Saturday,Presidents' Day
JEA,2021-05-31,Memorial Day,Mon,4.560918037430635,3.204120258788724,2.4509039800495627,Sunday,Memorial Day
JEA,2021-06-18,Juneteenth (observed),Fri,5.1623331968120265,5.269600775127476,7.279862365112573,own weekday,Juneteenth
JEA,2021-06-19,Juneteenth,Sat,2.3945496502121295,2.3945496502121295,2.7585637428577514,Saturday,Juneteenth
JEA,2021-07-04,Independence Day,Sun,9.422877287573835,6.163350722577896,9.422877287573835,Saturday,Independence Day
JEA,2021-07-05,Independence Day (observed),Mon,3.7602066234142946,3.4977707702115244,1.9172775440339684,Sunday,Independence Day
JEA,2021-09-06,Labor Day,Mon,5.731093121881978,2.104942253799157,1.3223901393310344,Sunday,Labor Day
JEA,2021-10-11,Columbus Day,Mon,2.2761898221855836,4.147630229861197,5.131573738242575,own weekday,Columbus Day
JEA,2021-11-11,Veterans Day,Thu,4.580705856632904,5.643247336616917,6.31088305197332,own weekday,Veterans Day
JEA,2021-11-25,Thanksgiving,Thu,18.090241643144175,15.391198167437492,14.92809500530153,Sunday,Thanksgiving
JEA,2021-11-26,Day after Thanksgiving,Fri,5.122534660720177,8.376293459980975,7.7978850066686975,own weekday,Day after Thanksgiving
JEA,2021-12-24,Christmas Eve,Fri,11.01030783549733,11.377226863916784,10.8080628734737,Sunday,Christmas Eve
JEA,2021-12-25,Christmas Day,Sat,5.620993827419199,5.620993827419199,5.360749287043253,Sunday,Christmas Day
JEA,2021-12-31,New Year's Day (observed),Fri,6.237232885114793,6.897350781437081,6.4144865366547466,own weekday,New Year's Day
JEA,2022-01-01,New Year's Day,Sat,8.455281990453505,8.455281990453505,7.971652844062415,Sunday,New Year's Day
JEA,2022-01-17,MLK Day,Mon,8.533864530284939,3.8679000182604852,9.014928668985673,Saturday,MLK Day
JEA,2022-02-13,Super Bowl Sunday,Sun,4.130358732287278,7.791339225603282,4.130358732287278,Sunday,Super Bowl Sunday
JEA,2022-02-21,Presidents' Day,Mon,5.09801640960533,7.239784988383907,4.792581256328309,Sunday,Presidents' Day
JEA,2022-05-30,Memorial Day,Mon,5.17996298112731,3.4710366067655243,3.146886670050576,Sunday,Memorial Day
JEA,2022-06-19,Juneteenth,Sun,2.236010062971566,2.9204137069225142,2.236010062971566,Sunday,Juneteenth
JEA,2022-06-20,Juneteenth (observed),Mon,4.735546400973742,2.878263739739537,4.204551098899031,Saturday,Juneteenth
JEA,2022-07-04,Independence Day,Mon,5.075705087483584,5.958273887521117,5.316874445237161,own weekday,Independence Day
JEA,2022-09-05,Labor Day,Mon,4.932705614467435,7.588661825813451,4.74350883375308,Sunday,Labor Day
JEA,2022-10-10,Columbus Day,Mon,4.490020025540767,5.1251710872486305,4.894536659845413,own weekday,Columbus Day
JEA,2022-11-11,Veterans Day,Fri,2.8524908571794043,6.700085428877904,8.762761947117909,own weekday,Veterans Day
JEA,2022-11-24,Thanksgiving,Thu,7.635750410429118,8.601982871454181,10.875353722134774,own weekday,Thanksgiving
JEA,2022-11-25,Day after Thanksgiving,Fri,1.944702141943695,3.259690794348197,4.578317426136785,own weekday,Day after Thanksgiving
JEA,2022-12-24,Christmas Eve,Sat,14.423804217908456,14.423804217908456,16.537868616921045,Saturday,Christmas Eve
JEA,2022-12-25,Christmas Day,Sun,24.467469627726967,22.432409548666037,24.467469627726967,Saturday,Christmas Day
JEA,2022-12-26,Christmas Day (observed),Mon,18.377391502007924,18.283662043825288,18.82788197125165,Saturday,Christmas Day
JEA,2022-12-31,New Year's Eve,Sat,1.5288043089857217,1.5288043089857217,3.652002748125762,Saturday,New Year's Eve
JEA,2023-01-01,New Year's Day,Sun,2.3807351039833304,2.846376284409759,2.3807351039833304,Sunday,New Year's Day
JEA,2023-01-02,New Year's Day (observed),Mon,4.191360752254799,3.9610273815292687,2.305660893984815,Sunday,New Year's Day
JEA,2023-01-16,MLK Day,Mon,21.98424320706113,18.105965462693128,21.22171818475254,Saturday,MLK Day
JEA,2023-02-12,Super Bowl Sunday,Sun,10.733313138670466,15.02698572121374,10.733313138670466,Sunday,Super Bowl Sunday
JEA,2023-02-20,Presidents' Day,Mon,4.834861402620259,12.903693797103926,10.246549538450953,own weekday,Presidents' Day
JEA,2023-05-29,Memorial Day,Mon,8.30174483672365,8.711288281767821,5.705962141872224,Sunday,Memorial Day
JEA,2023-06-19,Juneteenth,Mon,4.163749185756545,3.525415183197742,4.538940404395066,Saturday,Juneteenth
JEA,2023-07-04,Independence Day,Tue,5.448169577791172,3.2840018360922283,4.993604573226378,Saturday,Independence Day
JEA,2023-09-04,Labor Day,Mon,4.853850260429981,3.836329212985677,3.657795268727105,Sunday,Labor Day
JEA,2023-10-09,Columbus Day,Mon,8.50100992243593,10.45167848806317,11.822215761474109,own weekday,Columbus Day
JEA,2023-11-10,Veterans Day (observed),Fri,4.3207177713875025,4.224246499187701,5.646840582881643,Saturday,Veterans Day
JEA,2023-11-11,Veterans Day,Sat,7.362295601256212,7.362295601256212,8.557569401993705,Saturday,Veterans Day
JEA,2023-11-23,Thanksgiving,Thu,9.776085164162728,10.738783780516776,11.821402739319266,own weekday,Thanksgiving
JEA,2023-11-24,Day after Thanksgiving,Fri,5.829688310185327,6.938751019666466,7.151711075924451,own weekday,Day after Thanksgiving
JEA,2023-12-24,Christmas Eve,Sun,4.958360669100615,1.9135441824246229,4.958360669100615,Saturday,Christmas Eve
JEA,2023-12-25,Christmas Day,Mon,5.844084294715617,2.8560263344631505,3.2503364007672277,Saturday,Christmas Day
JEA,2023-12-31,New Year's Eve,Sun,20.58804346731161,15.409024265461227,20.58804346731161,Saturday,New Year's Eve
JEA,2024-01-01,New Year's Day,Mon,17.3195558831734,14.14792051477303,19.202852532151137,Saturday,New Year's Day
JEA,2024-01-15,MLK Day,Mon,14.896724728325768,13.450760892208105,17.872487144008673,Saturday,MLK Day
JEA,2024-02-11,Super Bowl Sunday,Sun,6.243223465535067,8.393269123063137,6.243223465535067,Sunday,Super Bowl Sunday
JEA,2024-02-19,Presidents' Day,Mon,6.70955867547946,8.459630179545485,9.244353870833015,own weekday,Presidents' Day
JEA,2024-05-27,Memorial Day,Mon,8.25929117946048,8.008868609155494,4.553044086293573,Sunday,Memorial Day
JEA,2024-06-19,Juneteenth,Wed,6.312383457903008,4.737124841102769,6.282279659835692,Saturday,Juneteenth
JEA,2024-07-04,Independence Day,Thu,7.150120951876415,6.301491433132858,8.289846304493565,Saturday,Independence Day
JEA,2024-09-02,Labor Day,Mon,5.649968549706444,3.710605134452552,3.534121107524594,Sunday,Labor Day
JEA,2024-10-14,Columbus Day,Mon,6.674367644691029,9.429254127735227,6.838930348335014,own weekday,Columbus Day
JEA,2024-11-11,Veterans Day,Mon,2.1259298597413863,3.4318593892317346,4.673739284625033,own weekday,Veterans Day
JEA,2024-11-28,Thanksgiving,Thu,6.298879098609415,5.694180713491204,6.761611522850407,Saturday,Thanksgiving
JEA,2024-11-29,Day after Thanksgiving,Fri,5.707684414791933,5.098380578269189,4.667504810211298,Sunday,Day after Thanksgiving
JEA,2024-12-24,Christmas Eve,Tue,11.791392931258473,4.62180598671805,5.160331955784078,Saturday,Christmas Eve
JEA,2024-12-25,Christmas Day,Wed,13.4172991419048,6.167925834395117,6.689757310507503,Saturday,Christmas Day
JEA,2025-01-01,New Year's Day,Wed,5.302066760435207,7.939735191927554,7.764135650831762,own weekday,New Year's Day
JEA,2025-01-20,MLK Day,Mon,6.640494734583148,6.340309921848421,9.74537323218826,Saturday,MLK Day
JEA,2025-02-09,Super Bowl Sunday,Sun,14.9089101082236,10.273156385029496,14.9089101082236,Saturday,Super Bowl Sunday
JEA,2025-02-17,Presidents' Day,Mon,5.945907994437505,8.61979730460462,6.981621097096817,own weekday,Presidents' Day
JEA,2025-05-26,Memorial Day,Mon,7.133676822319787,6.2105672639116065,6.178723126983916,Sunday,Memorial Day
JEA,2025-06-19,Juneteenth,Thu,3.91939738631622,4.749359597902018,5.635441325604897,own weekday,Juneteenth
JEA,2025-07-04,Independence Day,Fri,4.183717988998123,2.2709988046192993,2.486989773578313,Saturday,Independence Day
JEA,2025-09-01,Labor Day,Mon,6.698884161084178,3.8100343878116316,3.434840327171536,Sunday,Labor Day
JEA,2025-10-13,Columbus Day,Mon,3.375403698496618,5.909988451801397,5.289581492573157,own weekday,Columbus Day
JEA,2025-11-11,Veterans Day,Tue,16.676422903271636,15.7281758531545,17.975325881260652,Saturday,Veterans Day
JEA,2025-11-27,Thanksgiving,Thu,8.285681712605681,9.953632069722435,11.581535526160135,own weekday,Thanksgiving
JEA,2025-11-28,Day after Thanksgiving,Fri,11.24616509610168,12.725467399029403,14.301608929470857,own weekday,Day after Thanksgiving
JEA,2025-12-24,Christmas Eve,Wed,4.354972840876309,4.004735299915352,3.7746036441578528,Sunday,Christmas Eve
JEA,2025-12-25,Christmas Day,Thu,5.707355559745672,6.110407410052169,4.0758552261611465,Sunday,Christmas Day
JEA,2025-12-31,New Year's Eve,Wed,14.813202772547788,15.099806023456521,17.69404187396962,own weekday,New Year's Eve
JEA,2026-01-01,New Year's Day,Thu,15.337387052198745,18.347362243379695,20.586292055243362,own weekday,New Year's Day
JEA,2026-01-19,MLK Day,Mon,18.26806059656548,13.746850739541951,20.012135940729596,Saturday,MLK Day
JEA,2026-02-08,Super Bowl Sunday,Sun,18.528066963472455,16.271352027956052,18.528066963472455,Saturday,Super Bowl Sunday
JEA,2026-02-16,Presidents' Day,Mon,10.854724300279784,8.2568392968215,4.74942579415563,Sunday,Presidents' Day
JEA,2026-05-25,Memorial Day,Mon,5.471928784017271,2.298072770244951,2.514346216997661,Saturday,Memorial Day
JEA,2026-06-19,Juneteenth,Fri,14.170329785124213,13.356986511564974,14.967832135900117,Saturday,Juneteenth
LDWP,2015-09-07,Labor Day,Mon,7.046135920702882,7.630591331854168,5.228528209542599,Sunday,Labor Day
LDWP,2015-10-12,Columbus Day,Mon,4.044054035266452,4.205609606685049,5.470800183350363,own weekday,Columbus Day
LDWP,2015-11-11,Veterans Day,Wed,6.1334513827920905,5.478858198589789,5.916315346375135,Saturday,Veterans Day
LDWP,2015-11-26,Thanksgiving,Thu,8.987034567278045,7.948913433105216,5.808103000985679,Sunday,Thanksgiving
LDWP,2015-11-27,Day after Thanksgiving,Fri,7.998257465028087,6.497600072580312,3.753447704637748,Sunday,Day after Thanksgiving
LDWP,2015-12-24,Christmas Eve,Thu,5.2706266989459465,2.3198911892790557,3.9726804413331713,Saturday,Christmas Eve
LDWP,2015-12-25,Christmas Day,Fri,11.03462486989381,5.8447258176923835,4.8255197283859435,Sunday,Christmas Day
LDWP,2015-12-31,New Year's Eve,Thu,6.019279327147705,2.6578194262591612,4.838542707178206,Saturday,New Year's Eve
LDWP,2016-01-01,New Year's Day,Fri,10.784944114544725,5.05872971139699,5.032144592348143,Sunday,New Year's Day
LDWP,2016-01-18,MLK Day,Mon,1.7051865145084748,5.539882035943078,6.998480333563255,own weekday,MLK Day
LDWP,2016-02-07,Super Bowl Sunday,Sun,2.958056428548751,3.1163276762239867,2.958056428548751,Sunday,Super Bowl Sunday
LDWP,2016-02-15,Presidents' Day,Mon,6.817455155063325,9.665572047921245,10.944589775994814,own weekday,Presidents' Day
LDWP,2016-05-30,Memorial Day,Mon,6.764555126220968,3.356159162146652,3.1554032995321855,Sunday,Memorial Day
LDWP,2016-07-04,Independence Day,Mon,6.915420979635149,2.4407264998532003,2.458552735097136,Saturday,Independence Day
LDWP,2016-09-05,Labor Day,Mon,9.035109215547072,4.423683650594435,6.018603426878395,Saturday,Labor Day
LDWP,2016-10-10,Columbus Day,Mon,2.5080333662061585,5.946883272462261,8.118538722809204,own weekday,Columbus Day
LDWP,2016-11-11,Veterans Day,Fri,2.0647770900208386,5.6823849024972395,7.8842323576415145,own weekday,Veterans Day
LDWP,2016-11-24,Thanksgiving,Thu,9.276505878195746,4.931390806941192,4.263884405445939,Sunday,Thanksgiving
LDWP,2016-11-25,Day after Thanksgiving,Fri,7.477597052543404,3.4455809889178366,3.3401186303559443,Sunday,Day after Thanksgiving
LDWP,2016-12-24,Christmas Eve,Sat,3.748373344376961,3.748373344376961,2.648575470383757,Sunday,Christmas Eve
LDWP,2016-12-25,Christmas Day,Sun,5.524930169646075,6.081618242746146,5.524930169646075,Sunday,Christmas Day
LDWP,2016-12-26,Christmas Day (observed),Mon,7.811654235847495,3.3491415863983875,2.699090012082674,Sunday,Christmas Day
LDWP,2016-12-31,New Year's Eve,Sat,2.2021377434304035,2.2021377434304035,2.299889388317185,Saturday,New Year's Eve
LDWP,2017-01-01,New Year's Day,Sun,5.764263480945278,6.905757729205836,5.764263480945278,Sunday,New Year's Day
LDWP,2017-01-02,New Year's Day (observed),Mon,5.298487202829113,1.8870292233304715,1.7334099367237954,Sunday,New Year's Day
LDWP,2017-01-16,MLK Day,Mon,2.5087293871778638,3.5443953080862034,4.711621253552072,own weekday,MLK Day
LDWP,2017-02-05,Super Bowl Sunday,Sun,3.134402257788434,4.840165336835706,3.134402257788434,Sunday,Super Bowl Sunday
LDWP,2017-02-20,Presidents' Day,Mon,2.639082835755637,5.073157234037233,6.064910102978855,own weekday,Presidents' Day
LDWP,2017-05-29,Memorial Day,Mon,6.75222392478015,4.467931163144618,2.755755574600662,Sunday,Memorial Day
LDWP,2017-07-04,Independence Day,Tue,8.078810423323574,6.021493365258811,4.824664162327933,Sunday,Independence Day
LDWP,2017-09-04,Labor Day,Mon,7.001136320338558,6.527130538514221,7.359819470796032,Saturday,Labor Day
LDWP,2017-10-09,Columbus Day,Mon,1.3427953791846297,5.113931853441122,8.103061502646899,own weekday,Columbus Day
LDWP,2017-11-10,Veterans Day (observed),Fri,2.5142494080691637,5.733723769347294,7.8108849518253605,own weekday,Veterans Day
LDWP,2017-11-11,Veterans Day,Sat,3.2728986136194593,3.2728986136194593,4.543419877331131,Saturday,Veterans Day
LDWP,2017-11-23,Thanksgiving,Thu,6.154190420021745,4.5677910336053476,7.506610950975172,Saturday,Thanksgiving
LDWP,2017-11-24,Day after Thanksgiving,Fri,2.916868264694428,3.7475774466881764,6.7787449833915066,own weekday,Day after Thanksgiving
LDWP,2017-12-24,Christmas Eve,Sun,5.047337139181273,4.350611644062549,5.047337139181273,Saturday,Christmas Eve
LDWP,2017-12-25,Christmas Day,Mon,10.043539180227818,4.834274875206517,5.029858812933799,Saturday,Christmas Day
LDWP,2017-12-31,New Year's Eve,Sun,3.148039433118288,4.006996606514328,3.148039433118288,Sunday,New Year's Eve
LDWP,2018-01-01,New Year's Day,Mon,10.559501287215605,4.851593330272053,3.989768629186272,Sunday,New Year's Day
LDWP,2018-01-15,MLK Day,Mon,2.8384786063109124,4.01828912616074,5.597852149910581,own weekday,MLK Day
LDWP,2018-02-04,Super Bowl Sunday,Sun,2.2913035341752948,2.784045118109534,2.2913035341752948,Sunday,Super Bowl Sunday
LDWP,2018-02-19,Presidents' Day,Mon,6.382420491057607,3.5830810536023674,3.878071854261099,Saturday,Presidents' Day
LDWP,2018-05-28,Memorial Day,Mon,7.543227962941676,6.0223660836901525,4.283313298336963,Sunday,Memorial Day
LDWP,2018-09-03,Labor Day,Mon,7.330163696704695,3.294029553738218,3.5007229538785,Saturday,Labor Day
LDWP,2018-10-08,Columbus Day,Mon,4.7985870022530195,5.4376433202119125,6.7614861931356725,own weekday,Columbus Day
LDWP,2018-11-11,Veterans Day,Sun,3.338042939987349,4.225773650065853,3.338042939987349,Sunday,Veterans Day
LDWP,2018-11-12,Veterans Day (observed),Mon,2.532429572903297,4.375417651291491,6.487874573115711,own weekday,Veterans Day
LDWP,2018-11-22,Thanksgiving,Thu,8.150594789584755,4.28769733517165,5.408190369163831,Saturday,Thanksgiving
LDWP,2018-11-23,Day after Thanksgiving,Fri,7.013394009320251,2.6740366098628185,3.8120001988575374,Saturday,Day after Thanksgiving
LDWP,2018-12-24,Christmas Eve,Mon,4.829782650570421,1.9105668295922529,4.108747366982695,Saturday,Christmas Eve
LDWP,2018-12-25,Christmas Day,Tue,8.902506996334248,4.37926376006409,2.1171185390978056,Sunday,Christmas Day
LDWP,2018-12-31,New Year's Eve,Mon,5.236362855038202,1.839125219071563,3.223413886490387,Saturday,New Year's Eve
LDWP,2019-01-01,New Year's Day,Tue,10.448492002935044,5.6663915457766025,3.380922446216155,Sunday,New Year's Day
LDWP,2019-01-21,MLK Day,Mon,5.844778683314346,3.4506432279805703,5.582978764101008,Saturday,MLK Day
LDWP,2019-02-03,Super Bowl Sunday,Sun,7.760870642329156,6.188909779476528,7.760870642329156,Saturday,Super Bowl Sunday
LDWP,2019-02-18,Presidents' Day,Mon,6.147138232836827,2.047983704807265,2.996164091883916,Saturday,Presidents' Day
LDWP,2019-05-27,Memorial Day,Mon,5.333630344106657,3.0136056769634494,2.552813489403431,Sunday,Memorial Day
LDWP,2019-07-04,Independence Day,Thu,5.712159298060765,3.3453751337845055,4.069115242200354,Saturday,Independence Day
LDWP,2019-09-02,Labor Day,Mon,4.5485825674211755,4.927727912708901,4.4772007994432155,Sunday,Labor Day
LDWP,2019-10-14,Columbus Day,Mon,5.387778190425826,6.708351019201091,6.826053273066391,own weekday,Columbus Day
LDWP,2019-11-11,Veterans Day,Mon,3.2017523194232655,4.532367295123401,6.231763617533407,own weekday,Veterans Day
LDWP,2019-11-28,Thanksgiving,Thu,5.218827196159116,4.459720755158955,5.24844977920555,Saturday,Thanksgiving
LDWP,2019-11-29,Day after Thanksgiving,Fri,7.312667674945801,5.1931471361647805,4.579823044005509,Sunday,Day after Thanksgiving
LDWP,2019-12-24,Christmas Eve,Tue,6.400984244956563,3.493163924704364,4.846464663239578,Saturday,Christmas Eve
LDWP,2019-12-25,Christmas Day,Wed,7.716541253934485,3.888935930535974,3.6551663370906344,Sunday,Christmas Day
LDWP,2019-12-31,New Year's Eve,Tue,4.112817170013581,3.1155298809503527,4.761978812243367,Saturday,New Year's Eve
LDWP,2020-01-01,New Year's Day,Wed,6.038713878927267,3.2171335088276356,4.86321920133545,Saturday,New Year's Day
LDWP,2020-01-20,MLK Day,Mon,1.6774042179301718,5.440989202137956,6.732715100839918,own weekday,MLK Day
LDWP,2020-02-02,Super Bowl Sunday,Sun,2.7342708027321314,2.112834215256588,2.7342708027321314,Saturday,Super Bowl Sunday
LDWP,2020-02-17,Presidents' Day,Mon,3.8047026492451166,2.8740592812741568,4.110711401463489,Saturday,Presidents' Day
LDWP,2020-05-25,Memorial Day,Mon,7.139957826689993,6.131910986201111,5.32331534380574,Sunday,Memorial Day
LDWP,2020-07-03,Independence Day (observed),Fri,6.223139846419592,7.5006673058410485,6.794983589185769,own weekday,Independence Day
LDWP,2020-07-04,Independence Day,Sat,7.726206866100736,7.726206866100736,7.092977923502457,Sunday,Independence Day
LDWP,2020-09-07,Labor Day,Mon,6.527886196550438,7.6123727425708205,7.491178062854299,own weekday,Labor Day
LDWP,2020-10-12,Columbus Day,Mon,6.802396334808504,9.171868991898279,9.000945625445368,own weekday,Columbus Day
LDWP,2020-11-11,Veterans Day,Wed,9.089804361082,5.73940805881032,7.420650182079426,Saturday,Veterans Day
LDWP,2020-11-26,Thanksgiving,Thu,6.168600118131402,3.4257942338676286,4.510635600257596,Saturday,Thanksgiving
LDWP,2020-11-27,Day after Thanksgiving,Fri,7.257160271979672,4.3938233771099675,5.147444052085238,Saturday,Day after Thanksgiving
LDWP,2020-12-24,Christmas Eve,Thu,1.979048144085108,4.246488253145475,4.344721545898912,own weekday,Christmas Eve
LDWP,2020-12-25,Christmas Day,Fri,7.025084428562008,2.872403502706002,4.420386539007867,Saturday,Christmas Day
LDWP,2020-12-31,New Year's Eve,Thu,4.115910655588054,1.935614026932639,3.5425922036833644,Saturday,New Year's Eve
LDWP,2021-01-01,New Year's Day,Fri,6.9270094183684945,2.9587037995914858,3.2744648497530093,Saturday,New Year's Day
LDWP,2021-01-18,MLK Day,Mon,3.158960678661673,5.767937137173248,6.3394740405936245,own weekday,MLK Day
LDWP,2021-02-07,Super Bowl Sunday,Sun,3.9978989850999826,4.383303526867327,3.9978989850999826,Sunday,Super Bowl Sunday
LDWP,2021-02-15,Presidents' Day,Mon,2.773972059216265,3.4058511293127305,3.7240937866441843,own weekday,Presidents' Day
LDWP,2021-05-31,Memorial Day,Mon,2.778673098314543,2.7395825432374354,3.9338400646659957,Saturday,Memorial Day
LDWP,2021-06-18,Juneteenth (observed),Fri,7.541815555083792,8.296924174676965,7.730182184275254,own weekday,Juneteenth
LDWP,2021-06-19,Juneteenth,Sat,7.271551612007665,7.271551612007665,6.8864714900874135,Sunday,Juneteenth
LDWP,2021-07-04,Independence Day,Sun,3.651237486784917,5.282257706856209,3.651237486784917,Sunday,Independence Day
LDWP,2021-07-05,Independence Day (observed),Mon,7.485085856767077,8.03801465771354,8.758700293802328,own weekday,Independence Day
LDWP,2021-09-06,Labor Day,Mon,3.9838761547287627,3.649452863267256,3.4224528150553595,Sunday,Labor Day
LDWP,2021-10-11,Columbus Day,Mon,7.124451351260673,9.366341186900474,8.944318897469365,own weekday,Columbus Day
LDWP,2021-11-11,Veterans Day,Thu,3.844755287222801,6.347873012963014,7.573225884628297,own weekday,Veterans Day
LDWP,2021-11-25,Thanksgiving,Thu,4.609107470872675,2.7530754248809615,3.632993289899971,Saturday,Thanksgiving
LDWP,2021-11-26,Day after Thanksgiving,Fri,4.317215210105443,4.277990924464673,3.9606528962571095,Sunday,Day after Thanksgiving
LDWP,2021-12-24,Christmas Eve,Fri,5.838383051589924,5.063354966811707,5.905535258470856,Saturday,Christmas Eve
LDWP,2021-12-25,Christmas Day,Sat,4.8725635530316245,4.8725635530316245,4.985155949361033,Saturday,Christmas Day
LDWP,2021-12-31,New Year's Day (observed),Fri,6.93048361583672,6.552515829274812,6.630206308914081,Saturday,New Year's Day
LDWP,2022-01-01,New Year's Day,Sat,7.825985166124654,7.825985166124654,8.043259847773308,Saturday,New Year's Day
LDWP,2022-01-17,MLK Day,Mon,1.8703960858351525,4.059507013355025,4.310899944585049,own weekday,MLK Day
LDWP,2022-02-13,Super Bowl Sunday,Sun,6.007916269814065,4.148291050159745,6.007916269814065,Saturday,Super Bowl Sunday
LDWP,2022-02-21,Presidents' Day,Mon,4.7983920820318335,4.653425018921512,5.318758860415035,Saturday,Presidents' Day
LDWP,2022-05-30,Memorial Day,Mon,2.816430020223586,2.1775841137691705,1.9029011731275043,Sunday,Memorial Day
LDWP,2022-06-19,Juneteenth,Sun,3.322910686972026,4.5737041647106045,3.322910686972026,Sunday,Juneteenth
LDWP,2022-06-20,Juneteenth (observed),Mon,10.625764547311357,12.7657692920944,11.523957633324871,own weekday,Juneteenth
LDWP,2022-07-04,Independence Day,Mon,4.930078801519555,2.4150269857286633,2.3432428466689093,Sunday,Independence Day
LDWP,2022-09-05,Labor Day,Mon,3.685754210833648,2.1099019847045573,2.445748422798982,Saturday,Labor Day
LDWP,2022-10-10,Columbus Day,Mon,7.067208443878413,4.224169478191789,5.216436468151946,Saturday,Columbus Day
LDWP,2022-11-24,Thanksgiving,Thu,7.45074109064201,2.883538738118328,4.488660613856787,Saturday,Thanksgiving
LDWP,2022-11-25,Day after Thanksgiving,Fri,4.847872412704011,2.7232826478326633,3.9259778619628283,Saturday,Day after Thanksgiving
LDWP,2022-12-24,Christmas Eve,Sat,2.237625707775826,2.237625707775826,3.044492712684005,Saturday,Christmas Eve
LDWP,2022-12-25,Christmas Day,Sun,4.445330449330517,4.712562384098085,4.445330449330517,Sunday,Christmas Day
LDWP,2022-12-26,Christmas Day (observed),Mon,4.5573809011927064,3.7298348696803783,1.975682948508017,Sunday,Christmas Day
LDWP,2022-12-31,New Year's Eve,Sat,3.6356438874775963,3.6356438874775963,2.3548342156732014,Sunday,New Year's Eve
LDWP,2023-01-01,New Year's Day,Sun,5.4982250377196795,6.572716394769353,5.4982250377196795,Sunday,New Year's Day
LDWP,2023-01-02,New Year's Day (observed),Mon,4.385182010111052,4.041097881779884,2.7155599812435245,Sunday,New Year's Day
LDWP,2023-01-16,MLK Day,Mon,3.3064150662288605,2.334748807547127,2.787895430216812,Saturday,MLK Day
LDWP,2023-02-12,Super Bowl Sunday,Sun,3.0809478916843007,3.6710246496831487,3.0809478916843007,Sunday,Super Bowl Sunday
LDWP,2023-02-20,Presidents' Day,Mon,5.273237331108654,2.8778983189695193,4.16467977041163,Saturday,Presidents' Day
LDWP,2023-05-29,Memorial Day,Mon,6.454198438838101,5.572319390681495,5.638189998096797,Saturday,Memorial Day
LDWP,2023-06-19,Juneteenth,Mon,3.634475497321752,7.848671985504496,9.544203079362475,own weekday,Juneteenth
LDWP,2023-07-04,Independence Day,Tue,6.845280001668992,4.219784830441235,4.547344881398815,Saturday,Independence Day
LDWP,2023-09-04,Labor Day,Mon,8.753997205046776,5.181467845221914,3.1806320565280863,Sunday,Labor Day
LDWP,2023-10-09,Columbus Day,Mon,4.554942145846653,6.746435404105237,6.901977030585627,own weekday,Columbus Day
LDWP,2023-11-10,Veterans Day (observed),Fri,4.769555562640632,5.31283065111978,5.999465181558616,own weekday,Veterans Day
LDWP,2023-11-11,Veterans Day,Sat,3.742155774281027,3.742155774281027,4.944037449777722,Saturday,Veterans Day
LDWP,2023-11-23,Thanksgiving,Thu,7.226564037496612,3.86209647623601,3.059011658414034,Sunday,Thanksgiving
LDWP,2023-11-24,Day after Thanksgiving,Fri,4.9971554015442115,4.5675488992699025,3.0846159826642032,Sunday,Day after Thanksgiving
LDWP,2023-12-24,Christmas Eve,Sun,3.0060411868148287,2.7021754815862207,3.0060411868148287,Saturday,Christmas Eve
LDWP,2023-12-25,Christmas Day,Mon,6.597039957444483,3.014758847207808,3.6465340337045284,Saturday,Christmas Day
LDWP,2023-12-31,New Year's Eve,Sun,1.6776499065208677,1.9840836907037398,1.6776499065208677,Sunday,New Year's Eve
LDWP,2024-01-01,New Year's Day,Mon,10.531255009553549,5.867412313324901,5.433223757577509,Sunday,New Year's Day
LDWP,2024-01-15,MLK Day,Mon,4.018841587188442,2.8153551558244962,2.987124611590318,Saturday,MLK Day
LDWP,2024-02-11,Super Bowl Sunday,Sun,3.67808786729615,2.3941565210902493,3.67808786729615,Saturday,Super Bowl Sunday
LDWP,2024-02-19,Presidents' Day,Mon,1.598932440323944,5.541370354486162,5.453607076203974,own weekday,Presidents' Day
LDWP,2024-05-27,Memorial Day,Mon,4.240360052729348,5.945474732242473,5.770299024805276,own weekday,Memorial Day
LDWP,2024-06-19,Juneteenth,Wed,3.43943534541234,7.312770097010783,7.576791207557585,own weekday,Juneteenth
LDWP,2024-07-04,Independence Day,Thu,7.909557087667165,13.35569021155845,12.677645598525238,own weekday,Independence Day
LDWP,2024-09-02,Labor Day,Mon,7.179438090305888,6.955150346491918,8.000874444142774,Saturday,Labor Day
LDWP,2024-10-14,Columbus Day,Mon,9.138733560069646,5.538815032191931,7.2149257143701035,Saturday,Columbus Day
LDWP,2024-11-11,Veterans Day,Mon,7.7685871698968,4.366516850818847,4.656499712581077,Saturday,Veterans Day
LDWP,2024-11-28,Thanksgiving,Thu,5.400922021848545,5.581781589498426,5.671256529207189,own weekday,Thanksgiving
LDWP,2024-11-29,Day after Thanksgiving,Fri,3.973528970414122,4.296497725089898,6.001450591454085,own weekday,Day after Thanksgiving
LDWP,2024-12-24,Christmas Eve,Tue,2.949779478138939,2.337468754626641,4.50027743013261,Saturday,Christmas Eve
LDWP,2024-12-25,Christmas Day,Wed,6.426913281069248,3.6199019644928674,2.92634068532881,Sunday,Christmas Day
LDWP,2024-12-31,New Year's Eve,Tue,4.338568674434621,4.078156946435954,5.025085353922423,Saturday,New Year's Eve
LDWP,2025-01-01,New Year's Day,Wed,7.672327500039865,4.021344751774223,2.989227031888146,Sunday,New Year's Day
LDWP,2025-01-20,MLK Day,Mon,26.061354840400725,28.37807454789872,26.90571567204159,own weekday,MLK Day
LDWP,2025-02-09,Super Bowl Sunday,Sun,2.519933450021881,3.899776416969332,2.519933450021881,Sunday,Super Bowl Sunday
LDWP,2025-02-17,Presidents' Day,Mon,3.4901812190100294,3.94787076929027,3.1611229518490185,Sunday,Presidents' Day
LDWP,2025-05-26,Memorial Day,Mon,5.7707773564792015,3.681822608068334,2.4781434616729876,Sunday,Memorial Day
LDWP,2025-06-19,Juneteenth,Thu,5.941292191181095,6.307608821950368,4.942085470987931,Sunday,Juneteenth
LDWP,2025-07-04,Independence Day,Fri,2.9281102780149397,4.028935556024436,3.2675129200305784,own weekday,Independence Day
LDWP,2025-09-01,Labor Day,Mon,3.0585782801780943,5.228276536693188,4.436937020557766,own weekday,Labor Day
LDWP,2025-10-13,Columbus Day,Mon,9.365369939103385,9.040969018082528,9.769896343467783,Saturday,Columbus Day
LDWP,2025-11-11,Veterans Day,Tue,5.206115876141484,5.799321811895073,6.75549623929572,own weekday,Veterans Day
LDWP,2025-11-27,Thanksgiving,Thu,9.119261716675858,5.5841145652593305,6.886775366627533,Saturday,Thanksgiving
LDWP,2025-11-28,Day after Thanksgiving,Fri,3.352070033480814,5.22347958384718,4.610175969823225,own weekday,Day after Thanksgiving
LDWP,2025-12-24,Christmas Eve,Wed,5.362100862415036,4.251502221935795,5.68822788789004,Saturday,Christmas Eve
LDWP,2025-12-25,Christmas Day,Thu,6.769350596147415,4.059741721474149,5.974281960776332,Saturday,Christmas Day
LDWP,2025-12-31,New Year's Eve,Wed,1.9731991308935226,6.159661490962482,3.3149800918904884,own weekday,New Year's Eve
LDWP,2026-01-01,New Year's Day,Thu,19.850501055841182,13.468290660780502,16.52158876703207,Saturday,New Year's Day
LDWP,2026-01-19,MLK Day,Mon,1.731190924096441,5.262481667686738,5.611109435281043,own weekday,MLK Day
LDWP,2026-02-08,Super Bowl Sunday,Sun,4.088930500860427,3.5294741064831734,4.088930500860427,Saturday,Super Bowl Sunday
LDWP,2026-02-16,Presidents' Day,Mon,5.689316070975094,5.325170146758979,6.732783435274844,Saturday,Presidents' Day
LDWP,2026-05-25,Memorial Day,Mon,4.788580032194718,3.6514562195360303,3.3148020074421907,Sunday,Memorial Day
LDWP,2026-06-19,Juneteenth,Fri,2.8774605418601067,2.5228388590967747,2.384635146574109,Sunday,Juneteenth
LGEE,2015-09-07,Labor Day,Mon,5.17322831359647,1.5308189780275185,1.6612826674185484,Saturday,Labor Day
LGEE,2015-10-12,Columbus Day,Mon,2.3243134832359553,5.501136441094007,5.427682596877762,own weekday,Columbus Day
LGEE,2015-11-11,Veterans Day,Wed,6.554390090273533,3.3022787838104515,6.0396702584643895,Saturday,Veterans Day
LGEE,2015-11-26,Thanksgiving,Thu,9.345324291073464,6.072154608731451,9.203834713445215,Saturday,Thanksgiving
LGEE,2015-11-27,Day after Thanksgiving,Fri,4.901891234035887,2.8923676957779847,1.7352206625068762,Sunday,Day after Thanksgiving
LGEE,2015-12-24,Christmas Eve,Thu,4.931223710491443,3.6281510802264485,4.806066530063133,Saturday,Christmas Eve
LGEE,2015-12-25,Christmas Day,Fri,3.6300639868792666,5.4284896516160925,3.7122705167030707,own weekday,Christmas Day
LGEE,2015-12-31,New Year's Eve,Thu,3.133473493456138,4.505325818326222,5.168308848303116,own weekday,New Year's Eve
LGEE,2016-01-01,New Year's Day,Fri,6.1728921540546775,3.114298868171744,3.2353187702445156,Saturday,New Year's Day
LGEE,2016-01-18,MLK Day,Mon,5.128125104349984,4.210558547085368,6.702704876908017,Saturday,MLK Day
LGEE,2016-02-07,Super Bowl Sunday,Sun,8.184141255534744,3.205941202105738,8.184141255534744,Saturday,Super Bowl Sunday
LGEE,2016-02-15,Presidents' Day,Mon,3.95705958677839,3.9363488180212367,3.1760368508130665,Sunday,Presidents' Day
LGEE,2016-05-30,Memorial Day,Mon,10.42990297720629,12.734840063463446,8.27996502296242,Sunday,Memorial Day
LGEE,2016-07-04,Independence Day,Mon,5.6285204488411535,3.57404285552054,5.459903085373955,Saturday,Independence Day
LGEE,2016-09-05,Labor Day,Mon,6.510344113441484,8.466816000334164,4.959882017217029,Sunday,Labor Day
LGEE,2016-10-10,Columbus Day,Mon,5.99748192704263,5.719450872619728,7.299001543722379,Saturday,Columbus Day
LGEE,2016-11-11,Veterans Day,Fri,4.78389017643813,4.827183339166648,9.651144984088473,own weekday,Veterans Day
LGEE,2016-11-24,Thanksgiving,Thu,6.664140553328844,4.120899526206656,6.283275106949743,Saturday,Thanksgiving
LGEE,2016-11-25,Day after Thanksgiving,Fri,5.400258079193933,4.017134760373155,2.999973676513202,Sunday,Day after Thanksgiving
LGEE,2016-12-24,Christmas Eve,Sat,3.046852295170364,3.046852295170364,3.869915634649805,Saturday,Christmas Eve
LGEE,2016-12-25,Christmas Day,Sun,3.12351828690688,2.2401376964916717,3.12351828690688,Saturday,Christmas Day
LGEE,2016-12-26,Christmas Day (observed),Mon,4.074167177367211,4.925850403848891,5.515824774443829,own weekday,Christmas Day
LGEE,2016-12-31,New Year's Eve,Sat,3.9980614566217363,3.9980614566217363,4.710416881537099,Saturday,New Year's Eve
LGEE,2017-01-01,New Year's Day,Sun,2.1005032392372853,2.0817473363992587,2.1005032392372853,Saturday,New Year's Day
LGEE,2017-01-02,New Year's Day (observed),Mon,3.1238890837790207,3.646213543131333,4.965449386695109,own weekday,New Year's Day
LGEE,2017-01-16,MLK Day,Mon,2.2181589125664924,4.43671614317244,4.022526894431872,own weekday,MLK Day
LGEE,2017-02-05,Super Bowl Sunday,Sun,6.183147186430295,1.4190298517038222,6.183147186430295,Saturday,Super Bowl Sunday
LGEE,2017-02-20,Presidents' Day,Mon,1.904573853853727,5.285651211382653,5.8562978430297115,own weekday,Presidents' Day
LGEE,2017-05-29,Memorial Day,Mon,9.59134228828701,7.938357546312829,7.678319276441107,Sunday,Memorial Day
LGEE,2017-07-04,Independence Day,Tue,6.776600313537065,6.045476339564024,6.247564105418141,Saturday,Independence Day
LGEE,2017-09-04,Labor Day,Mon,4.521646653373968,7.121689748450942,2.540247068912552,Sunday,Labor Day
LGEE,2017-10-09,Columbus Day,Mon,2.0961479540046057,3.631250032689289,6.274883269515096,own weekday,Columbus Day
LGEE,2017-11-10,Veterans Day (observed),Fri,8.854899455821872,8.5927850195105,7.625549590631393,Sunday,Veterans Day
LGEE,2017-11-11,Veterans Day,Sat,13.70310227740247,13.70310227740247,13.947489568781748,Saturday,Veterans Day
LGEE,2017-11-23,Thanksgiving,Thu,14.689945809503,15.476930244577098,16.98216260470341,own weekday,Thanksgiving
LGEE,2017-11-24,Day after Thanksgiving,Fri,11.051802488060046,10.551729931584942,12.109466014214,Saturday,Day after Thanksgiving
LGEE,2017-12-24,Christmas Eve,Sun,2.350041310254047,3.7424900095066485,2.350041310254047,Sunday,Christmas Eve
LGEE,2017-12-25,Christmas Day,Mon,5.278502913660994,3.275052461193348,3.8127633490366235,Saturday,Christmas Day
LGEE,2017-12-31,New Year's Eve,Sun,3.5523689857396885,2.9954332566231217,3.5523689857396885,Saturday,New Year's Eve
LGEE,2018-01-01,New Year's Day,Mon,6.513142060647592,3.8339643198011077,2.592991615995137,Sunday,New Year's Day
LGEE,2018-01-15,MLK Day,Mon,3.6064526076013728,2.2502512650989472,2.4486796395985415,Saturday,MLK Day
LGEE,2018-02-04,Super Bowl Sunday,Sun,4.110999284133256,5.195972825949813,4.110999284133256,Sunday,Super Bowl Sunday
LGEE,2018-02-19,Presidents' Day,Mon,2.3167518929645152,3.807172176387185,4.720928378639833,own weekday,Presidents' Day
LGEE,2018-05-28,Memorial Day,Mon,9.154223976680498,10.364457698455926,7.637584598096662,Sunday,Memorial Day
LGEE,2018-07-04,Independence Day,Wed,6.328869889650135,3.703258438763405,3.4945180547006447,Sunday,Independence Day
LGEE,2018-09-03,Labor Day,Mon,4.272924114857694,3.471226068622512,1.414073228504498,Sunday,Labor Day
LGEE,2018-10-08,Columbus Day,Mon,2.1447119916456048,4.9805562115244735,5.678060519980651,own weekday,Columbus Day
LGEE,2018-11-11,Veterans Day,Sun,12.312752230388485,8.569300661875795,12.312752230388485,Saturday,Veterans Day
LGEE,2018-11-12,Veterans Day (observed),Mon,2.4035269021556958,3.0382960846930906,2.430149386425667,own weekday,Veterans Day
LGEE,2018-11-22,Thanksgiving,Thu,12.501331623310985,11.034475548472756,11.658992142218604,Saturday,Thanksgiving
LGEE,2018-11-23,Day after Thanksgiving,Fri,5.193222676575684,3.31553242520177,3.659856273428235,Saturday,Day after Thanksgiving
LGEE,2018-12-24,Christmas Eve,Mon,9.43131098124623,5.535552164286432,6.53199790313508,Saturday,Christmas Eve
LGEE,2018-12-25,Christmas Day,Tue,7.49455360403082,4.379194516455274,5.280349699183959,Saturday,Christmas Day
LGEE,2019-01-01,New Year's Day,Tue,3.6901989196481932,5.8654458948200645,7.369331085258228,own weekday,New Year's Day
LGEE,2019-01-21,MLK Day,Mon,6.5507779806497055,5.014297119460679,4.91142136038873,Sunday,MLK Day
LGEE,2019-02-03,Super Bowl Sunday,Sun,4.440599816627878,2.9743180435040966,4.440599816627878,Saturday,Super Bowl Sunday
LGEE,2019-02-18,Presidents' Day,Mon,3.2955196442896435,8.263044705917723,6.645908865620378,own weekday,Presidents' Day
LGEE,2019-05-27,Memorial Day,Mon,13.203156311712341,15.821665168829051,12.985520657316332,Sunday,Memorial Day
LGEE,2019-07-04,Independence Day,Thu,6.452580047318672,2.0066449745375876,3.198340663774265,Saturday,Independence Day
LGEE,2019-09-02,Labor Day,Mon,3.740367787648179,1.5600697433766046,1.4799814213798668,Sunday,Labor Day
LGEE,2019-10-14,Columbus Day,Mon,10.900807727451545,8.509937177312109,12.023543159545367,Saturday,Columbus Day
LGEE,2019-11-11,Veterans Day,Mon,5.7045049662658105,6.315894530588885,5.183001837249733,Sunday,Veterans Day
LGEE,2019-11-28,Thanksgiving,Thu,7.037440885572786,3.0520092091947277,4.167076270582885,Saturday,Thanksgiving
LGEE,2019-11-29,Day after Thanksgiving,Fri,3.2455791039493898,1.7567829804920672,1.7926148805666755,Saturday,Day after Thanksgiving
LGEE,2019-12-24,Christmas Eve,Tue,9.158992887056746,3.6546750228369542,4.629129147895282,Saturday,Christmas Eve
LGEE,2019-12-25,Christmas Day,Wed,6.084253707071077,3.8828137272790118,4.880537408884816,Saturday,Christmas Day
LGEE,2020-01-01,New Year's Day,Wed,4.809450983532649,3.2317588202689533,1.8539617461857911,Sunday,New Year's Day
LGEE,2020-01-20,MLK Day,Mon,3.0097105203818293,3.01427132970311,4.905936920541521,own weekday,MLK Day
LGEE,2020-02-02,Super Bowl Sunday,Sun,7.350987392226295,8.596405077446294,7.350987392226295,Sunday,Super Bowl Sunday
LGEE,2020-02-17,Presidents' Day,Mon,4.360303358056658,5.887261720463878,5.468480408559608,own weekday,Presidents' Day
LGEE,2020-05-25,Memorial Day,Mon,12.66800572697793,14.601519570431659,11.24923298984169,Sunday,Memorial Day
LGEE,2020-07-03,Independence Day (observed),Fri,3.1943857074075788,2.713495693120392,4.818892307574088,Saturday,Independence Day
LGEE,2020-07-04,Independence Day,Sat,4.069010481453601,4.069010481453601,6.094178858244165,Saturday,Independence Day
LGEE,2020-09-07,Labor Day,Mon,5.8226067387285,6.8627127370712815,4.585422224367687,Sunday,Labor Day
LGEE,2020-10-12,Columbus Day,Mon,4.163094329044254,5.07204360132644,6.0005894524297165,own weekday,Columbus Day
LGEE,2020-11-11,Veterans Day,Wed,3.766944867456714,2.5711670931749095,3.082470420736201,Saturday,Veterans Day
LGEE,2020-11-26,Thanksgiving,Thu,4.9667224334884965,3.540532212701536,4.961827070832117,Saturday,Thanksgiving
LGEE,2020-11-27,Day after Thanksgiving,Fri,4.822408084768312,2.68514116674019,5.507908280214682,Saturday,Day after Thanksgiving
LGEE,2020-12-24,Christmas Eve,Thu,10.618330495071755,13.149665829586352,7.363020866290702,Sunday,Christmas Eve
LGEE,2020-12-25,Christmas Day,Fri,3.8920156615540837,3.8707756403608373,2.7747645007042165,Sunday,Christmas Day
LGEE,2021-01-01,New Year's Day,Fri,4.950116554040998,4.064653034779669,8.155892258672596,Saturday,New Year's Day
LGEE,2021-01-18,MLK Day,Mon,2.5169367066873285,3.509533263463004,4.094454954749497,own weekday,MLK Day
LGEE,2021-02-07,Super Bowl Sunday,Sun,3.6320416276821677,5.523419978033181,3.6320416276821677,Sunday,Super Bowl Sunday
LGEE,2021-02-15,Presidents' Day,Mon,2.9430678952775633,3.3683149570461786,3.922993380222183,own weekday,Presidents' Day
LGEE,2021-05-31,Memorial Day,Mon,7.78804997920607,8.174884897880547,5.648647904620691,Sunday,Memorial Day
LGEE,2021-06-18,Juneteenth (observed),Fri,12.263359731833827,13.345097398815064,10.028911431343447,Sunday,Juneteenth
LGEE,2021-06-19,Juneteenth,Sat,7.408156353996012,7.408156353996012,4.816788551166694,Sunday,Juneteenth
LGEE,2021-07-04,Independence Day,Sun,5.932921889492127,6.55187567875309,5.932921889492127,Sunday,Independence Day
LGEE,2021-07-05,Independence Day (observed),Mon,7.836914972765046,4.529668364886534,2.1844823454200144,Sunday,Independence Day
LGEE,2021-09-06,Labor Day,Mon,4.7011161559622705,3.3197476619957573,1.765395414992326,Sunday,Labor Day
LGEE,2021-10-11,Columbus Day,Mon,2.2293941695447654,4.080614076468567,4.712752196456262,own weekday,Columbus Day
LGEE,2021-11-11,Veterans Day,Thu,4.986633949720753,2.4182166068830644,3.700913876264945,Saturday,Veterans Day
LGEE,2021-11-25,Thanksgiving,Thu,7.658708049699091,3.710113569057316,4.549756861163476,Saturday,Thanksgiving
LGEE,2021-11-26,Day after Thanksgiving,Fri,4.352534630721616,4.859261526616468,4.7462759479938175,own weekday,Day after Thanksgiving
LGEE,2021-12-24,Christmas Eve,Fri,4.539074876710111,3.8296375361736295,4.3498496076112705,Saturday,Christmas Eve
LGEE,2021-12-25,Christmas Day,Sat,3.3871681652134646,3.3871681652134646,3.625017969931257,Saturday,Christmas Day
LGEE,2021-12-31,New Year's Day (observed),Fri,3.2530273616607452,2.994505350008104,3.1155420228845583,Saturday,New Year's Day
LGEE,2022-01-01,New Year's Day,Sat,6.026764812468577,6.026764812468577,5.739075765726579,Sunday,New Year's Day
LGEE,2022-01-17,MLK Day,Mon,4.244855442322901,4.098184647876262,3.8978407907573223,Sunday,MLK Day
LGEE,2022-02-13,Super Bowl Sunday,Sun,5.1318562583947385,2.9914393435472073,5.1318562583947385,Saturday,Super Bowl Sunday
LGEE,2022-02-21,Presidents' Day,Mon,2.195430114299436,4.5640086781926135,4.339847184213227,own weekday,Presidents' Day
LGEE,2022-05-30,Memorial Day,Mon,13.668192842836447,11.05861803686657,10.968037087148469,Sunday,Memorial Day
LGEE,2022-06-19,Juneteenth,Sun,2.431503655256439,5.093901199460891,2.431503655256439,Sunday,Juneteenth
LGEE,2022-06-20,Juneteenth (observed),Mon,8.579465637680478,8.433303391316564,3.6109152409094354,Sunday,Juneteenth
LGEE,2022-07-04,Independence Day,Mon,10.32809592831752,9.680080506919058,4.688586823928082,Sunday,Independence Day
LGEE,2022-09-05,Labor Day,Mon,2.913693642409396,1.8908963105037098,1.9076421543788253,Saturday,Labor Day
LGEE,2022-10-10,Columbus Day,Mon,7.330222991201612,8.070745746298066,8.755516525430014,own weekday,Columbus Day
LGEE,2022-11-11,Veterans Day,Fri,3.326788996888302,2.8900809761665758,2.838649027789479,Sunday,Veterans Day
LGEE,2022-11-24,Thanksgiving,Thu,10.559269550076193,10.569767827953868,12.81450215874757,own weekday,Thanksgiving
LGEE,2022-11-25,Day after Thanksgiving,Fri,5.918715041650003,5.385034040741007,4.059492673741087,Sunday,Day after Thanksgiving
LGEE,2022-12-24,Christmas Eve,Sat,7.7031217730515635,7.7031217730515635,9.954978376679593,Saturday,Christmas Eve
LGEE,2022-12-25,Christmas Day,Sun,9.772164320539574,8.966173947390493,9.772164320539574,Saturday,Christmas Day
LGEE,2022-12-26,Christmas Day (observed),Mon,5.474250421559101,5.7797584721628406,7.022127149543313,own weekday,Christmas Day
LGEE,2022-12-31,New Year's Eve,Sat,3.90720721127503,3.90720721127503,3.2528014802125678,Sunday,New Year's Eve
LGEE,2023-01-01,New Year's Day,Sun,3.028459937997152,1.8901145235942667,3.028459937997152,Saturday,New Year's Day
LGEE,2023-01-02,New Year's Day (observed),Mon,5.808668938028635,3.3536464070613627,4.021321717560598,Saturday,New Year's Day
LGEE,2023-01-16,MLK Day,Mon,4.121881835643392,4.206674062753798,6.126325044181069,own weekday,MLK Day
LGEE,2023-02-12,Super Bowl Sunday,Sun,4.636612898231736,2.1644840821236326,4.636612898231736,Saturday,Super Bowl Sunday
LGEE,2023-02-20,Presidents' Day,Mon,2.4322072504009213,8.272414052387541,4.257216305093583,own weekday,Presidents' Day
LGEE,2023-05-29,Memorial Day,Mon,13.235767102897153,11.131551541809975,10.77607029695778,Sunday,Memorial Day
LGEE,2023-06-19,Juneteenth,Mon,1.95828743801239,2.48026302800579,3.2099958512743063,own weekday,Juneteenth
LGEE,2023-07-04,Independence Day,Tue,3.96496818674108,3.1741476548265597,3.017361289394047,Sunday,Independence Day
LGEE,2023-09-04,Labor Day,Mon,6.154119787389231,6.373806334974976,4.314849559304363,Sunday,Labor Day
LGEE,2023-10-09,Columbus Day,Mon,10.930927586373246,9.130138638257868,10.798176651544225,Saturday,Columbus Day
LGEE,2023-11-10,Veterans Day (observed),Fri,5.938782709543754,3.434075047812564,4.08697627703652,Saturday,Veterans Day
LGEE,2023-11-11,Veterans Day,Sat,5.066600234297721,5.066600234297721,7.381688174753504,Saturday,Veterans Day
LGEE,2023-11-23,Thanksgiving,Thu,11.344890498140286,9.2657026872092,11.178069603378594,Saturday,Thanksgiving
LGEE,2023-11-24,Day after Thanksgiving,Fri,8.216820551700572,5.177447645607728,5.826728196577701,Saturday,Day after Thanksgiving
LGEE,2023-12-24,Christmas Eve,Sun,7.352070024819906,2.7927460542362277,7.352070024819906,Saturday,Christmas Eve
LGEE,2023-12-25,Christmas Day,Mon,3.287393847942783,4.099148263973671,2.539475298959598,Sunday,Christmas Day
LGEE,2023-12-31,New Year's Eve,Sun,2.730451912762266,2.7951444801785037,2.730451912762266,Sunday,New Year's Eve
LGEE,2024-01-01,New Year's Day,Mon,3.9800811261372324,3.086356100696315,2.512063448310656,Sunday,New Year's Day
LGEE,2024-01-15,MLK Day,Mon,3.2580456579889603,1.5496824244738068,4.619198758559234,Saturday,MLK Day
LGEE,2024-02-11,Super Bowl Sunday,Sun,1.6114371111623584,2.2330181589189313,1.6114371111623584,Sunday,Super Bowl Sunday
LGEE,2024-02-19,Presidents' Day,Mon,7.473909632450019,8.815337022877708,7.483653278528024,own weekday,Presidents' Day
LGEE,2024-05-27,Memorial Day,Mon,6.396127240140144,7.775931997259917,4.413627843142006,Sunday,Memorial Day
LGEE,2024-06-19,Juneteenth,Wed,2.599449441159933,2.4829394881531672,5.390256328325327,Saturday,Juneteenth
LGEE,2024-07-04,Independence Day,Thu,5.627253474051125,4.6909959997911646,4.74947426473103,Saturday,Independence Day
LGEE,2024-09-02,Labor Day,Mon,5.3594206950962775,3.7909023724800464,4.36049349283469,Saturday,Labor Day
LGEE,2024-10-14,Columbus Day,Mon,6.491199402516587,8.376144914886241,8.802359069112553,own weekday,Columbus Day
LGEE,2024-11-11,Veterans Day,Mon,3.5508135318476097,5.239725449883648,3.3887795291837977,Sunday,Veterans Day
LGEE,2024-11-28,Thanksgiving,Thu,4.374622942233334,3.184453659245337,4.656569629170509,Saturday,Thanksgiving
LGEE,2024-11-29,Day after Thanksgiving,Fri,4.540547266843471,3.8984060074037714,3.6078040379865928,Sunday,Day after Thanksgiving
LGEE,2024-12-24,Christmas Eve,Tue,7.23488219676702,2.9840289062468757,4.830119659764309,Saturday,Christmas Eve
LGEE,2024-12-25,Christmas Day,Wed,5.998974918118291,1.9163369495003757,2.7506960754052856,Saturday,Christmas Day
LGEE,2024-12-31,New Year's Eve,Tue,4.304393071089504,6.813018372498606,5.94537744609235,own weekday,New Year's Eve
LGEE,2025-01-01,New Year's Day,Wed,4.494459310428157,7.833903346452875,7.153715666352636,own weekday,New Year's Day
LGEE,2025-01-20,MLK Day,Mon,5.79741075661101,2.5345881514253117,4.177998837543473,Saturday,MLK Day
LGEE,2025-02-09,Super Bowl Sunday,Sun,5.164683067932542,5.638515551592497,5.164683067932542,Sunday,Super Bowl Sunday
LGEE,2025-02-17,Presidents' Day,Mon,2.12422560334943,3.251267573096517,5.109898827383811,own weekday,Presidents' Day
LGEE,2025-05-26,Memorial Day,Mon,5.728403449381172,6.203987703962144,2.5797759261523554,Sunday,Memorial Day
LGEE,2025-06-19,Juneteenth,Thu,2.2014873441666225,4.407454370527105,2.996159381486408,own weekday,Juneteenth
LGEE,2025-07-04,Independence Day,Fri,9.763709713842026,6.896863365221343,5.168881639306569,Sunday,Independence Day
LGEE,2025-09-01,Labor Day,Mon,6.107875393148927,6.525149528033319,4.689067882487317,Sunday,Labor Day
LGEE,2025-10-13,Columbus Day,Mon,2.5130392816332168,5.942578929039233,6.528775343797356,own weekday,Columbus Day
LGEE,2025-11-11,Veterans Day,Tue,11.009229448569767,11.792516885331358,12.968411396102193,own weekday,Veterans Day
LGEE,2025-11-27,Thanksgiving,Thu,4.811121110268279,4.112605588025357,5.6118447971950225,Saturday,Thanksgiving
LGEE,2025-11-28,Day after Thanksgiving,Fri,6.981999173685062,7.329139199838024,8.322229370796032,own weekday,Day after Thanksgiving
LGEE,2025-12-24,Christmas Eve,Wed,4.372489620010769,3.276775728561444,7.082056878769831,Saturday,Christmas Eve
LGEE,2025-12-25,Christmas Day,Thu,3.629038027464957,5.273094343195955,3.229116641278441,Sunday,Christmas Day
LGEE,2025-12-31,New Year's Eve,Wed,3.9261384553844336,3.801815468765989,7.942453984297236,Saturday,New Year's Eve
LGEE,2026-01-01,New Year's Day,Thu,4.293218332610539,2.850818668330235,3.975962187627894,Saturday,New Year's Day
LGEE,2026-01-19,MLK Day,Mon,6.086391506748182,3.1874645794975085,1.533261956367511,Sunday,MLK Day
LGEE,2026-02-08,Super Bowl Sunday,Sun,3.8150794822669685,3.044938757828631,3.8150794822669685,Saturday,Super Bowl Sunday
LGEE,2026-02-16,Presidents' Day,Mon,3.4073930633035134,4.236872614717177,5.196624062590821,own weekday,Presidents' Day
LGEE,2026-05-25,Memorial Day,Mon,6.206455270507782,6.714457944271063,4.840168054606783,Sunday,Memorial Day
LGEE,2026-06-19,Juneteenth,Fri,6.918259482755721,3.9846305651233713,4.004891986800501,Saturday,Juneteenth
MISO,2015-09-07,Labor Day,Mon,3.299496894297572,1.982906733633414,1.4178294342274569,Sunday,Labor Day
MISO,2015-10-12,Columbus Day,Mon,1.404137902771678,4.044412351969032,5.020441106112026,own weekday,Columbus Day
MISO,2015-11-11,Veterans Day,Wed,3.3738053672403012,2.313197464875173,2.1137444293953864,Sunday,Veterans Day
MISO,2015-11-26,Thanksgiving,Thu,6.292119887898105,3.3178019214123555,4.278626028966926,Saturday,Thanksgiving
MISO,2015-11-27,Day after Thanksgiving,Fri,4.636028023563348,4.2403027247790295,2.772759917391504,Sunday,Day after Thanksgiving
MISO,2015-12-24,Christmas Eve,Thu,2.843935262303674,1.212271259894781,3.0308513679031748,Saturday,Christmas Eve
MISO,2015-12-25,Christmas Day,Fri,3.1176056939717203,1.3735673685501861,2.0599069910535244,Saturday,Christmas Day
MISO,2015-12-31,New Year's Eve,Thu,2.381645689489252,1.217077640662288,2.8193926213374465,Saturday,New Year's Eve
MISO,2016-01-01,New Year's Day,Fri,4.032927739610789,2.0415951491153095,1.375057717303988,Sunday,New Year's Day
MISO,2016-01-18,MLK Day,Mon,3.113387353358032,2.768948694361421,3.267683030382555,Saturday,MLK Day
MISO,2016-02-07,Super Bowl Sunday,Sun,4.245691691392181,1.494475877385696,4.245691691392181,Saturday,Super Bowl Sunday
MISO,2016-02-15,Presidents' Day,Mon,1.7094677828426181,3.3715825331598044,3.5044645963000316,own weekday,Presidents' Day
MISO,2016-05-30,Memorial Day,Mon,7.68545478531241,8.721299695326321,6.587526086567193,Sunday,Memorial Day
MISO,2016-07-04,Independence Day,Mon,4.29217786648329,1.922281415760984,0.9799965770986333,Sunday,Independence Day
MISO,2016-09-05,Labor Day,Mon,3.788454703355181,6.017673332626366,3.801702168668733,own weekday,Labor Day
MISO,2016-10-10,Columbus Day,Mon,3.9043346527340503,3.3867692813937653,4.64353818791405,Saturday,Columbus Day
MISO,2016-11-11,Veterans Day,Fri,3.0625844045287014,2.8797365369166346,4.468010513268014,Saturday,Veterans Day
MISO,2016-11-24,Thanksgiving,Thu,5.691229861763588,3.6636341964283217,5.558537700978322,Saturday,Thanksgiving
MISO,2016-11-25,Day after Thanksgiving,Fri,4.502240975731381,1.5597061579732086,1.811552171248658,Saturday,Day after Thanksgiving
MISO,2016-12-24,Christmas Eve,Sat,1.4941697498482287,1.4941697498482287,2.739192243822854,Saturday,Christmas Eve
MISO,2016-12-25,Christmas Day,Sun,2.584926421407327,1.0468254734357398,2.584926421407327,Saturday,Christmas Day
MISO,2016-12-26,Christmas Day (observed),Mon,4.166807711441523,4.34696532291402,3.714156410257141,Sunday,Christmas Day
MISO,2016-12-31,New Year's Eve,Sat,1.6912536635499218,1.6912536635499218,2.6419498235517214,Saturday,New Year's Eve
MISO,2017-01-01,New Year's Day,Sun,2.3638613387365073,2.4184393875315657,2.3638613387365073,Sunday,New Year's Day
MISO,2017-01-02,New Year's Day (observed),Mon,2.836534348428853,2.632196341950625,2.6518740426281937,Saturday,New Year's Day
MISO,2017-01-16,MLK Day,Mon,1.9689577188255911,3.4172245005596276,3.9097239905673895,own weekday,MLK Day
MISO,2017-02-05,Super Bowl Sunday,Sun,1.901015275418912,1.2434833018983529,1.901015275418912,Saturday,Super Bowl Sunday
MISO,2017-02-20,Presidents' Day,Mon,2.9663762071261406,5.382799230908759,4.757382377531232,own weekday,Presidents' Day
MISO,2017-05-29,Memorial Day,Mon,5.1890984400480535,4.706014714316898,4.098597227670191,Sunday,Memorial Day
MISO,2017-07-04,Independence Day,Tue,4.428861688842467,3.5903250260901096,3.312348398198655,Sunday,Independence Day
MISO,2017-09-04,Labor Day,Mon,3.3416224524016838,3.523016076528577,1.8724112136274518,Sunday,Labor Day
MISO,2017-10-09,Columbus Day,Mon,0.5880632402362226,3.8004748258636596,4.744423502220319,own weekday,Columbus Day
MISO,2017-11-10,Veterans Day (observed),Fri,5.719911871025477,5.740839012656702,6.658325644350763,own weekday,Veterans Day
MISO,2017-11-11,Veterans Day,Sat,7.305756928091657,7.305756928091657,8.24214787367116,Saturday,Veterans Day
MISO,2017-11-23,Thanksgiving,Thu,9.44861054486351,9.825723293806432,8.986436749618253,Sunday,Thanksgiving
MISO,2017-11-24,Day after Thanksgiving,Fri,6.141698280652771,6.181313111178833,4.936479558757496,Sunday,Day after Thanksgiving
MISO,2017-12-24,Christmas Eve,Sun,1.5608585233384134,1.568037941244171,1.5608585233384134,Sunday,Christmas Eve
MISO,2017-12-25,Christmas Day,Mon,4.84421751575573,2.3348295165470074,2.9418873380550075,Saturday,Christmas Day
MISO,2017-12-31,New Year's Eve,Sun,1.0232552759100595,1.7260468295619242,1.0232552759100595,Sunday,New Year's Eve
MISO,2018-01-01,New Year's Day,Mon,5.864747022121334,2.3742571790909714,2.5756731139318623,Saturday,New Year's Day
MISO,2018-01-15,MLK Day,Mon,2.972461313317881,1.6779123659394717,2.805369195538376,Saturday,MLK Day
MISO,2018-02-04,Super Bowl Sunday,Sun,2.7857272770545856,4.377233588049609,2.7857272770545856,Sunday,Super Bowl Sunday
MISO,2018-02-19,Presidents' Day,Mon,2.975348984373696,4.915850519212359,4.8203685533214715,own weekday,Presidents' Day
MISO,2018-05-28,Memorial Day,Mon,10.591001369749,10.866729058967922,8.879671290702902,Sunday,Memorial Day
MISO,2018-07-04,Independence Day,Wed,2.874020343156776,2.373337879526553,2.218308126704936,Sunday,Independence Day
MISO,2018-09-03,Labor Day,Mon,2.5553758520784493,0.7961862960224978,2.075942258819511,Saturday,Labor Day
MISO,2018-10-08,Columbus Day,Mon,0.7264941238226779,3.682772500925105,4.069827112726836,own weekday,Columbus Day
MISO,2018-11-11,Veterans Day,Sun,6.030943929854506,2.775900107426855,6.030943929854506,Saturday,Veterans Day
MISO,2018-11-12,Veterans Day (observed),Mon,2.424012082826235,3.521643537903584,3.125754159290849,own weekday,Veterans Day
MISO,2018-11-22,Thanksgiving,Thu,6.102448626138826,5.094845058266278,8.401661665031716,Saturday,Thanksgiving
MISO,2018-11-23,Day after Thanksgiving,Fri,3.03641029281274,0.6640305895529843,2.920112330771708,Saturday,Day after Thanksgiving
MISO,2018-12-24,Christmas Eve,Mon,5.666625151968919,2.117065516490743,4.133515433192158,Saturday,Christmas Eve
MISO,2018-12-25,Christmas Day,Tue,3.4504056952504754,1.4463391628219753,3.0309977894228552,Saturday,Christmas Day
MISO,2018-12-31,New Year's Eve,Mon,2.9991770402372233,2.524957994714966,3.5577492388297935,Saturday,New Year's Eve
MISO,2019-01-01,New Year's Day,Tue,3.556935511991308,2.895392760693826,2.0040855508529543,Sunday,New Year's Day
MISO,2019-01-21,MLK Day,Mon,3.270321402761452,2.2449693302969904,3.2625915943236445,Saturday,MLK Day
MISO,2019-02-03,Super Bowl Sunday,Sun,1.5477254288318307,1.7368930612581575,1.5477254288318307,Sunday,Super Bowl Sunday
MISO,2019-02-18,Presidents' Day,Mon,1.1599087525311313,4.458999129915819,3.691999827519271,own weekday,Presidents' Day
MISO,2019-05-27,Memorial Day,Mon,5.80520213047177,8.17337311872205,5.9930948496261145,own weekday,Memorial Day
MISO,2019-07-04,Independence Day,Thu,4.404761492087265,3.6964078463976735,3.930166011735349,Saturday,Independence Day
MISO,2019-09-02,Labor Day,Mon,3.5005782682724758,2.361353003488466,1.8972465611875218,Sunday,Labor Day
MISO,2019-10-14,Columbus Day,Mon,6.6542068217115435,4.994565171016865,6.303741178422374,Saturday,Columbus Day
MISO,2019-11-11,Veterans Day,Mon,3.5585300780567133,5.2239211489537505,3.449117604744878,Sunday,Veterans Day
MISO,2019-11-28,Thanksgiving,Thu,4.224020256805916,2.148305499950831,3.0770828477975547,Saturday,Thanksgiving
MISO,2019-11-29,Day after Thanksgiving,Fri,3.4180181281646718,2.8870334016999264,1.7878389699144657,Sunday,Day after Thanksgiving
MISO,2019-12-24,Christmas Eve,Tue,4.624211282678781,2.540252059510483,3.4183092228315726,Saturday,Christmas Eve
MISO,2019-12-25,Christmas Day,Wed,3.076649371554883,1.64725924948085,2.543999146780632,Saturday,Christmas Day
MISO,2019-12-31,New Year's Eve,Tue,3.2190624221344653,1.800167861040974,2.7144061465468283,Saturday,New Year's Eve
MISO,2020-01-01,New Year's Day,Wed,2.964080335376211,2.102413842622515,2.406308028334599,Saturday,New Year's Day
MISO,2020-01-20,MLK Day,Mon,2.1551696639690685,2.625003534738401,2.756541535461642,own weekday,MLK Day
MISO,2020-02-02,Super Bowl Sunday,Sun,4.061989585269455,3.6939244825145163,4.061989585269455,Saturday,Super Bowl Sunday
MISO,2020-02-17,Presidents' Day,Mon,0.999285390590726,2.9970968917260343,3.371448003320257,own weekday,Presidents' Day
MISO,2020-05-25,Memorial Day,Mon,8.120995571187297,9.057428176360542,7.821583428126772,Sunday,Memorial Day
MISO,2020-07-03,Independence Day (observed),Fri,3.1849140525384145,4.229845032577898,3.6694610407830854,own weekday,Independence Day
MISO,2020-07-04,Independence Day,Sat,4.812489618744372,4.812489618744372,3.7378332930281886,Sunday,Independence Day
MISO,2020-09-07,Labor Day,Mon,3.0700453325696686,0.676256953146584,1.3188864829933353,Saturday,Labor Day
MISO,2020-10-12,Columbus Day,Mon,2.168125292057723,3.7200922733927317,5.488547156169928,own weekday,Columbus Day
MISO,2020-11-11,Veterans Day,Wed,2.7669787855007075,2.351605687386061,2.141494977620941,Sunday,Veterans Day
MISO,2020-11-26,Thanksgiving,Thu,4.656427238436176,2.5973784753061757,5.043053009181838,Saturday,Thanksgiving
MISO,2020-11-27,Day after Thanksgiving,Fri,3.5625131156996526,1.8213702570203882,2.0576901324050776,Saturday,Day after Thanksgiving
MISO,2020-12-24,Christmas Eve,Thu,3.54830361204611,3.64822597825655,2.7144951728826987,Sunday,Christmas Eve
MISO,2020-12-25,Christmas Day,Fri,4.983436845174869,4.063764000443282,6.397973665713348,Saturday,Christmas Day
MISO,2020-12-31,New Year's Eve,Thu,1.545499540420884,1.3410948888159435,2.2191593620407044,Saturday,New Year's Eve
MISO,2021-01-01,New Year's Day,Fri,3.1803474270286576,0.9869021937111521,2.5425352181048555,Saturday,New Year's Day
MISO,2021-01-18,MLK Day,Mon,1.9844689248912166,3.0169534786795573,4.018060295179211,own weekday,MLK Day
MISO,2021-02-07,Super Bowl Sunday,Sun,1.2646473424544715,1.4926953573598791,1.2646473424544715,Sunday,Super Bowl Sunday
MISO,2021-02-15,Presidents' Day,Mon,2.7306721807656182,1.0945393936642658,1.9374777145354956,Saturday,Presidents' Day
MISO,2021-05-31,Memorial Day,Mon,5.167124676932155,5.598060562960653,4.045903857676531,Sunday,Memorial Day
MISO,2021-06-18,Juneteenth (observed),Fri,7.179345479938378,6.629724303316369,4.983267017824501,Sunday,Juneteenth
MISO,2021-06-19,Juneteenth,Sat,4.1802155613825835,4.1802155613825835,2.6805038764950955,Sunday,Juneteenth
MISO,2021-07-04,Independence Day,Sun,4.140156841666447,4.6159105502786675,4.140156841666447,Sunday,Independence Day
MISO,2021-07-05,Independence Day (observed),Mon,4.8879775622506125,4.825021680935288,4.136532409573766,Sunday,Independence Day
MISO,2021-09-06,Labor Day,Mon,4.318760285010023,2.697038871502022,1.3083730047215842,Sunday,Labor Day
MISO,2021-10-11,Columbus Day,Mon,3.06759701297856,3.5503549567076007,4.704070137093174,own weekday,Columbus Day
MISO,2021-11-11,Veterans Day,Thu,2.247438335388098,2.7785335779048426,3.228374914751484,own weekday,Veterans Day
MISO,2021-11-25,Thanksgiving,Thu,4.553299549033526,2.593737702018666,2.910071342734925,Saturday,Thanksgiving
MISO,2021-11-26,Day after Thanksgiving,Fri,3.5133579325785917,1.8544449627516078,2.6388984786636147,Saturday,Day after Thanksgiving
MISO,2021-12-24,Christmas Eve,Fri,2.7115886799408897,1.9965363567161154,3.0465600466771896,Saturday,Christmas Eve
MISO,2021-12-25,Christmas Day,Sat,2.18211002736589,2.18211002736589,1.8138782317171902,Sunday,Christmas Day
MISO,2021-12-31,New Year's Day (observed),Fri,2.6079403739002247,2.358305814269721,2.526971010376012,Saturday,New Year's Day
MISO,2022-01-01,New Year's Day,Sat,3.574164260761496,3.574164260761496,2.675465317277927,Sunday,New Year's Day
MISO,2022-01-17,MLK Day,Mon,1.4935788279625468,2.9189391373112437,3.982746339026487,own weekday,MLK Day
MISO,2022-02-13,Super Bowl Sunday,Sun,2.3336535918711516,2.175396085088209,2.3336535918711516,Saturday,Super Bowl Sunday
MISO,2022-02-21,Presidents' Day,Mon,2.7951518682557657,5.940590880234852,4.7764535688642775,own weekday,Presidents' Day
MISO,2022-05-30,Memorial Day,Mon,9.64675092937651,9.356711587510375,8.035587821850102,Sunday,Memorial Day
MISO,2022-06-19,Juneteenth,Sun,5.043154176668637,5.775438395314536,5.043154176668637,Sunday,Juneteenth
MISO,2022-06-20,Juneteenth (observed),Mon,7.2158141070856034,7.94596987519534,6.127686248372907,Sunday,Juneteenth
MISO,2022-07-04,Independence Day,Mon,4.816853492733091,4.95917462716646,3.246276707260809,Sunday,Independence Day
MISO,2022-09-05,Labor Day,Mon,3.6403958319712366,1.9372063153618644,1.0411510323205875,Sunday,Labor Day
MISO,2022-10-10,Columbus Day,Mon,3.273936797575979,3.5743119839796105,3.983119623129593,own weekday,Columbus Day
MISO,2022-11-11,Veterans Day,Fri,2.3378343981262493,2.065511047760081,2.3937836658186535,Saturday,Veterans Day
MISO,2022-11-24,Thanksgiving,Thu,5.186311101597858,3.5457766108042374,6.006387362160687,Saturday,Thanksgiving
MISO,2022-11-25,Day after Thanksgiving,Fri,4.334042905820663,2.0177581542097296,2.803963432063224,Saturday,Day after Thanksgiving
MISO,2022-12-24,Christmas Eve,Sat,5.298648917992444,5.298648917992444,5.959247667070378,Saturday,Christmas Eve
MISO,2022-12-25,Christmas Day,Sun,6.08338131939791,5.567187102850607,6.08338131939791,Saturday,Christmas Day
MISO,2022-12-26,Christmas Day (observed),Mon,4.623197173643929,2.298231162186428,2.1787868687886904,Sunday,Christmas Day
MISO,2022-12-31,New Year's Eve,Sat,0.9644950864360124,0.9644950864360124,2.2417191284405265,Saturday,New Year's Eve
MISO,2023-01-01,New Year's Day,Sun,1.5456561132070208,0.9791389280904613,1.5456561132070208,Saturday,New Year's Day
MISO,2023-01-02,New Year's Day (observed),Mon,3.318911280579842,4.125115900616502,5.120254187928349,own weekday,New Year's Day
MISO,2023-01-16,MLK Day,Mon,1.2727734093762564,3.0433632074255463,4.284513899216355,own weekday,MLK Day
MISO,2023-02-12,Super Bowl Sunday,Sun,4.764900652351463,2.610684436728563,4.764900652351463,Saturday,Super Bowl Sunday
MISO,2023-02-20,Presidents' Day,Mon,1.965409799867402,4.363298200787591,3.5906414901709325,own weekday,Presidents' Day
MISO,2023-05-29,Memorial Day,Mon,9.984868664694492,9.039082256983637,7.691098510030297,Sunday,Memorial Day
MISO,2023-06-19,Juneteenth,Mon,6.103632331515939,6.431495828859722,5.597420588677013,Sunday,Juneteenth
MISO,2023-07-04,Independence Day,Tue,3.251966511747307,2.7255329033740967,2.8800676927761186,Saturday,Independence Day
MISO,2023-09-04,Labor Day,Mon,2.8245341906534134,4.641697324835752,2.8520102760366437,own weekday,Labor Day
MISO,2023-10-09,Columbus Day,Mon,4.225885928762457,4.948061880571927,6.369587477977028,own weekday,Columbus Day
MISO,2023-11-10,Veterans Day (observed),Fri,3.4262976512624057,2.0138025303174114,3.212994235712374,Saturday,Veterans Day
MISO,2023-11-11,Veterans Day,Sat,3.3614312871616576,3.3614312871616576,4.653404272239761,Saturday,Veterans Day
MISO,2023-11-23,Thanksgiving,Thu,6.823169107139561,5.402237857348267,6.560714524949858,Saturday,Thanksgiving
MISO,2023-11-24,Day after Thanksgiving,Fri,4.793803240137445,2.644388868549507,2.371276983940905,Sunday,Day after Thanksgiving
MISO,2023-12-24,Christmas Eve,Sun,2.3914020636687705,1.0317292443955408,2.3914020636687705,Saturday,Christmas Eve
MISO,2023-12-25,Christmas Day,Mon,2.7989277723250128,2.4983699184253148,1.7915327183916234,Sunday,Christmas Day
MISO,2023-12-31,New Year's Eve,Sun,2.6378188913373313,0.9095004668944591,2.6378188913373313,Saturday,New Year's Eve
MISO,2024-01-01,New Year's Day,Mon,3.339495910907031,1.5062340120478581,0.82387776097223,Sunday,New Year's Day
MISO,2024-01-15,MLK Day,Mon,2.335836822598189,1.3608337660400693,1.92827533062321,Saturday,MLK Day
MISO,2024-02-11,Super Bowl Sunday,Sun,0.9043568341271646,1.2043488346044953,0.9043568341271646,Sunday,Super Bowl Sunday
MISO,2024-02-19,Presidents' Day,Mon,4.294316584739507,4.433221068242146,4.654833732110969,own weekday,Presidents' Day
MISO,2024-05-27,Memorial Day,Mon,4.510936542659852,3.0549613542460734,2.4210655358600666,Sunday,Memorial Day
MISO,2024-06-19,Juneteenth,Wed,2.445427801233781,2.673241867523702,3.5223557669317422,own weekday,Juneteenth
MISO,2024-07-04,Independence Day,Thu,2.700060072553824,2.4475747098864122,3.2825977474114483,Saturday,Independence Day
MISO,2024-09-02,Labor Day,Mon,3.3810422997880227,1.2826802924716063,2.0821497378351563,Saturday,Labor Day
MISO,2024-10-14,Columbus Day,Mon,3.3917343561980693,4.36397027341484,4.8907876316973224,own weekday,Columbus Day
MISO,2024-11-11,Veterans Day,Mon,2.54505115001204,3.2423418180999835,3.257185898564029,own weekday,Veterans Day
MISO,2024-11-28,Thanksgiving,Thu,4.574512563617334,2.9320092932619963,4.963198451626498,Saturday,Thanksgiving
MISO,2024-11-29,Day after Thanksgiving,Fri,3.0912237714664244,2.6755977514276092,3.252453148109434,Saturday,Day after Thanksgiving
MISO,2024-12-24,Christmas Eve,Tue,3.6327770651945506,1.4368576839706337,3.108693272384691,Saturday,Christmas Eve
MISO,2024-12-25,Christmas Day,Wed,3.271616799510025,0.932189079308862,2.311642192207932,Saturday,Christmas Day
MISO,2024-12-31,New Year's Eve,Tue,1.9126606024572712,3.387638113524187,2.7267354588897246,own weekday,New Year's Eve
MISO,2025-01-01,New Year's Day,Wed,3.0948523185465415,2.3985801013357606,1.0700961723532598,Sunday,New Year's Day
MISO,2025-01-20,MLK Day,Mon,3.3345209808278353,1.1917869312180778,2.406151034196297,Saturday,MLK Day
MISO,2025-02-09,Super Bowl Sunday,Sun,2.145459766269116,3.050151662873343,2.145459766269116,Sunday,Super Bowl Sunday
MISO,2025-02-17,Presidents' Day,Mon,1.7149911910796556,2.491563118129766,2.9656530972922335,own weekday,Presidents' Day
MISO,2025-05-26,Memorial Day,Mon,3.776720917767874,1.9052535887933684,1.085016793223864,Sunday,Memorial Day
MISO,2025-06-19,Juneteenth,Thu,3.8790142349187637,5.4366082342779425,4.148226492209298,own weekday,Juneteenth
MISO,2025-07-04,Independence Day,Fri,5.6659877658111535,4.200528263227743,3.18505204306944,Sunday,Independence Day
MISO,2025-09-01,Labor Day,Mon,2.9693863087302654,2.6898790721174572,1.3145402580850076,Sunday,Labor Day
MISO,2025-10-13,Columbus Day,Mon,1.0798986285165866,3.299820383141231,4.028542487370517,own weekday,Columbus Day
MISO,2025-11-11,Veterans Day,Tue,8.049396629124402,7.407611615095861,8.77609681289988,Saturday,Veterans Day
MISO,2025-11-27,Thanksgiving,Thu,4.95311026503682,4.839479404337615,5.684020157462535,Saturday,Thanksgiving
MISO,2025-11-28,Day after Thanksgiving,Fri,3.7942975614254735,3.6359712911994255,3.8390046848010675,Saturday,Day after Thanksgiving
MISO,2025-12-24,Christmas Eve,Wed,2.8703660184971906,1.9962463103748318,3.9219966318859503,Saturday,Christmas Eve
MISO,2025-12-25,Christmas Day,Thu,2.6722554751427237,1.01206956186252,2.3477048599950727,Saturday,Christmas Day
MISO,2025-12-31,New Year's Eve,Wed,3.681726708535671,4.898971877848714,6.472731883055458,own weekday,New Year's Eve
MISO,2026-01-01,New Year's Day,Thu,3.5511082856064387,3.54429956106955,4.880207838384284,Saturday,New Year's Day
MISO,2026-01-19,MLK Day,Mon,2.2362112740932587,2.8684269596329526,3.003952409939234,own weekday,MLK Day
MISO,2026-02-08,Super Bowl Sunday,Sun,2.609453156670871,2.536434031392346,2.609453156670871,Saturday,Super Bowl Sunday
MISO,2026-02-16,Presidents' Day,Mon,1.474080570843564,2.7491087640503142,3.128937292632747,own weekday,Presidents' Day
MISO,2026-05-25,Memorial Day,Mon,5.7031757731494634,7.244010605716627,4.4765436326964805,Sunday,Memorial Day
MISO,2026-06-19,Juneteenth,Fri,1.8966449850482106,2.664054627500173,3.4366277037421513,own weekday,Juneteenth
NEVP,2015-10-12,Columbus Day,Mon,2.984924952211783,2.8184985261054933,3.347362413816599,Saturday,Columbus Day
NEVP,2015-11-11,Veterans Day,Wed,4.41698070019341,4.129873721358448,4.357881703147835,Saturday,Veterans Day
NEVP,2015-11-26,Thanksgiving,Thu,4.13587625715743,4.0142767406319235,4.941105482947208,Saturday,Thanksgiving
NEVP,2015-11-27,Day after Thanksgiving,Fri,3.3808086502103327,3.9607315108109877,4.764374379532802,own weekday,Day after Thanksgiving
NEVP,2015-12-24,Christmas Eve,Thu,1.4289021496268697,1.172018188352427,1.8158030839170929,Saturday,Christmas Eve
NEVP,2015-12-25,Christmas Day,Fri,2.888571783633116,1.2937464005399453,1.9430679222388114,Saturday,Christmas Day
NEVP,2015-12-31,New Year's Eve,Thu,2.2210702830893796,1.5134558867412975,2.430357116870653,Saturday,New Year's Eve
NEVP,2016-01-01,New Year's Day,Fri,4.265611611293229,2.893343037417065,3.698845706764844,Saturday,New Year's Day
NEVP,2016-01-18,MLK Day,Mon,1.1275282300057923,2.724696574832674,2.6912670244735777,own weekday,MLK Day
NEVP,2016-02-07,Super Bowl Sunday,Sun,2.725013761090815,1.7215100109952277,2.725013761090815,Saturday,Super Bowl Sunday
NEVP,2016-02-15,Presidents' Day,Mon,2.3987944911489065,3.4872777515271527,3.4196951145055188,own weekday,Presidents' Day
NEVP,2016-05-30,Memorial Day,Mon,8.984594951074634,12.027219313202215,10.37058931836299,own weekday,Memorial Day
NEVP,2016-07-04,Independence Day,Mon,3.3647538797543586,3.754132812833818,2.443835961509775,Sunday,Independence Day
NEVP,2016-09-05,Labor Day,Mon,2.7888888424903264,1.952553236628175,1.7013960362475533,Sunday,Labor Day
NEVP,2016-10-10,Columbus Day,Mon,3.165540379149619,3.1956304047688047,3.332645453109911,own weekday,Columbus Day
NEVP,2016-11-11,Veterans Day,Fri,1.8838876132291404,3.6754173572726665,3.5094119491785314,own weekday,Veterans Day
NEVP,2016-11-24,Thanksgiving,Thu,6.028739032995967,6.704930456200407,6.152584225239128,own weekday,Thanksgiving
NEVP,2016-11-25,Day after Thanksgiving,Fri,6.829712415455766,6.864639913661998,6.441437472327912,Sunday,Day after Thanksgiving
NEVP,2016-12-24,Christmas Eve,Sat,1.7944041391360646,1.7944041391360646,1.6418461011210452,Sunday,Christmas Eve
NEVP,2016-12-25,Christmas Day,Sun,4.633593711475321,2.7647958404753306,4.633593711475321,Saturday,Christmas Day
NEVP,2016-12-26,Christmas Day (observed),Mon,4.364144120036331,1.873527789226365,3.194576655762892,Saturday,Christmas Day
NEVP,2016-12-31,New Year's Eve,Sat,1.3376400512332,1.3376400512332,1.5157244357481334,Saturday,New Year's Eve
NEVP,2017-01-01,New Year's Day,Sun,3.511714121798043,2.1744956896677565,3.511714121798043,Saturday,New Year's Day
NEVP,2017-01-02,New Year's Day (observed),Mon,1.6287865549609926,1.9578486959003285,1.2388963574266167,Sunday,New Year's Day
NEVP,2017-01-16,MLK Day,Mon,1.1006076850515474,2.2581684202146537,2.3929646553739667,own weekday,MLK Day
NEVP,2017-02-05,Super Bowl Sunday,Sun,1.3594680402580912,1.2250133217121917,1.3594680402580912,Saturday,Super Bowl Sunday
NEVP,2017-02-20,Presidents' Day,Mon,2.552839331245314,3.2546724913236846,3.407459764968563,own weekday,Presidents' Day
NEVP,2017-05-29,Memorial Day,Mon,10.954632350830384,10.77786996247478,9.48160733705938,Sunday,Memorial Day
NEVP,2017-07-04,Independence Day,Tue,3.6537275241528486,3.672576784161081,3.725577580850714,own weekday,Independence Day
NEVP,2017-09-04,Labor Day,Mon,3.254184173242749,1.6477906998628284,1.7517438784251298,Saturday,Labor Day
NEVP,2017-10-09,Columbus Day,Mon,7.688796550543042,6.506734515704944,9.547783968776486,Saturday,Columbus Day
NEVP,2017-11-10,Veterans Day (observed),Fri,2.2016875491529575,2.0569988500631387,3.257926881703715,Saturday,Veterans Day
NEVP,2017-11-11,Veterans Day,Sat,3.122693352730974,3.122693352730974,4.475035671602569,Saturday,Veterans Day
NEVP,2017-11-23,Thanksgiving,Thu,4.011414323599265,2.761146539955414,3.3224298330455198,Saturday,Thanksgiving
NEVP,2017-11-24,Day after Thanksgiving,Fri,2.955099479183632,0.8692937078748927,1.7451749392433709,Saturday,Day after Thanksgiving
NEVP,2017-12-24,Christmas Eve,Sun,3.8206493203089416,2.2120783425838,3.8206493203089416,Saturday,Christmas Eve
NEVP,2017-12-25,Christmas Day,Mon,4.691440998565156,2.1767744428448284,3.548657631198534,Saturday,Christmas Day
NEVP,2017-12-31,New Year's Eve,Sun,2.830090342042635,1.120790181629565,2.830090342042635,Saturday,New Year's Eve
NEVP,2018-01-01,New Year's Day,Mon,5.1542194145323315,2.0859585924221777,2.9892533481108416,Saturday,New Year's Day
NEVP,2018-01-15,MLK Day,Mon,2.4089174573405767,1.707542757232755,1.2844188980852678,Sunday,MLK Day
NEVP,2018-02-04,Super Bowl Sunday,Sun,2.3245330408610583,1.8678327580502891,2.3245330408610583,Saturday,Super Bowl Sunday
NEVP,2018-02-19,Presidents' Day,Mon,2.5369733215691292,3.7148060852106273,3.812298762940879,own weekday,Presidents' Day
NEVP,2018-05-28,Memorial Day,Mon,6.800027354599269,5.894277079624309,4.300082186334383,Sunday,Memorial Day
NEVP,2018-07-04,Independence Day,Wed,2.1059772004134887,2.627436929650982,2.939340221873948,own weekday,Independence Day
NEVP,2018-09-03,Labor Day,Mon,2.681907815814687,1.361826274714508,2.6267920322236797,Saturday,Labor Day
NEVP,2018-10-08,Columbus Day,Mon,9.019047156873288,9.584566390730835,9.026301471362284,own weekday,Columbus Day
NEVP,2018-11-11,Veterans Day,Sun,4.79383956788335,4.325891095414361,4.79383956788335,Saturday,Veterans Day
NEVP,2018-11-12,Veterans Day (observed),Mon,6.0194308803060315,4.135561325010871,4.232214282262218,Saturday,Veterans Day
NEVP,2018-11-22,Thanksgiving,Thu,3.9638019055900524,3.664360441291821,3.4917420917735558,Sunday,Thanksgiving
NEVP,2018-11-23,Day after Thanksgiving,Fri,3.2336340906636516,2.898629114887154,2.7147875162251607,Sunday,Day after Thanksgiving
NEVP,2018-12-24,Christmas Eve,Mon,1.8562584796962205,1.0312946455558547,1.5209915091218553,Saturday,Christmas Eve
NEVP,2018-12-25,Christmas Day,Tue,2.101267566409628,0.8913276650098609,1.864286332334163,Saturday,Christmas Day
NEVP,2018-12-31,New Year's Eve,Mon,1.4973141261760345,1.7084782251985884,1.9066223173697276,own weekday,New Year's Eve
NEVP,2019-01-01,New Year's Day,Tue,4.027307140871069,2.352936841361104,2.3018348143209533,Sunday,New Year's Day
NEVP,2019-01-21,MLK Day,Mon,2.133097892729299,3.2867782974618307,2.7353975552771055,own weekday,MLK Day
NEVP,2019-02-03,Super Bowl Sunday,Sun,1.8546499185491698,1.6071134514928063,1.8546499185491698,Saturday,Super Bowl Sunday
NEVP,2019-02-18,Presidents' Day,Mon,2.7429907765161463,1.3892234549431481,1.1149950341531942,Sunday,Presidents' Day
NEVP,2019-05-27,Memorial Day,Mon,2.8429222072437708,3.455239553447499,2.3343830593435047,Sunday,Memorial Day
NEVP,2019-07-04,Independence Day,Thu,3.94805655132209,4.187880266719275,2.8250968064707833,Sunday,Independence Day
NEVP,2019-09-02,Labor Day,Mon,6.2418443799116865,5.367424352041239,5.882545693292527,Saturday,Labor Day
NEVP,2019-10-14,Columbus Day,Mon,4.923952785098559,6.0714795011406775,5.8735816466667705,own weekday,Columbus Day
NEVP,2019-11-11,Veterans Day,Mon,1.6708799714498974,1.8286595243793484,2.408169183369954,own weekday,Veterans Day
NEVP,2019-11-28,Thanksgiving,Thu,2.9213452940948264,2.2726798865369937,2.9102215081933243,Saturday,Thanksgiving
NEVP,2019-11-29,Day after Thanksgiving,Fri,3.1621829390316507,1.8321508111100913,2.045905395891885,Saturday,Day after Thanksgiving
NEVP,2019-12-24,Christmas Eve,Tue,2.547406208103023,1.7620854726415482,2.489039662998907,Saturday,Christmas Eve
NEVP,2019-12-25,Christmas Day,Wed,2.683999544171004,0.8266918611053871,1.897120220014591,Saturday,Christmas Day
NEVP,2019-12-31,New Year's Eve,Tue,2.272000340445836,1.2218891775221812,2.326971047540222,Saturday,New Year's Eve
NEVP,2020-01-01,New Year's Day,Wed,4.253623914038798,1.4466596728971337,2.3789660797844494,Saturday,New Year's Day
NEVP,2020-01-20,MLK Day,Mon,2.4288512926098895,4.224980885626858,3.507931497247798,own weekday,MLK Day
NEVP,2020-02-02,Super Bowl Sunday,Sun,1.152026113311141,2.0340004463645807,1.152026113311141,Sunday,Super Bowl Sunday
NEVP,2020-02-17,Presidents' Day,Mon,1.528195808198699,2.590965640632458,1.9651931582668516,own weekday,Presidents' Day
NEVP,2020-05-25,Memorial Day,Mon,8.49345304765977,5.7524459685385745,4.462548904954126,Sunday,Memorial Day
NEVP,2020-07-03,Independence Day (observed),Fri,2.1695698055011965,5.266490392504509,3.7703475544316865,own weekday,Independence Day
NEVP,2020-07-04,Independence Day,Sat,5.861004085340832,5.861004085340832,4.658132253500835,Sunday,Independence Day
NEVP,2020-09-07,Labor Day,Mon,5.767263974384859,6.8031585940171295,6.748189628327346,own weekday,Labor Day
NEVP,2020-10-12,Columbus Day,Mon,3.281711152726984,3.240648312593218,3.5443896769385517,Saturday,Columbus Day
NEVP,2020-11-11,Veterans Day,Wed,12.997409984460045,10.127436975466955,11.083343428963323,Saturday,Veterans Day
NEVP,2020-11-26,Thanksgiving,Thu,7.77548898803951,4.5551898958680965,5.503895254183928,Saturday,Thanksgiving
NEVP,2020-11-27,Day after Thanksgiving,Fri,6.984562572141555,5.482553380087238,6.498720042570751,Saturday,Day after Thanksgiving
NEVP,2020-12-24,Christmas Eve,Thu,2.4336693149415143,2.3826012403817387,2.3922858712690602,Saturday,Christmas Eve
NEVP,2020-12-25,Christmas Day,Fri,4.347167647042139,3.121369925870767,3.3508236614122398,Saturday,Christmas Day
NEVP,2020-12-31,New Year's Eve,Thu,1.1124516818010468,1.8515729488146515,1.7532551222348314,own weekday,New Year's Eve
NEVP,2021-01-01,New Year's Day,Fri,4.0914206507065805,1.7490177688750184,2.3631869687235487,Saturday,New Year's Day
NEVP,2021-01-18,MLK Day,Mon,0.864763491655794,2.004854725130485,1.8536143117494626,own weekday,MLK Day
NEVP,2021-02-07,Super Bowl Sunday,Sun,1.2904184099534741,1.5047950148117237,1.2904184099534741,Sunday,Super Bowl Sunday
NEVP,2021-02-15,Presidents' Day,Mon,1.3120457261464789,1.5018210088793815,1.5762726561669482,own weekday,Presidents' Day
NEVP,2021-05-31,Memorial Day,Mon,9.140433382442444,10.093439418846827,10.083897087830012,own weekday,Memorial Day
NEVP,2021-06-18,Juneteenth (observed),Fri,3.273321419972111,7.907141036485919,7.528718963611672,own weekday,Juneteenth
NEVP,2021-06-19,Juneteenth,Sat,6.924605650012258,6.924605650012258,6.536970319930808,Sunday,Juneteenth
NEVP,2021-07-04,Independence Day,Sun,1.5732548740511505,1.3259904676732088,1.5732548740511505,Saturday,Independence Day
NEVP,2021-07-05,Independence Day (observed),Mon,5.36625092059182,4.4628153671844535,3.673613811554678,Sunday,Independence Day
NEVP,2021-09-06,Labor Day,Mon,4.45593550750242,3.6438808730146732,3.5160486766894596,Sunday,Labor Day
NEVP,2021-10-11,Columbus Day,Mon,8.538518577992454,9.035105830602307,9.908496495657305,own weekday,Columbus Day
NEVP,2021-11-11,Veterans Day,Thu,1.937190096092953,1.7430478245515035,2.5224409819362403,Saturday,Veterans Day
NEVP,2021-11-25,Thanksgiving,Thu,4.895227808113343,4.928006611872965,5.7578612957051165,own weekday,Thanksgiving
NEVP,2021-11-26,Day after Thanksgiving,Fri,4.273372977451738,4.164398154369461,4.977108541955102,Saturday,Day after Thanksgiving
NEVP,2021-12-24,Christmas Eve,Fri,2.9809562590397816,0.9490108814072832,1.3097770042929047,Saturday,Christmas Eve
NEVP,2021-12-25,Christmas Day,Sat,2.308529190111195,2.308529190111195,2.640851139012362,Saturday,Christmas Day
NEVP,2021-12-31,New Year's Day (observed),Fri,2.382421170136559,1.5575250293914185,1.1516777739025514,Sunday,New Year's Day
NEVP,2022-01-01,New Year's Day,Sat,2.663655587524497,2.663655587524497,2.9658995070464282,Saturday,New Year's Day
NEVP,2022-01-17,MLK Day,Mon,1.7437099747284899,2.108083812581827,2.738644176520188,own weekday,MLK Day
NEVP,2022-02-13,Super Bowl Sunday,Sun,1.4267912501427884,1.3165944583105385,1.4267912501427884,Saturday,Super Bowl Sunday
NEVP,2022-02-21,Presidents' Day,Mon,3.2024323285132947,2.7318537715374456,3.1213937961258593,Saturday,Presidents' Day
NEVP,2022-05-30,Memorial Day,Mon,2.8315860951980345,1.1150856115034449,2.4617101201526532,Saturday,Memorial Day
NEVP,2022-06-19,Juneteenth,Sun,2.389869010674765,2.801433711016416,2.389869010674765,Sunday,Juneteenth
NEVP,2022-06-20,Juneteenth (observed),Mon,4.08019370870176,4.418389164067901,3.580554082057666,Sunday,Juneteenth
NEVP,2022-07-04,Independence Day,Mon,2.2351943664063496,2.426745441535592,1.567678896224687,Sunday,Independence Day
NEVP,2022-09-05,Labor Day,Mon,3.5535812570960523,3.406061876913544,2.0554181617293543,Sunday,Labor Day
NEVP,2022-10-10,Columbus Day,Mon,2.901125598088967,2.7583315609696446,3.700080724224307,Saturday,Columbus Day
NEVP,2022-11-11,Veterans Day,Fri,11.889640803170092,11.071763714625545,11.450935141248825,Saturday,Veterans Day
NEVP,2022-11-24,Thanksgiving,Thu,6.5805338414327545,4.547265387591136,4.118159123065819,Sunday,Thanksgiving
NEVP,2022-11-25,Day after Thanksgiving,Fri,9.54535205964201,4.833072328640719,4.388609186803309,Sunday,Day after Thanksgiving
NEVP,2022-12-24,Christmas Eve,Sat,1.409303328804551,1.409303328804551,2.404829124062013,Saturday,Christmas Eve
NEVP,2022-12-25,Christmas Day,Sun,2.666465380824763,1.6851090242739946,2.666465380824763,Saturday,Christmas Day
NEVP,2022-12-26,Christmas Day (observed),Mon,1.3440739971473248,1.539140722496656,1.1918148441046799,Sunday,Christmas Day
NEVP,2022-12-31,New Year's Eve,Sat,3.2906748465374336,3.2906748465374336,3.384386495260451,Saturday,New Year's Eve
NEVP,2023-01-01,New Year's Day,Sun,2.744345713945155,3.250310569759173,2.744345713945155,Sunday,New Year's Day
NEVP,2023-01-02,New Year's Day (observed),Mon,1.9333405061182183,2.0699922337781373,1.7541891458997598,Sunday,New Year's Day
NEVP,2023-01-16,MLK Day,Mon,1.5399216209026467,2.3396407061405875,1.9736498723872429,own weekday,MLK Day
NEVP,2023-02-12,Super Bowl Sunday,Sun,1.7722014529155579,1.2472651712350729,1.7722014529155579,Saturday,Super Bowl Sunday
NEVP,2023-02-20,Presidents' Day,Mon,1.6126076274683543,1.5020925365535895,1.2981221320821095,Sunday,Presidents' Day
NEVP,2023-05-29,Memorial Day,Mon,4.883996365863489,5.061700651547591,3.886388299076627,Sunday,Memorial Day
NEVP,2023-06-19,Juneteenth,Mon,1.7956224542457457,4.3577834714795545,3.905952590833201,own weekday,Juneteenth
NEVP,2023-07-04,Independence Day,Tue,2.455950955073802,3.0388391052087576,2.535443321451528,own weekday,Independence Day
NEVP,2023-09-04,Labor Day,Mon,5.245234201386551,4.972040860956536,4.885069470853059,Sunday,Labor Day
NEVP,2023-10-09,Columbus Day,Mon,1.2503684602958742,2.6660853030821037,2.1304848214340364,own weekday,Columbus Day
NEVP,2023-11-10,Veterans Day (observed),Fri,7.964722640140303,4.732437703555576,7.658312482434182,Saturday,Veterans Day
NEVP,2023-11-11,Veterans Day,Sat,5.429091128744504,5.429091128744504,8.4985093093155,Saturday,Veterans Day
NEVP,2023-11-23,Thanksgiving,Thu,3.819214061182313,2.495637274660441,4.137143246004993,Saturday,Thanksgiving
NEVP,2023-11-24,Day after Thanksgiving,Fri,4.276543444488423,3.0036514606350604,3.8742738923859577,Saturday,Day after Thanksgiving
NEVP,2023-12-24,Christmas Eve,Sun,1.8240593122026245,1.3787738715971563,1.8240593122026245,Saturday,Christmas Eve
NEVP,2023-12-25,Christmas Day,Mon,3.622511845589412,2.662780042649278,3.300776169535286,Saturday,Christmas Day
NEVP,2023-12-31,New Year's Eve,Sun,1.2216371359147036,1.317691215097763,1.2216371359147036,Sunday,New Year's Eve
NEVP,2024-01-01,New Year's Day,Mon,3.079457994483563,1.258097793533937,1.512490897691579,Saturday,New Year's Day
NEVP,2024-01-15,MLK Day,Mon,2.1792344096395926,3.2135052213004167,3.2826818497551877,own weekday,MLK Day
NEVP,2024-02-11,Super Bowl Sunday,Sun,4.648810764863851,3.149564462686024,4.648810764863851,Saturday,Super Bowl Sunday
NEVP,2024-02-19,Presidents' Day,Mon,3.435938625638414,3.9564679888081176,3.165801978705593,Sunday,Presidents' Day
NEVP,2024-05-27,Memorial Day,Mon,11.045661514168605,10.442828929787924,9.116667710019776,Sunday,Memorial Day
NEVP,2024-06-19,Juneteenth,Wed,4.098779176460806,6.36629444293078,5.459232471865689,own weekday,Juneteenth
NEVP,2024-07-04,Independence Day,Thu,2.4365349448596625,3.8866618358985616,3.5832464879270103,own weekday,Independence Day
NEVP,2024-09-02,Labor Day,Mon,1.7241266144862624,3.9345953434810177,2.8686117362264048,own weekday,Labor Day
NEVP,2024-10-14,Columbus Day,Mon,2.7982164622697816,3.4828198260719936,3.3585900716317627,own weekday,Columbus Day
NEVP,2024-11-11,Veterans Day,Mon,3.211396493166421,4.983902942943776,6.099359015188021,own weekday,Veterans Day
NEVP,2024-11-28,Thanksgiving,Thu,5.296326023092962,4.579405948979126,6.651574096967903,Saturday,Thanksgiving
NEVP,2024-11-29,Day after Thanksgiving,Fri,3.2913346767968448,4.003356126694624,5.402879627940367,own weekday,Day after Thanksgiving
NEVP,2024-12-24,Christmas Eve,Tue,2.5672020982422716,2.104294359553931,1.7035102811941185,Sunday,Christmas Eve
NEVP,2024-12-25,Christmas Day,Wed,3.1281610097310035,2.4399707493507945,2.9582374326304905,Saturday,Christmas Day
NEVP,2024-12-31,New Year's Eve,Tue,2.032899637288884,1.4621147325592756,1.9763922335664739,Saturday,New Year's Eve
NEVP,2025-01-01,New Year's Day,Wed,3.2128870363884725,1.9698418020941935,2.091351029866205,Saturday,New Year's Day
NEVP,2025-01-20,MLK Day,Mon,1.9544730343309522,1.6694603651892972,1.7501024870798083,Saturday,MLK Day
NEVP,2025-02-09,Super Bowl Sunday,Sun,1.5306170840852646,1.4007623295054699,1.5306170840852646,Saturday,Super Bowl Sunday
NEVP,2025-02-17,Presidents' Day,Mon,1.0831058273092808,2.113838889213615,2.0092939602585136,own weekday,Presidents' Day
NEVP,2025-05-26,Memorial Day,Mon,7.403689770468695,8.63605372471485,8.03383316255511,own weekday,Memorial Day
NEVP,2025-07-04,Independence Day,Fri,1.6153055863419554,1.7390675992568754,1.9049572333540346,own weekday,Independence Day
NEVP,2025-09-01,Labor Day,Mon,1.6513221285394686,2.824970712519534,1.4599607670907726,Sunday,Labor Day
NEVP,2025-10-13,Columbus Day,Mon,3.8733389909490783,4.3427112237004595,4.491945235162871,own weekday,Columbus Day
NEVP,2025-11-11,Veterans Day,Tue,3.3362899258644934,3.231433550723835,3.8449852290618582,Saturday,Veterans Day
NEVP,2025-11-27,Thanksgiving,Thu,6.1272028142047175,5.390563290426866,6.363830948387694,Saturday,Thanksgiving
NEVP,2025-11-28,Day after Thanksgiving,Fri,4.5882608789402095,3.4881316823610224,4.2034023614667735,Saturday,Day after Thanksgiving
NEVP,2025-12-24,Christmas Eve,Wed,4.674785963846395,4.428087580947949,4.797593098186351,Saturday,Christmas Eve
NEVP,2025-12-25,Christmas Day,Thu,2.918864219586645,1.314227586667857,1.935456435126329,Saturday,Christmas Day
NEVP,2025-12-31,New Year's Eve,Wed,2.9269241607183574,2.854748896892327,3.2297183028762335,Saturday,New Year's Eve
NEVP,2026-01-01,New Year's Day,Thu,2.8630640161503993,2.026778957804235,2.140197966147214,Saturday,New Year's Day
NEVP,2026-01-19,MLK Day,Mon,1.9697498871740655,2.2735967926031715,2.6254780033871388,own weekday,MLK Day
NEVP,2026-02-08,Super Bowl Sunday,Sun,1.6530425801749977,1.6159752238244764,1.6530425801749977,Saturday,Super Bowl Sunday
NEVP,2026-02-16,Presidents' Day,Mon,3.0339313754568065,3.722570982349912,3.872456339127433,own weekday,Presidents' Day
NEVP,2026-05-25,Memorial Day,Mon,9.579241788038095,9.146694732519979,8.295595692865728,Sunday,Memorial Day
NEVP,2026-06-19,Juneteenth,Fri,3.89288537273891,3.534461343951064,3.3536346399937362,Sunday,Juneteenth
NWMT,2015-09-07,Labor Day,Mon,3.439858803765885,1.9067066840739346,2.3116534960266013,Saturday,Labor Day
NWMT,2015-10-12,Columbus Day,Mon,1.664695437147742,2.1560141845411644,3.0395958963660497,own weekday,Columbus Day
NWMT,2015-11-11,Veterans Day,Wed,2.4998204461661797,3.501172665709879,3.647979005953202,own weekday,Veterans Day
NWMT,2015-11-26,Thanksgiving,Thu,4.574767090658477,3.09660509529792,5.293491248825549,Saturday,Thanksgiving
NWMT,2015-11-27,Day after Thanksgiving,Fri,3.5751179977018723,1.8944556131831036,3.6770365564016547,Saturday,Day after Thanksgiving
NWMT,2015-12-24,Christmas Eve,Thu,3.1354547795720418,1.375398409289078,3.227294712374001,Saturday,Christmas Eve
NWMT,2015-12-25,Christmas Day,Fri,2.70534879578501,0.8615839644885086,2.6176694576024655,Saturday,Christmas Day
NWMT,2015-12-31,New Year's Eve,Thu,2.660148456733433,1.0970046618666276,2.5155281989769174,Saturday,New Year's Eve
NWMT,2016-01-01,New Year's Day,Fri,3.786122276605268,1.5561352754574242,2.806075275459369,Saturday,New Year's Day
NWMT,2016-01-18,MLK Day,Mon,1.364726428193583,3.3409670600653865,3.555140547864478,own weekday,MLK Day
NWMT,2016-02-07,Super Bowl Sunday,Sun,3.0284993249376075,2.439723341487209,3.0284993249376075,Saturday,Super Bowl Sunday
NWMT,2016-02-15,Presidents' Day,Mon,2.1185973596508663,3.453033864908222,3.441052555635111,own weekday,Presidents' Day
NWMT,2016-05-30,Memorial Day,Mon,2.98695472192642,3.014810242395403,1.4812519219054618,Sunday,Memorial Day
NWMT,2016-07-04,Independence Day,Mon,3.4090443380850184,3.23535853872692,2.560500011814496,Sunday,Independence Day
NWMT,2016-09-05,Labor Day,Mon,5.975495732923116,3.63352312192346,5.3812249968527395,Saturday,Labor Day
NWMT,2016-10-10,Columbus Day,Mon,3.1236618506161857,4.787204631933339,4.6921860691197175,own weekday,Columbus Day
NWMT,2016-11-11,Veterans Day,Fri,1.6091985942173668,2.662635472626303,3.785907246964785,own weekday,Veterans Day
NWMT,2016-11-24,Thanksgiving,Thu,4.168958258261524,3.0332518897659426,5.027124021492332,Saturday,Thanksgiving
NWMT,2016-11-25,Day after Thanksgiving,Fri,2.483055773885767,1.3979603759545038,2.146798127077983,Saturday,Day after Thanksgiving
NWMT,2016-12-24,Christmas Eve,Sat,1.968849063421409,1.968849063421409,1.9408274836070696,Sunday,Christmas Eve
NWMT,2016-12-25,Christmas Day,Sun,1.8029524282770741,1.0372490661989995,1.8029524282770741,Saturday,Christmas Day
NWMT,2016-12-26,Christmas Day (observed),Mon,4.057851926020022,1.4322768282672609,1.931094569104203,Saturday,Christmas Day
NWMT,2016-12-31,New Year's Eve,Sat,1.8270919677490838,1.8270919677490838,3.809945892066053,Saturday,New Year's Eve
NWMT,2017-01-01,New Year's Day,Sun,1.0989028859595669,2.5417589320829452,1.0989028859595669,Sunday,New Year's Day
NWMT,2017-01-02,New Year's Day (observed),Mon,2.865332959378121,2.4386020830332202,1.1495765143939873,Sunday,New Year's Day
NWMT,2017-01-16,MLK Day,Mon,2.6310389914012524,1.896009661306472,2.618705798082384,Saturday,MLK Day
NWMT,2017-02-05,Super Bowl Sunday,Sun,1.8528593968492817,1.7202762900558894,1.8528593968492817,Saturday,Super Bowl Sunday
NWMT,2017-02-20,Presidents' Day,Mon,1.2682300680598098,2.9125854521926926,2.8914730031022993,own weekday,Presidents' Day
NWMT,2017-05-29,Memorial Day,Mon,5.368937165858983,5.683093807516287,3.935789437532182,Sunday,Memorial Day
NWMT,2017-07-04,Independence Day,Tue,5.871637837673543,5.8652607684249265,4.668387357599335,Sunday,Independence Day
NWMT,2017-09-04,Labor Day,Mon,4.7350495495922065,3.513047567195608,3.8830721532509522,Saturday,Labor Day
NWMT,2017-10-09,Columbus Day,Mon,5.039579809265246,4.790930578264828,5.761693475211759,Saturday,Columbus Day
NWMT,2017-11-10,Veterans Day (observed),Fri,3.2551525217752273,2.763593234326275,4.547552856511308,Saturday,Veterans Day
NWMT,2017-11-11,Veterans Day,Sat,1.4671385986043506,1.4671385986043506,3.340918753761738,Saturday,Veterans Day
NWMT,2017-11-23,Thanksgiving,Thu,4.407341309801119,3.61373437954458,5.064752199593444,Saturday,Thanksgiving
NWMT,2017-11-24,Day after Thanksgiving,Fri,3.2411199425172676,2.1671398153595,1.5981349926246775,Sunday,Day after Thanksgiving
NWMT,2017-12-24,Christmas Eve,Sun,3.677451588760477,1.879195350317221,3.677451588760477,Saturday,Christmas Eve
NWMT,2017-12-25,Christmas Day,Mon,2.63283518290955,0.9717652991987967,1.9365012414042329,Saturday,Christmas Day
NWMT,2017-12-31,New Year's Eve,Sun,1.7772721800730522,1.522311282048521,1.7772721800730522,Saturday,New Year's Eve
NWMT,2018-01-01,New Year's Day,Mon,3.8930542817364926,2.425749604949597,2.8955591009424175,Saturday,New Year's Day
NWMT,2018-01-15,MLK Day,Mon,1.527921242291159,2.6573566977706453,2.462082584251849,own weekday,MLK Day
NWMT,2018-02-04,Super Bowl Sunday,Sun,2.186513525283579,1.5169073498275316,2.186513525283579,Saturday,Super Bowl Sunday
NWMT,2018-02-19,Presidents' Day,Mon,1.4058214589165843,1.349852398422101,2.0289057252680958,Saturday,Presidents' Day
NWMT,2018-05-28,Memorial Day,Mon,4.355984838163884,4.84400696097386,3.0170881847314144,Sunday,Memorial Day
NWMT,2018-07-04,Independence Day,Wed,4.461155467142106,1.2287829501475425,2.017534297881747,Saturday,Independence Day
NWMT,2018-09-03,Labor Day,Mon,1.8814818293019717,3.481106459113987,2.678808656329297,own weekday,Labor Day
NWMT,2018-10-08,Columbus Day,Mon,2.105935247734603,3.2951967973995244,4.0269393097005315,own weekday,Columbus Day
NWMT,2018-11-11,Veterans Day,Sun,1.611607482154952,2.048161167167926,1.611607482154952,Sunday,Veterans Day
NWMT,2018-11-12,Veterans Day (observed),Mon,1.9547545612004507,2.3039244755323196,2.7142717706483492,own weekday,Veterans Day
NWMT,2018-11-22,Thanksgiving,Thu,3.315748541897296,2.5106070715480344,3.2624356071904836,Saturday,Thanksgiving
NWMT,2018-11-23,Day after Thanksgiving,Fri,2.3530963546917363,1.1454905430785656,1.6044056426596798,Saturday,Day after Thanksgiving
NWMT,2018-12-24,Christmas Eve,Mon,2.8319025779060345,2.4859079258384558,3.0121946247819222,Saturday,Christmas Eve
NWMT,2018-12-25,Christmas Day,Tue,2.6300072011568667,1.3763150919316336,1.7611023826254415,Saturday,Christmas Day
NWMT,2018-12-31,New Year's Eve,Mon,1.9089167146583392,1.6193067352511785,2.052229224426525,Saturday,New Year's Eve
NWMT,2019-01-21,MLK Day,Mon,1.5534208455799563,2.120969158589181,2.2048241563344844,own weekday,MLK Day
NWMT,2019-02-03,Super Bowl Sunday,Sun,4.252574387661734,5.350669209608596,4.252574387661734,Sunday,Super Bowl Sunday
NWMT,2019-02-18,Presidents' Day,Mon,1.0335627406441366,1.247135690355946,1.7629078375845086,own weekday,Presidents' Day
NWMT,2019-05-27,Memorial Day,Mon,3.610161490187389,3.6135767956626457,1.9081822120336642,Sunday,Memorial Day
NWMT,2019-07-04,Independence Day,Thu,2.6271138594647314,2.1971542402088162,1.5374618962081703,Sunday,Independence Day
NWMT,2019-09-02,Labor Day,Mon,2.324226386478988,3.855475051555702,2.7724357090046285,own weekday,Labor Day
NWMT,2019-11-11,Veterans Day,Mon,2.417494269028304,2.8278381177839913,2.9083135937876348,own weekday,Veterans Day
NWMT,2019-11-28,Thanksgiving,Thu,2.8951441156569255,3.011673914542382,4.488595553978918,own weekday,Thanksgiving
NWMT,2019-11-29,Day after Thanksgiving,Fri,2.420749131371681,1.2564448329181834,1.7366646279328526,Saturday,Day after Thanksgiving
NWMT,2019-12-24,Christmas Eve,Tue,4.053876629159378,3.7919520345884457,3.4702059113159685,Sunday,Christmas Eve
NWMT,2019-12-25,Christmas Day,Wed,2.2762592164091764,0.9167150020725631,2.2711824270680028,Saturday,Christmas Day
NWMT,2019-12-31,New Year's Eve,Tue,2.3020733264659086,1.5729260662307398,2.611891859884402,Saturday,New Year's Eve
NWMT,2020-01-01,New Year's Day,Wed,2.736045479515415,1.5393691497952076,1.7967385773016038,Saturday,New Year's Day
NWMT,2020-01-20,MLK Day,Mon,1.2035964848590097,1.905786651074708,2.9244841606520957,own weekday,MLK Day
NWMT,2020-02-02,Super Bowl Sunday,Sun,2.8062156846232322,3.4157226896461967,2.8062156846232322,Sunday,Super Bowl Sunday
NWMT,2020-02-17,Presidents' Day,Mon,0.9071243937891887,2.164816760778569,2.11764922621359,own weekday,Presidents' Day
NWMT,2020-05-25,Memorial Day,Mon,3.6087078768123733,2.0309344336319692,1.8623117196137673,Sunday,Memorial Day
NWMT,2020-07-03,Independence Day (observed),Fri,3.237156244733392,3.7520421245149116,3.569793502068782,own weekday,Independence Day
NWMT,2020-07-04,Independence Day,Sat,3.598747876324726,3.598747876324726,3.4508681302923083,Sunday,Independence Day
NWMT,2020-09-07,Labor Day,Mon,6.06420126596631,5.581333797927361,6.959587974059778,Saturday,Labor Day
NWMT,2020-10-12,Columbus Day,Mon,2.8870246409781486,4.266774693983884,4.064295211989814,own weekday,Columbus Day
NWMT,2020-11-11,Veterans Day,Wed,2.054722526773839,2.4529557319193778,2.9336346237718245,own weekday,Veterans Day
NWMT,2020-11-26,Thanksgiving,Thu,2.8638708086610443,3.0099283877678458,3.3190054344578486,own weekday,Thanksgiving
NWMT,2020-11-27,Day after Thanksgiving,Fri,2.128779091263529,1.993722658422502,2.4360761195678737,Saturday,Day after Thanksgiving
NWMT,2020-12-24,Christmas Eve,Thu,2.183402428622549,2.2402418387162277,3.2311060451555234,own weekday,Christmas Eve
NWMT,2020-12-25,Christmas Day,Fri,2.716273813239389,1.8289550168744328,2.68782716063662,Saturday,Christmas Day
NWMT,2020-12-31,New Year's Eve,Thu,1.8757442577121568,2.024142663615606,2.9948663912374194,own weekday,New Year's Eve
NWMT,2021-01-01,New Year's Day,Fri,2.681868611409816,1.3148779014447256,1.650790410820294,Saturday,New Year's Day
NWMT,2021-01-18,MLK Day,Mon,1.5797132043755304,2.871081627271713,2.80332918647567,own weekday,MLK Day
NWMT,2021-02-07,Super Bowl Sunday,Sun,1.3785029267314837,1.419735106629622,1.3785029267314837,Sunday,Super Bowl Sunday
NWMT,2021-02-15,Presidents' Day,Mon,2.046929737809518,1.6293720340419273,1.7396059905265677,Saturday,Presidents' Day
NWMT,2021-05-31,Memorial Day,Mon,5.596046969218538,5.325939279708662,3.978966513421929,Sunday,Memorial Day
NWMT,2021-06-18,Juneteenth (observed),Fri,5.494773170210563,5.898280901455974,5.357934138087785,Sunday,Juneteenth
NWMT,2021-06-19,Juneteenth,Sat,4.644976460919053,4.644976460919053,4.257422639590146,Sunday,Juneteenth
NWMT,2021-07-04,Independence Day,Sun,6.336945366298886,3.9394608859468097,6.336945366298886,Saturday,Independence Day
NWMT,2021-07-05,Independence Day (observed),Mon,1.92458174925001,1.945049003332354,4.131356479725171,own weekday,Independence Day
NWMT,2021-09-06,Labor Day,Mon,2.1935687020463916,1.2301530376074366,1.178837039255822,Sunday,Labor Day
NWMT,2021-10-11,Columbus Day,Mon,2.7376624803563616,3.925066385240112,4.492396196323132,own weekday,Columbus Day
NWMT,2021-11-11,Veterans Day,Thu,1.53542521417028,2.5073605873739813,3.0288662979668812,own weekday,Veterans Day
NWMT,2021-11-25,Thanksgiving,Thu,3.9011378698635566,4.245027301696028,4.593871350311723,own weekday,Thanksgiving
NWMT,2021-11-26,Day after Thanksgiving,Fri,1.814139226972265,1.1933677654241208,1.2957338372093197,Saturday,Day after Thanksgiving
NWMT,2021-12-24,Christmas Eve,Fri,2.121153088607776,1.2106612037197837,2.151983763745931,Saturday,Christmas Eve
NWMT,2021-12-25,Christmas Day,Sat,1.848512083455644,1.848512083455644,2.6686564111045525,Saturday,Christmas Day
NWMT,2021-12-31,New Year's Day (observed),Fri,1.9090304165439054,0.9126965816287943,1.3971055196643793,Saturday,New Year's Day
NWMT,2022-01-01,New Year's Day,Sat,2.9591637556902377,2.9591637556902377,3.929530539159972,Saturday,New Year's Day
NWMT,2022-01-17,MLK Day,Mon,0.9599104019764002,2.018296222969086,2.976332813292202,own weekday,MLK Day
NWMT,2022-02-13,Super Bowl Sunday,Sun,2.4765413791544026,1.9502158043944788,2.4765413791544026,Saturday,Super Bowl Sunday
NWMT,2022-02-21,Presidents' Day,Mon,3.449120870445162,3.9732417115699232,3.461590068092716,own weekday,Presidents' Day
NWMT,2022-05-30,Memorial Day,Mon,3.7566043797678543,3.7673499449268593,3.375207239730038,Sunday,Memorial Day
NWMT,2022-06-19,Juneteenth,Sun,1.4113575076605067,1.7592554618421075,1.4113575076605067,Sunday,Juneteenth
NWMT,2022-06-20,Juneteenth (observed),Mon,3.557431158732756,3.474030655520916,2.8887907240856046,Sunday,Juneteenth
NWMT,2022-07-04,Independence Day,Mon,3.6759616620695517,2.936720325534886,2.5604421033449443,Sunday,Independence Day
NWMT,2022-09-05,Labor Day,Mon,3.458382413348656,2.3869462438993474,1.6860386311370263,Sunday,Labor Day
NWMT,2022-10-10,Columbus Day,Mon,2.803341403723359,3.9760783182862016,4.91748794214721,own weekday,Columbus Day
NWMT,2022-11-11,Veterans Day,Fri,3.8669374109899506,4.047676086444018,5.406529618361891,own weekday,Veterans Day
NWMT,2022-11-24,Thanksgiving,Thu,3.847424160508244,3.776140308244439,4.448198130049045,Saturday,Thanksgiving
NWMT,2022-11-25,Day after Thanksgiving,Fri,3.0629069484189824,1.8792982377224643,1.849597138633362,Sunday,Day after Thanksgiving
NWMT,2022-12-24,Christmas Eve,Sat,7.063897680283285,7.063897680283285,7.711890828951675,Saturday,Christmas Eve
NWMT,2022-12-25,Christmas Day,Sun,5.8424923372468065,7.667437992404334,5.8424923372468065,Sunday,Christmas Day
NWMT,2022-12-26,Christmas Day (observed),Mon,7.727747227798147,5.393281722314242,7.739199807688836,Saturday,Christmas Day
NWMT,2022-12-31,New Year's Eve,Sat,2.8807695195381378,2.8807695195381378,4.584975926612437,Saturday,New Year's Eve
NWMT,2023-01-01,New Year's Day,Sun,7.866113237561935,10.999121271922464,7.866113237561935,Sunday,New Year's Day
NWMT,2023-01-02,New Year's Day (observed),Mon,1.6341532748233998,2.959199465898657,2.063014745142383,own weekday,New Year's Day
NWMT,2023-01-16,MLK Day,Mon,1.6379997393893362,2.825501102895715,2.237431621989119,own weekday,MLK Day
NWMT,2023-02-12,Super Bowl Sunday,Sun,3.2919401006843687,1.2590079235559555,3.2919401006843687,Saturday,Super Bowl Sunday
NWMT,2023-02-20,Presidents' Day,Mon,1.592923444327852,2.4208063685326606,1.5397317749497477,Sunday,Presidents' Day
NWMT,2023-05-29,Memorial Day,Mon,5.199963438535659,4.59644300220195,3.7509887214885786,Sunday,Memorial Day
NWMT,2023-06-19,Juneteenth,Mon,2.0623154590868857,2.528853697469319,3.049808476995948,own weekday,Juneteenth
NWMT,2023-07-04,Independence Day,Tue,4.949795657848404,2.103901852341246,3.40716633732029,Saturday,Independence Day
NWMT,2023-09-04,Labor Day,Mon,6.714580075759938,6.36751155176643,6.389673377261487,Saturday,Labor Day
NWMT,2023-10-09,Columbus Day,Mon,2.9831761819544846,3.8708852971312013,3.1379239780590478,own weekday,Columbus Day
NWMT,2023-11-10,Veterans Day (observed),Fri,1.0545318614041015,2.067061064101115,2.584471244174801,own weekday,Veterans Day
NWMT,2023-11-11,Veterans Day,Sat,2.1762314791412694,2.1762314791412694,3.5917879887441946,Saturday,Veterans Day
NWMT,2023-11-23,Thanksgiving,Thu,4.543277802104229,4.085024278748927,3.8445150726706325,Sunday,Thanksgiving
NWMT,2023-11-24,Day after Thanksgiving,Fri,1.8309208131660413,0.8982278285271631,1.9259156847255776,Saturday,Day after Thanksgiving
NWMT,2023-12-24,Christmas Eve,Sun,2.7085426517224764,2.2537332311113363,2.7085426517224764,Saturday,Christmas Eve
NWMT,2023-12-25,Christmas Day,Mon,3.184381795754798,2.9233339290108167,3.590571135356973,Saturday,Christmas Day
NWMT,2023-12-31,New Year's Eve,Sun,1.7660298599376876,0.9005336795175869,1.7660298599376876,Saturday,New Year's Eve
NWMT,2024-01-01,New Year's Day,Mon,2.5581460954740063,1.0316634417149582,1.3551094534289498,Saturday,New Year's Day
NWMT,2024-01-15,MLK Day,Mon,1.610332801037378,1.3386924808447946,2.080231613744311,Saturday,MLK Day
NWMT,2024-02-11,Super Bowl Sunday,Sun,2.5646386904021807,1.8118680061248935,2.5646386904021807,Saturday,Super Bowl Sunday
NWMT,2024-02-19,Presidents' Day,Mon,2.1391022829412547,1.568156966038751,2.1735334756433886,Saturday,Presidents' Day
NWMT,2024-05-27,Memorial Day,Mon,4.305908232613502,2.0906555444959927,2.4391321014612366,Saturday,Memorial Day
NWMT,2024-06-19,Juneteenth,Wed,1.337079601604809,1.4118323034303484,1.4887308592232578,own weekday,Juneteenth
NWMT,2024-07-04,Independence Day,Thu,2.38995904600238,1.2814705281969196,1.5386156598136393,Saturday,Independence Day
NWMT,2024-09-02,Labor Day,Mon,2.7964883377063687,2.7844372806272952,2.169508899123422,Sunday,Labor Day
NWMT,2024-10-14,Columbus Day,Mon,2.0496649983907895,3.008433057711943,3.8711660373286945,own weekday,Columbus Day
NWMT,2024-11-11,Veterans Day,Mon,1.3841148849249423,2.275748224441745,2.3971170186390816,own weekday,Veterans Day
NWMT,2024-11-28,Thanksgiving,Thu,3.1254603243650876,2.125243416169453,3.8932711669075184,Saturday,Thanksgiving
NWMT,2024-11-29,Day after Thanksgiving,Fri,1.4006216591321752,0.7713513086229773,1.6686236908169598,Saturday,Day after Thanksgiving
NWMT,2024-12-24,Christmas Eve,Tue,2.1716013915527284,2.114413324973723,2.4745165055787086,Saturday,Christmas Eve
NWMT,2024-12-25,Christmas Day,Wed,2.231244615686016,1.1837795952739842,1.814403544112369,Saturday,Christmas Day
NWMT,2024-12-31,New Year's Eve,Tue,1.2598124857671147,1.239357913708578,2.3029077336330883,Saturday,New Year's Eve
NWMT,2025-01-01,New Year's Day,Wed,2.8207714069691456,1.5557236726865842,0.7762539861141556,Sunday,New Year's Day
NWMT,2025-01-20,MLK Day,Mon,1.1819514324386438,1.6022682168373812,2.2035798178165185,own weekday,MLK Day
NWMT,2025-02-09,Super Bowl Sunday,Sun,2.6678886568413063,1.2762887669113891,2.6678886568413063,Saturday,Super Bowl Sunday
NWMT,2025-02-17,Presidents' Day,Mon,1.1968322726220157,1.6138254523251145,1.4012291713274028,own weekday,Presidents' Day
NWMT,2025-05-26,Memorial Day,Mon,7.356172602760262,6.259400965880912,4.7290848377344625,Sunday,Memorial Day
NWMT,2025-06-19,Juneteenth,Thu,5.672216984518352,5.332179561070589,3.8176447299139737,Sunday,Juneteenth
NWMT,2025-07-04,Independence Day,Fri,3.8184663734879227,4.096912072326331,4.064517345695602,own weekday,Independence Day
NWMT,2025-09-01,Labor Day,Mon,4.17469665159651,5.053408339199718,3.654181955106982,Sunday,Labor Day
NWMT,2025-10-13,Columbus Day,Mon,3.175933278755686,4.775144913350726,5.6204282846155955,own weekday,Columbus Day
NWMT,2025-11-11,Veterans Day,Tue,1.1062086551981412,2.813787166638461,2.831887476737992,own weekday,Veterans Day
NWMT,2025-11-27,Thanksgiving,Thu,3.158372354808545,3.0548163227622647,3.251720204283571,Saturday,Thanksgiving
NWMT,2025-11-28,Day after Thanksgiving,Fri,5.577590164434765,4.870033584711759,2.4018401838767,Sunday,Day after Thanksgiving
NWMT,2025-12-24,Christmas Eve,Wed,2.051093016381914,3.663636010549884,3.4714350535134617,own weekday,Christmas Eve
NWMT,2025-12-25,Christmas Day,Thu,3.8648703432803697,3.454249082989703,3.5427752287745995,Saturday,Christmas Day
NWMT,2025-12-31,New Year's Eve,Wed,2.9810587771954706,2.6068874811614724,2.880038382524675,Saturday,New Year's Eve
NWMT,2026-01-01,New Year's Day,Thu,3.754638446115611,4.431796151848091,4.0594881259328455,own weekday,New Year's Day
NWMT,2026-01-19,MLK Day,Mon,1.7209214373714508,3.2620870061794456,2.7441272640054066,own weekday,MLK Day
NWMT,2026-02-08,Super Bowl Sunday,Sun,1.9499857039228377,3.0107406509500985,1.9499857039228377,Sunday,Super Bowl Sunday
NWMT,2026-02-16,Presidents' Day,Mon,2.96444704412647,2.1318645014367967,1.9928556942068152,Sunday,Presidents' Day
NWMT,2026-05-25,Memorial Day,Mon,7.922551323111788,8.921453847434556,6.997024128263937,Sunday,Memorial Day
NWMT,2026-06-19,Juneteenth,Fri,2.8851123309254048,2.782171752203565,1.6897945796547935,Sunday,Juneteenth
NYIS,2015-09-07,Labor Day,Mon,4.934714715744368,6.123435973044122,3.3073496616095364,Sunday,Labor Day
NYIS,2015-10-12,Columbus Day,Mon,0.9274536116006874,4.386755749201029,5.295244404992607,own weekday,Columbus Day
NYIS,2015-11-11,Veterans Day,Wed,1.357202318045652,4.176401593183304,5.365568062328808,own weekday,Veterans Day
NYIS,2015-11-26,Thanksgiving,Thu,5.95805431993538,4.075506290046871,5.596434028479602,Saturday,Thanksgiving
NYIS,2015-11-27,Day after Thanksgiving,Fri,3.222928926899889,1.9871043768478727,2.9524899587712015,Saturday,Day after Thanksgiving
NYIS,2015-12-24,Christmas Eve,Thu,2.8901229757307245,3.2235822458647423,4.880830415953714,own weekday,Christmas Eve
NYIS,2015-12-25,Christmas Day,Fri,4.800727760706599,1.5134485641809756,2.1947148643098777,Saturday,Christmas Day
NYIS,2015-12-31,New Year's Eve,Thu,2.589699008544816,2.419642236903401,3.7084634759102646,Saturday,New Year's Eve
NYIS,2016-01-01,New Year's Day,Fri,6.282619881119748,2.810617861801394,1.9050022124025998,Sunday,New Year's Day
NYIS,2016-01-18,MLK Day,Mon,1.742552940157081,2.8554861214244216,3.2116178976877268,own weekday,MLK Day
NYIS,2016-02-07,Super Bowl Sunday,Sun,2.5595313557411137,1.5343634482109516,2.5595313557411137,Saturday,Super Bowl Sunday
NYIS,2016-02-15,Presidents' Day,Mon,4.601852541897912,3.1107679136666704,4.91345603627202,Saturday,Presidents' Day
NYIS,2016-05-30,Memorial Day,Mon,6.10572053276199,5.537246877885971,4.230690796608355,Sunday,Memorial Day
NYIS,2016-07-04,Independence Day,Mon,5.012700792932892,1.3160468898599273,3.564438511090688,Saturday,Independence Day
NYIS,2016-09-05,Labor Day,Mon,5.848589667333124,4.936656971145736,3.0011794130900045,Sunday,Labor Day
NYIS,2016-10-10,Columbus Day,Mon,2.436265370556791,3.5342546924238825,4.059216823127067,own weekday,Columbus Day
NYIS,2016-11-11,Veterans Day,Fri,2.258547301592581,3.243428036063236,4.08668304190458,own weekday,Veterans Day
NYIS,2016-11-24,Thanksgiving,Thu,5.354659513518,3.472118323153818,5.552203897610789,Saturday,Thanksgiving
NYIS,2016-11-25,Day after Thanksgiving,Fri,3.2237867105768148,2.0121548459158665,2.8657751119125594,Saturday,Day after Thanksgiving
NYIS,2016-12-24,Christmas Eve,Sat,2.1142651740290215,2.1142651740290215,3.559533159658048,Saturday,Christmas Eve
NYIS,2016-12-25,Christmas Day,Sun,3.909668176562559,2.941779195854115,3.909668176562559,Saturday,Christmas Day
NYIS,2016-12-26,Christmas Day (observed),Mon,3.0788202905163273,1.6726089315258676,2.3757120262527294,Saturday,Christmas Day
NYIS,2016-12-31,New Year's Eve,Sat,1.2340905734047516,1.2340905734047516,2.651946657745846,Saturday,New Year's Eve
NYIS,2017-01-01,New Year's Day,Sun,3.3411324866736356,3.857487139990308,3.3411324866736356,Sunday,New Year's Day
NYIS,2017-01-02,New Year's Day (observed),Mon,2.9802811294933726,2.1987973647186614,2.185757736670187,Sunday,New Year's Day
NYIS,2017-01-16,MLK Day,Mon,2.5766655629257924,2.336007599033572,3.8708585740192674,Saturday,MLK Day
NYIS,2017-02-05,Super Bowl Sunday,Sun,2.2898032965361677,1.2222014159963044,2.2898032965361677,Saturday,Super Bowl Sunday
NYIS,2017-02-20,Presidents' Day,Mon,2.718473473092241,2.271981897425583,2.5669889341465706,Saturday,Presidents' Day
NYIS,2017-05-29,Memorial Day,Mon,4.087245130805553,2.420663384554618,2.142600467558845,Sunday,Memorial Day
NYIS,2017-07-04,Independence Day,Tue,5.756538261033552,2.9086821116876282,1.9087768542275267,Sunday,Independence Day
NYIS,2017-09-04,Labor Day,Mon,4.80651521323641,4.977869643976813,2.5533700973684237,Sunday,Labor Day
NYIS,2017-10-09,Columbus Day,Mon,2.107496614954838,3.216423773228141,4.256239886031996,own weekday,Columbus Day
NYIS,2017-11-10,Veterans Day (observed),Fri,2.7089519538470217,3.1829895776919215,3.936352524420219,own weekday,Veterans Day
NYIS,2017-11-11,Veterans Day,Sat,3.9521066354696592,3.9521066354696592,5.562736353469284,Saturday,Veterans Day
NYIS,2017-11-23,Thanksgiving,Thu,5.3045949674458335,3.6688816511591136,5.712061812926128,Saturday,Thanksgiving
NYIS,2017-11-24,Day after Thanksgiving,Fri,4.403839722072369,2.2108282019918506,3.3043632791074438,Saturday,Day after Thanksgiving
NYIS,2017-12-24,Christmas Eve,Sun,2.2119911387701663,1.2641623754339735,2.2119911387701663,Saturday,Christmas Eve
NYIS,2017-12-25,Christmas Day,Mon,5.545060181037384,1.931704958602495,1.9192949412134623,Sunday,Christmas Day
NYIS,2017-12-31,New Year's Eve,Sun,1.289017925218905,1.871232449540224,1.289017925218905,Sunday,New Year's Eve
NYIS,2018-01-01,New Year's Day,Mon,5.9893156588481435,2.59441269358676,2.6832354051868443,Saturday,New Year's Day
NYIS,2018-01-15,MLK Day,Mon,2.771659794400809,2.0398927235419575,3.3851832320446724,Saturday,MLK Day
NYIS,2018-02-04,Super Bowl Sunday,Sun,2.4443611981608724,1.7807745814970122,2.4443611981608724,Saturday,Super Bowl Sunday
NYIS,2018-02-19,Presidents' Day,Mon,3.0559517912335035,2.6253153175135573,2.942918330174693,Saturday,Presidents' Day
NYIS,2018-05-28,Memorial Day,Mon,5.820273973114602,4.677456490760524,3.6468158236033896,Sunday,Memorial Day
NYIS,2018-07-04,Independence Day,Wed,4.176670923149314,1.7158154276824076,3.3981681153958374,Saturday,Independence Day
NYIS,2018-09-03,Labor Day,Mon,3.36427571103746,6.037374854425425,3.7814493192934986,own weekday,Labor Day
NYIS,2018-10-08,Columbus Day,Mon,1.9703608128913068,2.6972552559857377,3.8608465841654933,own weekday,Columbus Day
NYIS,2018-11-11,Veterans Day,Sun,2.2820319301543925,2.998900525490165,2.2820319301543925,Sunday,Veterans Day
NYIS,2018-11-12,Veterans Day (observed),Mon,2.8923620257357796,3.2654575909104864,4.5203383677007745,own weekday,Veterans Day
NYIS,2018-11-22,Thanksgiving,Thu,5.188411168647841,2.767549786679402,4.1908318627992855,Saturday,Thanksgiving
NYIS,2018-11-23,Day after Thanksgiving,Fri,3.589400416229143,3.1736947132200863,3.9022116071843986,Saturday,Day after Thanksgiving
NYIS,2018-12-24,Christmas Eve,Mon,3.333314507118869,2.530364453647166,3.6618149582319717,Saturday,Christmas Eve
NYIS,2018-12-25,Christmas Day,Tue,5.3556725090915736,2.286696524856826,2.680351868370706,Saturday,Christmas Day
NYIS,2018-12-31,New Year's Eve,Mon,2.8509989788050083,2.362830253001189,3.1073699547271487,Saturday,New Year's Eve
NYIS,2019-01-01,New Year's Day,Tue,5.961062516741801,3.289201204697205,2.356965456459123,Sunday,New Year's Day
NYIS,2019-01-21,MLK Day,Mon,1.9005439170348348,2.1356787517360143,3.0351862453040246,own weekday,MLK Day
NYIS,2019-02-03,Super Bowl Sunday,Sun,3.6788451045968915,3.4896569911720863,3.6788451045968915,Saturday,Super Bowl Sunday
NYIS,2019-02-18,Presidents' Day,Mon,2.1583994167238014,2.9458989958838355,3.031218481357376,own weekday,Presidents' Day
NYIS,2019-05-27,Memorial Day,Mon,5.97279016510833,4.696845725838386,2.2473296163865997,Sunday,Memorial Day
NYIS,2019-07-04,Independence Day,Thu,5.402403078408682,3.89058704405466,2.9627792999576643,Sunday,Independence Day
NYIS,2019-09-02,Labor Day,Mon,3.5952565418108735,2.224820523969916,2.7109927293644462,Saturday,Labor Day
NYIS,2019-10-14,Columbus Day,Mon,1.9288784291387127,3.827873674234534,4.441568584514588,own weekday,Columbus Day
NYIS,2019-11-11,Veterans Day,Mon,1.035603554879171,4.978567081855618,4.295551314771953,own weekday,Veterans Day
NYIS,2019-11-28,Thanksgiving,Thu,4.1532363578325,3.6937526795449918,3.260485067753802,Sunday,Thanksgiving
NYIS,2019-11-29,Day after Thanksgiving,Fri,3.127761603138883,2.5899375146774886,2.1111305506958047,Sunday,Day after Thanksgiving
NYIS,2019-12-24,Christmas Eve,Tue,3.1842813441632236,2.060426812620589,2.735539390710137,Saturday,Christmas Eve
NYIS,2019-12-25,Christmas Day,Wed,5.903564504963666,2.2016297331807277,3.4975891505936163,Saturday,Christmas Day
NYIS,2019-12-31,New Year's Eve,Tue,1.763519228017657,3.563505451407894,3.402347658804737,own weekday,New Year's Eve
NYIS,2020-01-01,New Year's Day,Wed,4.669207627056731,2.6092579316049105,1.4276415081230225,Sunday,New Year's Day
NYIS,2020-01-20,MLK Day,Mon,2.5819422274679686,1.8904974623882658,2.6229771276364273,Saturday,MLK Day
NYIS,2020-02-02,Super Bowl Sunday,Sun,1.023734360753104,1.1488700237760936,1.023734360753104,Sunday,Super Bowl Sunday
NYIS,2020-02-17,Presidents' Day,Mon,3.9729567430759256,2.6002699799191373,2.626050686402921,Saturday,Presidents' Day
NYIS,2020-05-25,Memorial Day,Mon,5.060544897358799,5.370251778993923,3.8976761450051085,Sunday,Memorial Day
NYIS,2020-07-03,Independence Day (observed),Fri,2.6370167183480007,5.0829582548096,6.182479821465022,own weekday,Independence Day
NYIS,2020-07-04,Independence Day,Sat,4.024356141678994,4.024356141678994,4.665134979145299,Saturday,Independence Day
NYIS,2020-09-07,Labor Day,Mon,3.8264950630440575,2.079206188797819,2.531029298075682,Saturday,Labor Day
NYIS,2020-10-12,Columbus Day,Mon,1.7147218305793144,4.601349941531315,5.516722470722205,own weekday,Columbus Day
NYIS,2020-11-11,Veterans Day,Wed,2.3062779882380795,6.74819832051451,6.735132308385669,own weekday,Veterans Day
NYIS,2020-11-26,Thanksgiving,Thu,4.0469549172332995,4.278331281079495,4.409835741741902,own weekday,Thanksgiving
NYIS,2020-11-27,Day after Thanksgiving,Fri,3.035307022229584,2.9046084972274318,2.8060876335859275,Sunday,Day after Thanksgiving
NYIS,2020-12-24,Christmas Eve,Thu,2.549682716886072,2.6864117640212126,3.5231370734076983,own weekday,Christmas Eve
NYIS,2020-12-25,Christmas Day,Fri,3.8203585180995736,2.6791396496452364,2.201331575516119,Sunday,Christmas Day
NYIS,2020-12-31,New Year's Eve,Thu,2.0349708965769495,2.4320892945123407,3.1798799202386894,own weekday,New Year's Eve
NYIS,2021-01-01,New Year's Day,Fri,4.73217102497458,1.5825014164806344,1.3605581835027976,Sunday,New Year's Day
NYIS,2021-01-18,MLK Day,Mon,1.4641073487401153,2.2033704275951487,2.8454378148730988,own weekday,MLK Day
NYIS,2021-02-07,Super Bowl Sunday,Sun,2.3394664946490695,2.732714027644588,2.3394664946490695,Sunday,Super Bowl Sunday
NYIS,2021-02-15,Presidents' Day,Mon,1.13436491878915,3.3305455216626165,3.565942271251451,own weekday,Presidents' Day
NYIS,2021-05-31,Memorial Day,Mon,4.598807190175653,1.1462276921298615,2.3769758839388335,Saturday,Memorial Day
NYIS,2021-06-18,Juneteenth (observed),Fri,6.285560492738361,6.840405046603835,5.878997892981676,Sunday,Juneteenth
NYIS,2021-06-19,Juneteenth,Sat,8.488805139352124,8.488805139352124,7.1703730323618,Sunday,Juneteenth
NYIS,2021-07-04,Independence Day,Sun,2.6201254570065458,2.8248203243151244,2.6201254570065458,Sunday,Independence Day
NYIS,2021-07-05,Independence Day (observed),Mon,8.903512234735505,9.703351383993915,4.454447552333058,Sunday,Independence Day
NYIS,2021-09-06,Labor Day,Mon,3.4326077714594643,1.446432039048411,1.7672383830664347,Saturday,Labor Day
NYIS,2021-10-11,Columbus Day,Mon,2.051159139846753,3.249024562538179,3.963508278601674,own weekday,Columbus Day
NYIS,2021-11-11,Veterans Day,Thu,2.075961050198059,3.287850835135346,4.580603263454082,own weekday,Veterans Day
NYIS,2021-11-25,Thanksgiving,Thu,5.143671946485961,4.013681135834264,5.473052147945716,Saturday,Thanksgiving
NYIS,2021-11-26,Day after Thanksgiving,Fri,2.832607952983364,3.8430731558801146,3.7031879651534303,own weekday,Day after Thanksgiving
NYIS,2021-12-24,Christmas Eve,Fri,3.3534153508333024,2.2698557331220033,3.813669569133645,Saturday,Christmas Eve
NYIS,2021-12-25,Christmas Day,Sat,2.2977716120894938,2.2977716120894938,3.561414942637422,Saturday,Christmas Day
NYIS,2021-12-31,New Year's Day (observed),Fri,2.5774487517543228,1.7121390837047261,2.0916230353963843,Saturday,New Year's Day
NYIS,2022-01-01,New Year's Day,Sat,2.2479885468782173,2.2479885468782173,2.1710612898047517,Sunday,New Year's Day
NYIS,2022-01-17,MLK Day,Mon,3.334808592541647,2.4276127556406237,2.8952746094850963,Saturday,MLK Day
NYIS,2022-02-13,Super Bowl Sunday,Sun,3.1910749478967286,2.977954749829034,3.1910749478967286,Saturday,Super Bowl Sunday
NYIS,2022-02-21,Presidents' Day,Mon,5.211409560029014,3.415420305837253,2.356171490211302,Sunday,Presidents' Day
NYIS,2022-05-30,Memorial Day,Mon,11.891366230870652,11.34505817282825,11.091732112523811,Sunday,Memorial Day
NYIS,2022-06-19,Juneteenth,Sun,3.113979474592095,4.260153358946114,3.113979474592095,Sunday,Juneteenth
NYIS,2022-06-20,Juneteenth (observed),Mon,4.4604036255618125,5.26965357349942,3.791606551284236,Sunday,Juneteenth
NYIS,2022-07-04,Independence Day,Mon,6.225426564209046,4.3995066941235175,2.4945033443304894,Sunday,Independence Day
NYIS,2022-09-05,Labor Day,Mon,2.2658210741154967,1.6352468708124706,2.827143658055918,Saturday,Labor Day
NYIS,2022-10-10,Columbus Day,Mon,4.489162263783691,4.611802881778304,4.684175420280109,own weekday,Columbus Day
NYIS,2022-11-11,Veterans Day,Fri,4.612074420708973,7.213620286695946,6.006534356932587,own weekday,Veterans Day
NYIS,2022-11-24,Thanksgiving,Thu,4.705730721184656,3.5271849463672726,5.071850756789656,Saturday,Thanksgiving
NYIS,2022-11-25,Day after Thanksgiving,Fri,2.786923340759376,4.617059261903787,3.839458875831505,own weekday,Day after Thanksgiving
NYIS,2022-12-24,Christmas Eve,Sat,1.2067922237528088,1.2067922237528088,2.6920810402529463,Saturday,Christmas Eve
NYIS,2022-12-25,Christmas Day,Sun,5.33577295754426,3.9419396063916055,5.33577295754426,Saturday,Christmas Day
NYIS,2022-12-26,Christmas Day (observed),Mon,4.10386792954026,1.320147312163794,2.8735995568761328,Saturday,Christmas Day
NYIS,2022-12-31,New Year's Eve,Sat,2.4284821926338274,2.4284821926338274,2.338085603134288,Sunday,New Year's Eve
NYIS,2023-01-01,New Year's Day,Sun,1.7888727309709072,1.8991629748379462,1.7888727309709072,Sunday,New Year's Day
NYIS,2023-01-02,New Year's Day (observed),Mon,2.315353133401274,2.5144688587588186,1.4743446362880075,Sunday,New Year's Day
NYIS,2023-01-16,MLK Day,Mon,2.7800712408177133,2.676321715871345,3.3403879047678733,Saturday,MLK Day
NYIS,2023-02-12,Super Bowl Sunday,Sun,2.735283516362987,2.8702716973540268,2.735283516362987,Sunday,Super Bowl Sunday
NYIS,2023-02-20,Presidents' Day,Mon,2.6537737575042795,2.0516356009744734,2.540213412071212,Saturday,Presidents' Day
NYIS,2023-05-29,Memorial Day,Mon,5.909123651474553,3.833598707276468,2.9644127969908745,Sunday,Memorial Day
NYIS,2023-06-19,Juneteenth,Mon,4.819101055123945,5.578966029386185,6.19757529300061,own weekday,Juneteenth
NYIS,2023-07-04,Independence Day,Tue,3.8026819542775008,2.608017752984779,3.198901037426643,Saturday,Independence Day
NYIS,2023-09-04,Labor Day,Mon,4.326484427817187,4.465985277297332,2.3500698111585328,Sunday,Labor Day
NYIS,2023-10-09,Columbus Day,Mon,3.3237209701620465,3.293330812142158,4.360047579386748,Saturday,Columbus Day
NYIS,2023-11-10,Veterans Day (observed),Fri,1.317626862760514,3.531699403477112,5.419312616739495,own weekday,Veterans Day
NYIS,2023-11-11,Veterans Day,Sat,2.4900270282606534,2.4900270282606534,1.9118899112276964,Sunday,Veterans Day
NYIS,2023-11-23,Thanksgiving,Thu,4.4579310928212,2.622988912781552,4.819397322444772,Saturday,Thanksgiving
NYIS,2023-11-24,Day after Thanksgiving,Fri,4.433198366359245,3.5545301943876666,2.213716909110713,Sunday,Day after Thanksgiving
NYIS,2023-12-24,Christmas Eve,Sun,2.753386755927963,2.725672979187502,2.753386755927963,Saturday,Christmas Eve
NYIS,2023-12-25,Christmas Day,Mon,5.366149308722556,1.1657152510165267,2.8850630279339025,Saturday,Christmas Day
NYIS,2023-12-31,New Year's Eve,Sun,1.6516852628451733,3.042035649933274,1.6516852628451733,Sunday,New Year's Eve
NYIS,2024-01-01,New Year's Day,Mon,4.530283699173742,2.008213255054933,1.6315378528491944,Sunday,New Year's Day
NYIS,2024-01-15,MLK Day,Mon,2.9125939607111415,1.5916713702697853,2.2801031691651668,Saturday,MLK Day
NYIS,2024-02-11,Super Bowl Sunday,Sun,0.9087731613140385,1.864473539677124,0.9087731613140385,Sunday,Super Bowl Sunday
NYIS,2024-02-19,Presidents' Day,Mon,5.0041281756825375,3.715577899156485,3.5855448624188955,Sunday,Presidents' Day
NYIS,2024-05-27,Memorial Day,Mon,5.050644290400507,5.2790846967380585,4.780065157009442,Sunday,Memorial Day
NYIS,2024-06-19,Juneteenth,Wed,4.6620059336027575,7.762489409043681,7.241909853930438,own weekday,Juneteenth
NYIS,2024-07-04,Independence Day,Thu,4.500247831828162,4.6229108401807935,3.9478688782378195,Sunday,Independence Day
NYIS,2024-09-02,Labor Day,Mon,7.76910089667273,5.057494223123224,6.279861034040938,Saturday,Labor Day
NYIS,2024-10-14,Columbus Day,Mon,1.965393754258418,5.175165037571206,6.137935485999538,own weekday,Columbus Day
NYIS,2024-11-11,Veterans Day,Mon,1.8226073139635022,6.964076096604869,6.801069980087907,own weekday,Veterans Day
NYIS,2024-11-28,Thanksgiving,Thu,5.624334552579805,8.45411687350084,7.999706778858089,own weekday,Thanksgiving
NYIS,2024-11-29,Day after Thanksgiving,Fri,2.6916708109975667,4.629740189492163,3.810368056729792,own weekday,Day after Thanksgiving
NYIS,2024-12-24,Christmas Eve,Tue,4.981464605382613,5.154729659983528,5.326422958052301,own weekday,Christmas Eve
NYIS,2024-12-25,Christmas Day,Wed,4.33802552613037,1.7041924405909803,2.205864607183517,Saturday,Christmas Day
NYIS,2024-12-31,New Year's Eve,Tue,1.7319085729092472,2.5259247318423967,2.253500715120459,own weekday,New Year's Eve
NYIS,2025-01-01,New Year's Day,Wed,4.337667126186525,3.569795059286059,3.0067079847579548,Sunday,New Year's Day
NYIS,2025-01-20,MLK Day,Mon,1.5636065480053738,2.4377229107338527,3.031732743577291,own weekday,MLK Day
NYIS,2025-02-09,Super Bowl Sunday,Sun,2.2182110076130916,1.8429527006213566,2.2182110076130916,Saturday,Super Bowl Sunday
NYIS,2025-02-17,Presidents' Day,Mon,1.998534727669252,2.284371787684032,2.5776909180426664,own weekday,Presidents' Day
NYIS,2025-05-26,Memorial Day,Mon,7.608824203961362,6.68506091503228,3.0980327335367734,Sunday,Memorial Day
NYIS,2025-06-19,Juneteenth,Thu,6.854401821166746,8.88714450069107,10.023907479183046,own weekday,Juneteenth
NYIS,2025-07-04,Independence Day,Fri,6.741681736219834,3.992719091257948,1.9476662558005977,Sunday,Independence Day
NYIS,2025-09-01,Labor Day,Mon,6.590226720288482,2.26003046472334,3.1758887773536073,Saturday,Labor Day
NYIS,2025-10-13,Columbus Day,Mon,3.5984699825313196,6.548102796221082,8.284101782363255,own weekday,Columbus Day
NYIS,2025-11-11,Veterans Day,Tue,3.8455662758520153,6.71849354053102,7.525904139437858,own weekday,Veterans Day
NYIS,2025-11-27,Thanksgiving,Thu,4.085212385185201,3.790156991220755,4.502445507749455,Saturday,Thanksgiving
NYIS,2025-11-28,Day after Thanksgiving,Fri,2.5995417682950097,3.2150771855117104,3.5571339912947426,own weekday,Day after Thanksgiving
NYIS,2025-12-24,Christmas Eve,Wed,2.4710765409890176,2.2834566948937716,4.146986482548606,Saturday,Christmas Eve
NYIS,2025-12-25,Christmas Day,Thu,4.242465273739474,1.9118444082151538,3.2979468824445393,Saturday,Christmas Day
NYIS,2025-12-31,New Year's Eve,Wed,2.2795953156131135,2.1455956788730317,2.997807683447794,Saturday,New Year's Eve
NYIS,2026-01-01,New Year's Day,Thu,3.6442608143095696,2.524989846410615,2.20473786546157,Sunday,New Year's Day
NYIS,2026-01-19,MLK Day,Mon,1.637537573711661,2.5808758149546795,2.111503341921526,own weekday,MLK Day
NYIS,2026-02-08,Super Bowl Sunday,Sun,3.2860336109282224,2.2569506673276387,3.2860336109282224,Saturday,Super Bowl Sunday
NYIS,2026-02-16,Presidents' Day,Mon,2.6086980763874337,2.6859863292022377,2.830072130167604,own weekday,Presidents' Day
NYIS,2026-05-25,Memorial Day,Mon,3.7342157599622268,4.201845075338978,2.9576715556932265,Sunday,Memorial Day
NYIS,2026-06-19,Juneteenth,Fri,4.329614252210018,2.0741036221492433,3.899109792131649,Saturday,Juneteenth
PACE,2015-09-07,Labor Day,Mon,4.750758241361872,2.9664998067571484,3.3426129658993977,Saturday,Labor Day
PACE,2015-11-11,Veterans Day,Wed,3.869488218190214,3.5809086441935554,4.143701945409473,Saturday,Veterans Day
PACE,2015-11-26,Thanksgiving,Thu,4.318268868185596,2.8088353024595425,3.9375061606923047,Saturday,Thanksgiving
PACE,2015-11-27,Day after Thanksgiving,Fri,2.9214965809462186,1.636120877044556,2.1592629700145456,Saturday,Day after Thanksgiving
PACE,2015-12-24,Christmas Eve,Thu,2.056728854743629,2.110116801617245,2.017213059192003,Sunday,Christmas Eve
PACE,2015-12-25,Christmas Day,Fri,2.477314328522375,1.2004548665407317,1.6012040200710411,Saturday,Christmas Day
PACE,2015-12-31,New Year's Eve,Thu,2.1249995121824825,2.1999888103589185,2.6827168246701083,own weekday,New Year's Eve
PACE,2016-01-01,New Year's Day,Fri,4.657813291254458,2.9748602234896615,2.9866501412034285,Saturday,New Year's Day
PACE,2016-01-18,MLK Day,Mon,1.8714249692671219,2.8604695161281017,3.382698658072527,own weekday,MLK Day
PACE,2016-02-15,Presidents' Day,Mon,1.2215383108971867,1.8804674947281688,3.1189210005628154,own weekday,Presidents' Day
PACE,2016-05-30,Memorial Day,Mon,6.054323847725696,5.384383617483919,4.066505297430239,Sunday,Memorial Day
PACE,2016-09-05,Labor Day,Mon,6.6723308984042236,3.9033551507311937,5.37688352962117,Saturday,Labor Day
PACE,2016-10-10,Columbus Day,Mon,3.332851175134069,3.1013374277933177,4.720566591841418,Saturday,Columbus Day
PACE,2016-11-24,Thanksgiving,Thu,3.443947903511619,1.8634001511858993,1.8097321499422634,Sunday,Thanksgiving
PACE,2016-11-25,Day after Thanksgiving,Fri,4.825578889608547,4.048096968274942,4.002744664807232,Sunday,Day after Thanksgiving
PACE,2016-12-24,Christmas Eve,Sat,2.449701882905295,2.449701882905295,3.104747678231885,Saturday,Christmas Eve
PACE,2016-12-25,Christmas Day,Sun,1.3771291799921723,1.2352482393091913,1.3771291799921723,Saturday,Christmas Day
PACE,2016-12-26,Christmas Day (observed),Mon,5.4020494461253765,2.261026697299266,1.2401623716577443,Sunday,Christmas Day
PACE,2016-12-31,New Year's Eve,Sat,1.6572048498321046,1.6572048498321046,1.6862790964625587,Saturday,New Year's Eve
PACE,2017-01-01,New Year's Day,Sun,2.924343838087735,3.334395890509926,2.924343838087735,Sunday,New Year's Day
PACE,2017-01-02,New Year's Day (observed),Mon,3.915214187870596,2.4692647959111693,2.185094336914761,Sunday,New Year's Day
PACE,2017-01-16,MLK Day,Mon,2.6665919220970764,2.3898763538241137,3.177402275803931,Saturday,MLK Day
PACE,2017-02-05,Super Bowl Sunday,Sun,1.7050576515230402,1.0312172472634336,1.7050576515230402,Saturday,Super Bowl Sunday
PACE,2017-02-20,Presidents' Day,Mon,1.5887205387289833,1.8244301596163321,2.0228210522374526,own weekday,Presidents' Day
PACE,2017-05-29,Memorial Day,Mon,5.7038752447444265,7.012994417065076,6.366390979340808,own weekday,Memorial Day
PACE,2017-09-04,Labor Day,Mon,3.615202035113037,2.740744802042841,2.3834322875698177,Sunday,Labor Day
PACE,2017-10-09,Columbus Day,Mon,5.629098271517882,4.3030342032273285,6.538542869510694,Saturday,Columbus Day
PACE,2017-11-10,Veterans Day (observed),Fri,1.6065994010604558,2.522837453879676,3.1689531263665978,own weekday,Veterans Day
PACE,2017-11-11,Veterans Day,Sat,2.1533286251621324,2.1533286251621324,1.9958820094882928,Sunday,Veterans Day
PACE,2017-11-23,Thanksgiving,Thu,4.374205539710816,3.5391729490716486,3.9158000832248554,Saturday,Thanksgiving
PACE,2017-11-24,Day after Thanksgiving,Fri,2.6582506412044866,1.490095223146238,1.690847229468874,Saturday,Day after Thanksgiving
PACE,2017-12-24,Christmas Eve,Sun,2.443519647152369,2.5834574074607732,2.443519647152369,Sunday,Christmas Eve
PACE,2017-12-25,Christmas Day,Mon,4.665781936516276,2.6867350060770656,2.0938775874202453,Sunday,Christmas Day
PACE,2017-12-31,New Year's Eve,Sun,1.511231840653445,1.3070073263401025,1.511231840653445,Saturday,New Year's Eve
PACE,2018-01-01,New Year's Day,Mon,4.251436570364266,1.9270797202889076,1.1824492539613374,Sunday,New Year's Day
PACE,2018-01-15,MLK Day,Mon,2.3826695522939056,2.2449313436429756,2.97634958597163,Saturday,MLK Day
PACE,2018-02-04,Super Bowl Sunday,Sun,1.7317211370597785,1.106518014170662,1.7317211370597785,Saturday,Super Bowl Sunday
PACE,2018-02-19,Presidents' Day,Mon,2.014618307012063,3.118670759441404,4.147097407466282,own weekday,Presidents' Day
PACE,2018-05-28,Memorial Day,Mon,3.7267010413442008,1.1926672173986408,1.8580208261603952,Saturday,Memorial Day
PACE,2018-07-04,Independence Day,Wed,3.7149595399596564,4.787412771709345,4.660148511064945,own weekday,Independence Day
PACE,2018-09-03,Labor Day,Mon,3.862958967367964,1.987019167014602,1.5355283556401362,Sunday,Labor Day
PACE,2018-10-08,Columbus Day,Mon,6.212421545737737,6.9650383743396205,7.386676060202051,own weekday,Columbus Day
PACE,2018-11-11,Veterans Day,Sun,2.308127536844316,2.5235934114667424,2.308127536844316,Sunday,Veterans Day
PACE,2018-11-12,Veterans Day (observed),Mon,1.158346442103976,3.5168464231640986,3.4729151654999457,own weekday,Veterans Day
PACE,2018-11-22,Thanksgiving,Thu,4.697720222783061,3.326175843431135,4.4248230466453435,Saturday,Thanksgiving
PACE,2018-11-23,Day after Thanksgiving,Fri,3.0549094464584288,1.8017730766173377,3.1797193259962455,Saturday,Day after Thanksgiving
PACE,2018-12-24,Christmas Eve,Mon,3.462972822815321,2.016256385263486,2.6510494556525646,Saturday,Christmas Eve
PACE,2018-12-25,Christmas Day,Tue,3.402718931899351,1.3255412610566444,1.2831964140411842,Sunday,Christmas Day
PACE,2018-12-31,New Year's Eve,Mon,1.7949920035741165,1.9382727933044117,2.411218240871024,own weekday,New Year's Eve
PACE,2019-01-01,New Year's Day,Tue,3.6903300453230528,2.3778531849521163,2.057562071731356,Sunday,New Year's Day
PACE,2019-01-21,MLK Day,Mon,3.0951782591883967,3.9757694724876584,4.113148344961779,own weekday,MLK Day
PACE,2019-02-03,Super Bowl Sunday,Sun,0.968184741917908,1.542917507466358,0.968184741917908,Sunday,Super Bowl Sunday
PACE,2019-02-18,Presidents' Day,Mon,2.5265840089676255,3.2980383527307024,3.9076216776503503,own weekday,Presidents' Day
PACE,2019-05-27,Memorial Day,Mon,4.626904600080728,1.5008845721556439,1.0994907886357164,Sunday,Memorial Day
PACE,2019-07-04,Independence Day,Thu,3.8938979701149803,4.7918296219744025,3.735592382154809,Sunday,Independence Day
PACE,2019-09-02,Labor Day,Mon,2.869952441745172,2.1796245914289867,1.4343602137516462,Sunday,Labor Day
PACE,2019-10-14,Columbus Day,Mon,4.987541394578149,4.790764829029928,4.8564743905589385,Saturday,Columbus Day
PACE,2019-11-11,Veterans Day,Mon,1.3586207881874333,2.9304335375137565,3.567051660737345,own weekday,Veterans Day
PACE,2019-11-28,Thanksgiving,Thu,4.151147134367652,2.342070138404512,2.122644048928301,Sunday,Thanksgiving
PACE,2019-11-29,Day after Thanksgiving,Fri,3.6357080547250176,3.5612908307263,4.058843291120146,Saturday,Day after Thanksgiving
PACE,2019-12-24,Christmas Eve,Tue,1.7084097023300355,1.161082832549026,2.128134582021158,Saturday,Christmas Eve
PACE,2019-12-25,Christmas Day,Wed,2.633020158368554,1.2639952131297831,1.4950704317493342,Saturday,Christmas Day
PACE,2019-12-31,New Year's Eve,Tue,1.3803798142688977,2.016539569524555,2.946513280982614,own weekday,New Year's Eve
PACE,2020-01-01,New Year's Day,Wed,1.902337484680686,1.6609114111397734,2.1364216450360867,Saturday,New Year's Day
PACE,2020-01-20,MLK Day,Mon,1.6872990439008986,2.442325204783509,2.647169434375549,own weekday,MLK Day
PACE,2020-02-02,Super Bowl Sunday,Sun,1.74636815804597,1.690862724053915,1.74636815804597,Saturday,Super Bowl Sunday
PACE,2020-02-17,Presidents' Day,Mon,2.3870394621381616,2.5711764725516577,2.557922762926765,own weekday,Presidents' Day
PACE,2020-05-25,Memorial Day,Mon,3.2843924171980254,2.585320848259937,2.1117296419269214,Sunday,Memorial Day
PACE,2020-07-03,Independence Day (observed),Fri,5.529330387285461,8.803821403441471,7.443705093035065,own weekday,Independence Day
PACE,2020-07-04,Independence Day,Sat,6.608699100633955,6.608699100633955,5.803167064832696,Sunday,Independence Day
PACE,2020-09-07,Labor Day,Mon,4.168740909459423,1.7005188384528456,1.820074737392189,Saturday,Labor Day
PACE,2020-10-12,Columbus Day,Mon,4.557648290087879,4.875380165266638,5.496905933497043,own weekday,Columbus Day
PACE,2020-11-11,Veterans Day,Wed,5.268624924216505,3.8294781366340844,4.899279763431357,Saturday,Veterans Day
PACE,2020-11-26,Thanksgiving,Thu,3.591582104663734,2.6898039134262333,3.2504634571965925,Saturday,Thanksgiving
PACE,2020-11-27,Day after Thanksgiving,Fri,3.191413390084235,3.645274950412543,4.2932090517701855,own weekday,Day after Thanksgiving
PACE,2020-12-24,Christmas Eve,Thu,3.7425092664697144,2.5389521334249983,3.0249118623964923,Saturday,Christmas Eve
PACE,2020-12-25,Christmas Day,Fri,4.519176314036841,2.9899888897059137,3.5918521941290837,Saturday,Christmas Day
PACE,2020-12-31,New Year's Eve,Thu,1.5968694062626334,2.0709474842255386,1.984453714419689,own weekday,New Year's Eve
PACE,2021-01-01,New Year's Day,Fri,2.7403592838328006,1.1250182297679718,1.259347310511807,Saturday,New Year's Day
PACE,2021-01-18,MLK Day,Mon,1.3671083463782276,2.295719291447507,2.3685223681241236,own weekday,MLK Day
PACE,2021-02-07,Super Bowl Sunday,Sun,1.9969688058660808,1.4993703443437354,1.9969688058660808,Saturday,Super Bowl Sunday
PACE,2021-02-15,Presidents' Day,Mon,3.6993447924789904,3.8493522478097253,4.461258082222525,own weekday,Presidents' Day
PACE,2021-05-31,Memorial Day,Mon,4.948525771085413,5.41953777267477,5.11829068782383,own weekday,Memorial Day
PACE,2021-06-18,Juneteenth (observed),Fri,5.685053230271136,6.5691223226373285,7.995911291632531,own weekday,Juneteenth
PACE,2021-06-19,Juneteenth,Sat,3.9177041122045475,3.9177041122045475,5.435267054892618,Saturday,Juneteenth
PACE,2021-07-04,Independence Day,Sun,4.690699493169311,4.005021671196564,4.690699493169311,Saturday,Independence Day
PACE,2021-07-05,Independence Day (observed),Mon,3.1408661997341776,3.3030021974169883,3.9101835153819113,own weekday,Independence Day
PACE,2021-09-06,Labor Day,Mon,3.933075376210423,3.403863105281596,2.5680048257470656,Sunday,Labor Day
PACE,2021-10-11,Columbus Day,Mon,7.043575528969708,4.290110884850789,6.60541523178275,Saturday,Columbus Day
PACE,2021-11-11,Veterans Day,Thu,1.993422802542695,2.9171484544441495,3.8006723341169217,own weekday,Veterans Day
PACE,2021-11-25,Thanksgiving,Thu,5.028158482831873,3.9954337587445674,3.3867114712988067,Sunday,Thanksgiving
PACE,2021-11-26,Day after Thanksgiving,Fri,4.501558306870375,4.470501184582673,3.422092881028009,Sunday,Day after Thanksgiving
PACE,2021-12-24,Christmas Eve,Fri,2.7278082685478817,1.8771039277223178,1.487148589493017,Sunday,Christmas Eve
PACE,2021-12-25,Christmas Day,Sat,3.670656848264211,3.670656848264211,3.0084895796913322,Sunday,Christmas Day
PACE,2021-12-31,New Year's Day (observed),Fri,3.8288878714375176,3.9842528886537156,3.776380683268233,Sunday,New Year's Day
PACE,2022-01-01,New Year's Day,Sat,3.7198842196202877,3.7198842196202877,3.7903077710840014,Saturday,New Year's Day
PACE,2022-01-17,MLK Day,Mon,2.172708403051884,2.503941042635366,2.0842698525957135,Sunday,MLK Day
PACE,2022-02-13,Super Bowl Sunday,Sun,3.5350698501735196,2.439310310915975,3.5350698501735196,Saturday,Super Bowl Sunday
PACE,2022-02-21,Presidents' Day,Mon,3.3107476400842932,5.162586645933729,5.1263732754620435,own weekday,Presidents' Day
PACE,2022-05-30,Memorial Day,Mon,3.4400377496905867,1.334260391654893,2.150465505758992,Saturday,Memorial Day
PACE,2022-06-19,Juneteenth,Sun,2.260832739395005,1.6310284240675514,2.260832739395005,Saturday,Juneteenth
PACE,2022-06-20,Juneteenth (observed),Mon,2.2150550236197875,2.600334343262998,2.2862496675993897,own weekday,Juneteenth
PACE,2022-07-04,Independence Day,Mon,5.569024556361459,4.390619134321083,3.134148724555309,Sunday,Independence Day
PACE,2022-09-05,Labor Day,Mon,3.4242994901160277,3.967664434704813,2.982521238766045,Sunday,Labor Day
PACE,2022-10-10,Columbus Day,Mon,5.680235975050127,2.799053837490119,4.9899206483213225,Saturday,Columbus Day
PACE,2022-11-11,Veterans Day,Fri,2.637940291660144,3.908752102172545,4.557156227661363,own weekday,Veterans Day
PACE,2022-11-24,Thanksgiving,Thu,4.456645872476561,4.349930471696281,5.154083203459902,Saturday,Thanksgiving
PACE,2022-11-25,Day after Thanksgiving,Fri,1.9910273383456092,1.8205580052988513,2.409513771786066,Saturday,Day after Thanksgiving
PACE,2022-12-24,Christmas Eve,Sat,1.7082839750655494,1.7082839750655494,2.536973134499255,Saturday,Christmas Eve
PACE,2022-12-25,Christmas Day,Sun,2.124288418874438,1.6677236833610665,2.124288418874438,Saturday,Christmas Day
PACE,2022-12-26,Christmas Day (observed),Mon,1.9987978623174962,1.9274194137966025,1.8094341252717634,Sunday,Christmas Day
PACE,2022-12-31,New Year's Eve,Sat,1.5520006785556322,1.5520006785556322,1.3868641047328698,Sunday,New Year's Eve
PACE,2023-01-01,New Year's Day,Sun,1.343805489994009,2.260558012587592,1.343805489994009,Sunday,New Year's Day
PACE,2023-01-02,New Year's Day (observed),Mon,4.1000924403656205,3.6478618129769074,2.6865804410923113,Sunday,New Year's Day
PACE,2023-01-16,MLK Day,Mon,1.8489429485004034,2.1632304843048025,2.468735123309818,own weekday,MLK Day
PACE,2023-02-12,Super Bowl Sunday,Sun,2.6575188293928007,2.008451725599739,2.6575188293928007,Saturday,Super Bowl Sunday
PACE,2023-02-20,Presidents' Day,Mon,0.9022180584149423,2.7367404612644775,2.2766022232575107,own weekday,Presidents' Day
PACE,2023-05-29,Memorial Day,Mon,7.538329183379055,7.68177757123744,6.7669547305581474,Sunday,Memorial Day
PACE,2023-06-19,Juneteenth,Mon,2.6285011893266725,5.73617645235266,5.525401859898996,own weekday,Juneteenth
PACE,2023-07-04,Independence Day,Tue,3.492144348279227,3.008188526403473,2.559170141210693,Sunday,Independence Day
PACE,2023-09-04,Labor Day,Mon,7.581430285740802,6.029391443631804,6.235539654868575,Saturday,Labor Day
PACE,2023-10-09,Columbus Day,Mon,5.6399575783050135,5.6722364507244025,6.308604728937291,own weekday,Columbus Day
PACE,2023-11-10,Veterans Day (observed),Fri,5.280685950932332,4.451730449848102,5.986620894058342,Saturday,Veterans Day
PACE,2023-11-11,Veterans Day,Sat,3.124684278780729,3.124684278780729,4.118482234651674,Saturday,Veterans Day
PACE,2023-11-23,Thanksgiving,Thu,4.362856050948605,3.8408801518881894,3.5276142343151786,Sunday,Thanksgiving
PACE,2023-11-24,Day after Thanksgiving,Fri,2.960696203811211,3.3591852139998135,2.8974618071166724,Sunday,Day after Thanksgiving
PACE,2023-12-24,Christmas Eve,Sun,2.235034686298654,3.402549868934441,2.235034686298654,Sunday,Christmas Eve
PACE,2023-12-25,Christmas Day,Mon,4.8768373385179276,4.711946105215635,4.7698649014947785,Saturday,Christmas Day
PACE,2023-12-31,New Year's Eve,Sun,2.795266315603824,3.120954137009796,2.795266315603824,Sunday,New Year's Eve
PACE,2024-01-01,New Year's Day,Mon,3.703227063243194,2.819753161715781,2.3851655047527482,Sunday,New Year's Day
PACE,2024-01-15,MLK Day,Mon,1.4977838825117054,2.6767977160179384,3.224843153462801,own weekday,MLK Day
PACE,2024-02-11,Super Bowl Sunday,Sun,1.5257799441124709,1.664425863725384,1.5257799441124709,Sunday,Super Bowl Sunday
PACE,2024-02-19,Presidents' Day,Mon,1.8339185377409413,2.4118098899848883,2.596803403561499,own weekday,Presidents' Day
PACE,2024-05-27,Memorial Day,Mon,7.482793932732347,6.224667310747606,5.12321548434465,Sunday,Memorial Day
PACE,2024-06-19,Juneteenth,Wed,2.2055337219085134,3.039152021067508,3.134525220256167,own weekday,Juneteenth
PACE,2024-07-04,Independence Day,Thu,2.471290785766999,1.9918052613118082,2.6495913889471354,Saturday,Independence Day
PACE,2024-09-02,Labor Day,Mon,1.6769523069419419,2.8199883872623026,2.2295038821225956,own weekday,Labor Day
PACE,2024-10-14,Columbus Day,Mon,1.040633975159264,2.851047613896583,3.426334951333909,own weekday,Columbus Day
PACE,2024-11-11,Veterans Day,Mon,3.8035198606489145,3.5022615727169826,4.510685867983288,Saturday,Veterans Day
PACE,2024-11-28,Thanksgiving,Thu,3.914454607635646,4.34963860957337,5.018207149722184,own weekday,Thanksgiving
PACE,2024-11-29,Day after Thanksgiving,Fri,2.9809420885340154,3.093342439490028,3.3897017819357935,own weekday,Day after Thanksgiving
PACE,2024-12-24,Christmas Eve,Tue,1.9865115511839653,2.7394252817581943,3.6795467205499457,own weekday,Christmas Eve
PACE,2024-12-25,Christmas Day,Wed,1.530678978148874,1.331509489968279,2.4430322582025075,Saturday,Christmas Day
PACE,2024-12-31,New Year's Eve,Tue,1.5273448316199376,1.7371391588246379,2.436040680975808,own weekday,New Year's Eve
PACE,2025-01-01,New Year's Day,Wed,2.336022016144659,1.584881649462145,2.5801660161263515,Saturday,New Year's Day
PACE,2025-01-20,MLK Day,Mon,1.6576328633285904,1.5430734175645284,2.4309132861484035,Saturday,MLK Day
PACE,2025-02-09,Super Bowl Sunday,Sun,2.414666248345799,3.099182668878803,2.414666248345799,Sunday,Super Bowl Sunday
PACE,2025-02-17,Presidents' Day,Mon,1.4978540394465432,2.411632378307255,2.992990490966224,own weekday,Presidents' Day
PACE,2025-05-26,Memorial Day,Mon,8.316988061204848,6.690395766724613,7.575624600602053,Saturday,Memorial Day
PACE,2025-06-19,Juneteenth,Thu,9.41183091717621,7.375509419798283,7.4305108259087636,Saturday,Juneteenth
PACE,2025-07-04,Independence Day,Fri,3.3409310419773095,4.205634366186981,4.48574594553648,own weekday,Independence Day
PACE,2025-09-01,Labor Day,Mon,2.6596524558890255,4.052787788122314,2.271945505772914,Sunday,Labor Day
PACE,2025-10-13,Columbus Day,Mon,5.494627591360265,5.131028315682353,6.402266954682791,Saturday,Columbus Day
PACE,2025-11-11,Veterans Day,Tue,2.23701852592366,2.75987680955528,3.072251262365662,own weekday,Veterans Day
PACE,2025-11-27,Thanksgiving,Thu,6.093926635983912,3.780455644365372,3.2769961388206035,Sunday,Thanksgiving
PACE,2025-11-28,Day after Thanksgiving,Fri,6.187442360153226,4.3059971953548875,3.5628350865284597,Sunday,Day after Thanksgiving
PACE,2025-12-24,Christmas Eve,Wed,2.511192158052735,2.6608219000964923,2.34578693063566,Sunday,Christmas Eve
PACE,2025-12-25,Christmas Day,Thu,2.7897065839412774,0.6814844303289016,1.8121523065588132,Saturday,Christmas Day
PACE,2025-12-31,New Year's Eve,Wed,3.679189633665856,3.202457968169604,4.066800900768816,Saturday,New Year's Eve
PACE,2026-01-01,New Year's Day,Thu,2.931369853931028,2.6808448403931426,1.8668691478986796,Sunday,New Year's Day
PACE,2026-01-19,MLK Day,Mon,1.212255603700885,2.6465318611036412,2.6927470086761036,own weekday,MLK Day
PACE,2026-02-08,Super Bowl Sunday,Sun,1.560899910593442,2.0179976827876542,1.560899910593442,Sunday,Super Bowl Sunday
PACE,2026-02-16,Presidents' Day,Mon,1.169601533612618,1.6662625133779845,2.198381839971064,own weekday,Presidents' Day
PACE,2026-05-25,Memorial Day,Mon,5.386897599324791,6.42359190487868,5.222111132820561,Sunday,Memorial Day
PACE,2026-06-19,Juneteenth,Fri,6.441009563929905,6.585449867900464,5.474444799608768,Sunday,Juneteenth
PACW,2015-11-11,Veterans Day,Wed,5.536373458006206,5.8536660806825465,4.886136246161612,Sunday,Veterans Day
PACW,2015-11-26,Thanksgiving,Thu,10.953986888745632,10.175211149357262,10.862861163646704,Saturday,Thanksgiving
PACW,2015-11-27,Day after Thanksgiving,Fri,7.047993401485309,9.774966113868516,9.263710986904998,own weekday,Day after Thanksgiving
PACW,2015-12-31,New Year's Eve,Thu,4.582112023057754,3.235041683978351,6.884536303099558,Saturday,New Year's Eve
PACW,2016-01-01,New Year's Day,Fri,5.652976008820622,4.673963277100411,7.60065358189647,Saturday,New Year's Day
PACW,2016-02-15,Presidents' Day,Mon,3.886532165171975,3.1014615774862353,3.087055246837956,Sunday,Presidents' Day
PACW,2016-05-30,Memorial Day,Mon,6.7618417878594475,7.778004887110897,4.240165731375378,Sunday,Memorial Day
PACW,2016-07-04,Independence Day,Mon,5.817397435874842,5.541644676061264,3.4414024278014774,Sunday,Independence Day
PACW,2016-09-05,Labor Day,Mon,4.70357298309932,3.424020084160421,4.606123465746196,Saturday,Labor Day
PACW,2016-10-10,Columbus Day,Mon,6.169746492055354,5.618538901796658,7.17598505927342,Saturday,Columbus Day
PACW,2016-11-11,Veterans Day,Fri,1.8311381416497903,3.146936984479444,4.839742076578324,own weekday,Veterans Day
PACW,2016-11-24,Thanksgiving,Thu,6.637983452137545,5.280882784989937,8.361167188428233,Saturday,Thanksgiving
PACW,2016-11-25,Day after Thanksgiving,Fri,3.8198071419364923,2.029321692474169,2.391151164993931,Saturday,Day after Thanksgiving
PACW,2016-12-24,Christmas Eve,Sat,6.097333826557897,6.097333826557897,7.710006228382212,Saturday,Christmas Eve
PACW,2016-12-25,Christmas Day,Sun,8.386586842886052,7.123178753747199,8.386586842886052,Saturday,Christmas Day
PACW,2016-12-26,Christmas Day (observed),Mon,5.713597573747245,4.427849814704194,5.643124940999161,Saturday,Christmas Day
PACW,2016-12-31,New Year's Eve,Sat,5.711238525666599,5.711238525666599,6.849631665850392,Saturday,New Year's Eve
PACW,2017-01-01,New Year's Day,Sun,5.150152641175306,4.3158202157223835,5.150152641175306,Saturday,New Year's Day
PACW,2017-01-02,New Year's Day (observed),Mon,6.124184939099203,3.184389756065615,3.635640393793095,Saturday,New Year's Day
PACW,2017-02-05,Super Bowl Sunday,Sun,2.620151355632083,6.020341010480501,2.620151355632083,Sunday,Super Bowl Sunday
PACW,2017-02-20,Presidents' Day,Mon,5.854671299365882,7.678933032947088,4.637866592771921,Sunday,Presidents' Day
PACW,2017-05-29,Memorial Day,Mon,11.844475541654747,12.802409127209657,11.146580354093985,Sunday,Memorial Day
PACW,2017-07-04,Independence Day,Tue,6.951351934963866,6.353854932710183,3.4823625115862047,Sunday,Independence Day
PACW,2017-09-04,Labor Day,Mon,3.9812086970509064,2.325269083401717,1.6401529367657712,Sunday,Labor Day
PACW,2017-10-09,Columbus Day,Mon,11.185581473106659,9.577181317406334,11.574355947646982,Saturday,Columbus Day
PACW,2017-11-10,Veterans Day (observed),Fri,2.79001857303202,2.888931649061618,4.748914288200423,own weekday,Veterans Day
PACW,2017-11-11,Veterans Day,Sat,1.862485951520845,1.862485951520845,3.65443938822836,Saturday,Veterans Day
PACW,2017-11-23,Thanksgiving,Thu,6.7668469270623355,4.060306352697285,4.276484301094508,Saturday,Thanksgiving
PACW,2017-11-24,Day after Thanksgiving,Fri,5.767793837446803,4.644841140874326,3.602089505080693,Sunday,Day after Thanksgiving
PACW,2017-12-24,Christmas Eve,Sun,3.494804760716531,2.865807106783056,3.494804760716531,Saturday,Christmas Eve
PACW,2017-12-25,Christmas Day,Mon,4.366955692912758,1.5376097769745478,3.4154490960524164,Saturday,Christmas Day
PACW,2017-12-31,New Year's Eve,Sun,1.7084656002093443,1.3400497972329621,1.7084656002093443,Saturday,New Year's Eve
PACW,2018-01-01,New Year's Day,Mon,4.439389117491226,3.9243807820466694,1.9838352621620334,Sunday,New Year's Day
PACW,2018-01-15,MLK Day,Mon,5.2482859586135735,6.7990753587831225,6.097598937609023,own weekday,MLK Day
PACW,2018-02-04,Super Bowl Sunday,Sun,1.9469876999936162,2.4268612502880194,1.9469876999936162,Sunday,Super Bowl Sunday
PACW,2018-02-19,Presidents' Day,Mon,1.5754679806347105,2.92177443223072,3.2260155624590956,own weekday,Presidents' Day
PACW,2018-05-28,Memorial Day,Mon,10.207978366849629,8.49016640143277,5.89872183401483,Sunday,Memorial Day
PACW,2018-07-04,Independence Day,Wed,4.476517624815521,3.7746825631298617,2.7975235406333243,Sunday,Independence Day
PACW,2018-09-03,Labor Day,Mon,4.619719238885337,1.3490137112433085,3.389877339403912,Saturday,Labor Day
PACW,2018-10-08,Columbus Day,Mon,4.423185049027328,5.502289797164589,6.763675853690608,own weekday,Columbus Day
PACW,2018-11-11,Veterans Day,Sun,8.15479398856589,5.6159407848019,8.15479398856589,Saturday,Veterans Day
PACW,2018-11-12,Veterans Day (observed),Mon,4.573471955414455,4.297181037677414,5.9504971272527944,Saturday,Veterans Day
PACW,2018-11-22,Thanksgiving,Thu,6.1612605763197905,4.290187951103352,5.980996411347275,Saturday,Thanksgiving
PACW,2018-11-23,Day after Thanksgiving,Fri,3.7171175758259603,2.2693288147226767,2.583386369145233,Saturday,Day after Thanksgiving
PACW,2018-12-24,Christmas Eve,Mon,5.207773057496251,3.785577679503175,3.410580197949013,Sunday,Christmas Eve
PACW,2018-12-25,Christmas Day,Tue,3.469930008491922,1.9446488305487124,2.4659308692438877,Saturday,Christmas Day
PACW,2018-12-31,New Year's Eve,Mon,2.7699482234876127,2.3547775193821674,2.996778671944328,Saturday,New Year's Eve
PACW,2019-01-01,New Year's Day,Tue,4.520882165354725,2.9794119604327083,4.2469613709611655,Saturday,New Year's Day
PACW,2019-01-21,MLK Day,Mon,1.748488499223162,4.019677635221941,3.436600984729369,own weekday,MLK Day
PACW,2019-02-03,Super Bowl Sunday,Sun,2.4291962470401636,4.570941673149218,2.4291962470401636,Sunday,Super Bowl Sunday
PACW,2019-02-18,Presidents' Day,Mon,3.1214841460125093,3.2839508806629696,3.196912048596111,own weekday,Presidents' Day
PACW,2019-05-27,Memorial Day,Mon,5.731969920966984,4.738149115287297,4.123808181159737,Sunday,Memorial Day
PACW,2019-07-04,Independence Day,Thu,6.031593043155247,2.0155610997784534,2.0090467575930466,Sunday,Independence Day
PACW,2019-09-02,Labor Day,Mon,4.14029806207883,3.3720828406630265,1.7163291461756536,Sunday,Labor Day
PACW,2019-10-14,Columbus Day,Mon,5.2723897028269215,7.6523753554374725,8.209000660578615,own weekday,Columbus Day
PACW,2019-11-11,Veterans Day,Mon,1.8801109298020824,4.044653688379183,3.5942705390455374,own weekday,Veterans Day
PACW,2019-11-28,Thanksgiving,Thu,5.477828757562704,2.3673898204831634,4.292997670291298,Saturday,Thanksgiving
PACW,2019-11-29,Day after Thanksgiving,Fri,4.653425172926467,3.769442817973425,3.2541934431726904,Sunday,Day after Thanksgiving
PACW,2019-12-24,Christmas Eve,Tue,3.8266247427789786,1.9352167738439052,3.974103369407209,Saturday,Christmas Eve
PACW,2019-12-25,Christmas Day,Wed,3.8646803172028137,1.6666220593828742,2.181278175697212,Saturday,Christmas Day
PACW,2019-12-31,New Year's Eve,Tue,3.1222918147538747,2.7890246096248514,4.3784274875144975,Saturday,New Year's Eve
PACW,2020-01-01,New Year's Day,Wed,5.249581181687909,3.987478135126303,2.3277762376028504,Sunday,New Year's Day
PACW,2020-01-20,MLK Day,Mon,1.9742022341593224,3.681442935604102,4.178397922956437,own weekday,MLK Day
PACW,2020-02-02,Super Bowl Sunday,Sun,3.292824641391939,3.708567529578186,3.292824641391939,Sunday,Super Bowl Sunday
PACW,2020-02-17,Presidents' Day,Mon,3.7749834070599184,4.537479025592595,4.537809245878269,own weekday,Presidents' Day
PACW,2020-05-25,Memorial Day,Mon,6.882546789294543,6.37742372592325,7.036472900127015,Saturday,Memorial Day
PACW,2020-07-03,Independence Day (observed),Fri,4.220061773003056,3.8808716943978228,3.4714053365502657,Sunday,Independence Day
PACW,2020-07-04,Independence Day,Sat,3.5101160888954452,3.5101160888954452,3.8738603970716747,Saturday,Independence Day
PACW,2020-09-07,Labor Day,Mon,3.592555621544623,2.684474797490179,3.9845667161315186,Saturday,Labor Day
PACW,2020-10-12,Columbus Day,Mon,5.2788294839929915,5.154586070954139,6.787487820955344,Saturday,Columbus Day
PACW,2020-11-11,Veterans Day,Wed,5.478527398335981,4.442800646266246,4.839326139407061,Saturday,Veterans Day
PACW,2020-11-26,Thanksgiving,Thu,4.7727933572633265,4.377553727934608,5.288782671763939,Saturday,Thanksgiving
PACW,2020-11-27,Day after Thanksgiving,Fri,3.952769527844952,3.697156310319332,3.7583237314058966,Saturday,Day after Thanksgiving
PACW,2020-12-24,Christmas Eve,Thu,3.8197411814552087,3.6936779881242074,5.474339431224848,Saturday,Christmas Eve
PACW,2020-12-25,Christmas Day,Fri,3.7947479678011797,2.9932990754873874,3.828850814611187,Saturday,Christmas Day
PACW,2020-12-31,New Year's Eve,Thu,2.608098001784413,2.0207207032563743,3.31134383103707,Saturday,New Year's Eve
PACW,2021-01-01,New Year's Day,Fri,3.9629802199920774,2.5016584602584437,1.609429959510923,Sunday,New Year's Day
PACW,2021-01-18,MLK Day,Mon,1.928988465092854,3.4193880984325484,3.124595970524903,own weekday,MLK Day
PACW,2021-02-07,Super Bowl Sunday,Sun,3.477660118710215,1.6524051328719578,3.477660118710215,Saturday,Super Bowl Sunday
PACW,2021-02-15,Presidents' Day,Mon,2.9238021643925585,2.0003145415549985,1.2419783934567343,Sunday,Presidents' Day
PACW,2021-05-31,Memorial Day,Mon,11.553336072929374,12.964314825800475,11.788274364663732,own weekday,Memorial Day
PACW,2021-06-18,Juneteenth (observed),Fri,8.891608716304937,8.434931869392956,8.190939600256817,Sunday,Juneteenth
PACW,2021-06-19,Juneteenth,Sat,8.12270510292995,8.12270510292995,7.410647000475855,Sunday,Juneteenth
PACW,2021-07-04,Independence Day,Sun,4.701877539496912,6.817649748749585,4.701877539496912,Sunday,Independence Day
PACW,2021-07-05,Independence Day (observed),Mon,10.293138760064029,10.571431133061845,6.989176684048977,Sunday,Independence Day
PACW,2021-09-06,Labor Day,Mon,2.9721772800600976,1.8245904746004948,1.5335048031788432,Sunday,Labor Day
PACW,2021-10-11,Columbus Day,Mon,6.147882289261611,7.659186292612643,8.650399727255593,own weekday,Columbus Day
PACW,2021-11-11,Veterans Day,Thu,2.0276834486464375,2.8761709490785594,3.573368124586767,own weekday,Veterans Day
PACW,2021-11-25,Thanksgiving,Thu,6.620330524308675,6.410482719734753,8.89577330278788,Saturday,Thanksgiving
PACW,2021-11-26,Day after Thanksgiving,Fri,2.995386200099657,1.9837888127929397,3.4156953850489535,Saturday,Day after Thanksgiving
PACW,2021-12-24,Christmas Eve,Fri,2.906232653254401,1.9990095741179719,1.9657763627694687,Sunday,Christmas Eve
PACW,2021-12-25,Christmas Day,Sat,1.8962987756454701,1.8962987756454701,2.933829508609426,Saturday,Christmas Day
PACW,2021-12-31,New Year's Day (observed),Fri,3.1775600635709065,1.740721415164569,2.460484409931494,Saturday,New Year's Day
PACW,2022-01-01,New Year's Day,Sat,3.7857031340680707,3.7857031340680707,5.220588146470391,Saturday,New Year's Day
PACW,2022-01-17,MLK Day,Mon,2.2757988291692994,2.9271545974176236,3.793377357668998,own weekday,MLK Day
PACW,2022-02-13,Super Bowl Sunday,Sun,4.187286273011837,1.936014869357408,4.187286273011837,Saturday,Super Bowl Sunday
PACW,2022-02-21,Presidents' Day,Mon,3.0815054928907237,6.322612772024685,4.420790421229298,own weekday,Presidents' Day
PACW,2022-05-30,Memorial Day,Mon,4.3351148328082925,2.8152115109693026,2.1336134381314804,Sunday,Memorial Day
PACW,2022-06-19,Juneteenth,Sun,1.2232055174624086,1.910625710454329,1.2232055174624086,Sunday,Juneteenth
PACW,2022-06-20,Juneteenth (observed),Mon,4.256500132256743,6.999158381874676,5.801344400500808,own weekday,Juneteenth
PACW,2022-07-04,Independence Day,Mon,11.256305013739459,8.043202643139933,6.349228509354966,Sunday,Independence Day
PACW,2022-09-05,Labor Day,Mon,3.1992570489921484,3.21183852011823,1.9180877651805084,Sunday,Labor Day
PACW,2022-10-10,Columbus Day,Mon,4.080675751739384,4.658826595328361,6.364727500587404,own weekday,Columbus Day
PACW,2022-11-11,Veterans Day,Fri,5.488523345875065,5.978293548994651,7.545586012519899,own weekday,Veterans Day
PACW,2022-11-24,Thanksgiving,Thu,6.111448273874332,7.911191178487311,8.350384496024478,own weekday,Thanksgiving
PACW,2022-11-25,Day after Thanksgiving,Fri,3.671352825933604,3.9357062556306897,4.24942780450063,own weekday,Day after Thanksgiving
PACW,2022-12-24,Christmas Eve,Sat,4.603401664219393,4.603401664219393,4.801915703899646,Saturday,Christmas Eve
PACW,2022-12-25,Christmas Day,Sun,2.9122145606231538,2.596240110841147,2.9122145606231538,Saturday,Christmas Day
PACW,2022-12-26,Christmas Day (observed),Mon,3.8208063019327145,5.053226451359393,2.572127681799041,Sunday,Christmas Day
PACW,2022-12-31,New Year's Eve,Sat,3.6471334684833456,3.6471334684833456,1.2896036586380453,Sunday,New Year's Eve
PACW,2023-01-01,New Year's Day,Sun,2.315503189939948,2.805375375440779,2.315503189939948,Sunday,New Year's Day
PACW,2023-01-02,New Year's Day (observed),Mon,2.942844016155767,5.717580267172476,3.4425715629344933,own weekday,New Year's Day
PACW,2023-01-16,MLK Day,Mon,1.3794905333981209,3.1860125627682168,3.2665814720321253,own weekday,MLK Day
PACW,2023-02-12,Super Bowl Sunday,Sun,7.085909321297504,4.963878477145687,7.085909321297504,Saturday,Super Bowl Sunday
PACW,2023-02-20,Presidents' Day,Mon,1.4064339854466206,3.1817397355864143,4.084543164778085,own weekday,Presidents' Day
PACW,2023-05-29,Memorial Day,Mon,9.889639032579044,8.917727999673962,7.020665330565909,Sunday,Memorial Day
PACW,2023-06-19,Juneteenth,Mon,1.6261230336533834,5.778909164369398,6.391075342661826,own weekday,Juneteenth
PACW,2023-07-04,Independence Day,Tue,7.781582521749007,6.588277739245087,4.3760762169420975,Sunday,Independence Day
PACW,2023-09-04,Labor Day,Mon,3.2899699429901945,4.099918727500325,5.538381773820697,own weekday,Labor Day
PACW,2023-10-09,Columbus Day,Mon,3.6315298415609236,7.886344923324675,7.7133826615891925,own weekday,Columbus Day
PACW,2023-11-10,Veterans Day (observed),Fri,3.2675712006329483,4.276285282980461,5.72535021601279,own weekday,Veterans Day
PACW,2023-11-11,Veterans Day,Sat,3.990730047942838,3.990730047942838,5.686483403589901,Saturday,Veterans Day
PACW,2023-11-23,Thanksgiving,Thu,4.174881271866237,3.893731339092557,5.3301210258313105,Saturday,Thanksgiving
PACW,2023-11-24,Day after Thanksgiving,Fri,5.9142054068758085,5.884571978855615,5.782303623314011,Sunday,Day after Thanksgiving
PACW,2023-12-24,Christmas Eve,Sun,4.520881560302135,3.269303002257774,4.520881560302135,Saturday,Christmas Eve
PACW,2023-12-25,Christmas Day,Mon,4.221803608371386,1.6080139839065175,2.366833821798964,Saturday,Christmas Day
PACW,2023-12-31,New Year's Eve,Sun,1.4995235019362174,2.561550588117853,1.4995235019362174,Sunday,New Year's Eve
PACW,2024-01-01,New Year's Day,Mon,3.7048054928423073,2.5620528217758576,1.3820505994594108,Sunday,New Year's Day
PACW,2024-01-15,MLK Day,Mon,3.5763493143180987,1.9063924307183375,2.1616536722870108,Saturday,MLK Day
PACW,2024-02-11,Super Bowl Sunday,Sun,3.244173604255733,2.983664289573039,3.244173604255733,Saturday,Super Bowl Sunday
PACW,2024-02-19,Presidents' Day,Mon,1.4274569052031427,3.5254044292409583,4.121888717336421,own weekday,Presidents' Day
PACW,2024-05-27,Memorial Day,Mon,9.62022154538623,7.9614088168991906,7.162924886563421,Sunday,Memorial Day
PACW,2024-06-19,Juneteenth,Wed,6.629853269053464,6.105163999211568,5.594248403815758,Sunday,Juneteenth
PACW,2024-07-04,Independence Day,Thu,7.950236347847952,7.610517937287729,6.542809168523054,Sunday,Independence Day
PACW,2024-09-02,Labor Day,Mon,3.0876567028237645,1.649108046733558,2.32534349826566,Saturday,Labor Day
PACW,2024-10-14,Columbus Day,Mon,4.640279436903122,4.471281830327121,5.351467452522962,Saturday,Columbus Day
PACW,2024-11-11,Veterans Day,Mon,1.8021113010712007,5.476626012061221,4.2497852411708354,own weekday,Veterans Day
PACW,2024-11-28,Thanksgiving,Thu,4.915262028425982,3.778613377080172,6.927193241745212,Saturday,Thanksgiving
PACW,2024-11-29,Day after Thanksgiving,Fri,1.9056620912553082,1.305079144339582,3.584939583116308,Saturday,Day after Thanksgiving
PACW,2024-12-24,Christmas Eve,Tue,4.052721913764775,2.3211675286806543,3.0023070676925654,Saturday,Christmas Eve
PACW,2024-12-25,Christmas Day,Wed,3.255014575478136,1.7038072428833737,2.3879325530876847,Saturday,Christmas Day
PACW,2024-12-31,New Year's Eve,Tue,2.2981313094816995,2.8311114804121504,3.176666238975761,own weekday,New Year's Eve
PACW,2025-01-01,New Year's Day,Wed,3.8136218059100733,2.02697088358381,2.32638660537106,Saturday,New Year's Day
PACW,2025-01-20,MLK Day,Mon,4.232705301551056,5.132578318754208,4.601171173132471,own weekday,MLK Day
PACW,2025-02-09,Super Bowl Sunday,Sun,3.2969081694134017,1.8896999473593645,3.2969081694134017,Saturday,Super Bowl Sunday
PACW,2025-02-17,Presidents' Day,Mon,1.7950892916583736,3.543509317935368,2.44761176812618,own weekday,Presidents' Day
PACW,2025-05-26,Memorial Day,Mon,7.860001628309822,5.823254383349528,5.497192920428723,Sunday,Memorial Day
PACW,2025-06-19,Juneteenth,Thu,12.14179040653518,13.204796894998779,13.47199314332781,own weekday,Juneteenth
PACW,2025-07-04,Independence Day,Fri,12.102704692791445,14.120390260188056,14.412289500585333,own weekday,Independence Day
PACW,2025-09-01,Labor Day,Mon,8.161307448319697,5.088647171086024,5.029258663896408,Sunday,Labor Day
PACW,2025-10-13,Columbus Day,Mon,4.7144664254994115,8.112151932284101,7.076245162681223,own weekday,Columbus Day
PACW,2025-11-11,Veterans Day,Tue,1.5829129090926572,2.8668630035774254,3.4880735296425156,own weekday,Veterans Day
PACW,2025-11-27,Thanksgiving,Thu,5.411630461776789,4.488219236059784,7.0281211867019,Saturday,Thanksgiving
PACW,2025-11-28,Day after Thanksgiving,Fri,3.529209257232133,2.525697563142044,2.6125212112933194,Saturday,Day after Thanksgiving
PACW,2025-12-24,Christmas Eve,Wed,3.4502955514918483,1.7410644648631184,3.158141287237353,Saturday,Christmas Eve
PACW,2025-12-25,Christmas Day,Thu,3.650932477932617,1.4153557209705716,2.132245856870965,Saturday,Christmas Day
PACW,2025-12-31,New Year's Eve,Wed,4.871805354604403,4.195883713009798,5.251752861470848,Saturday,New Year's Eve
PACW,2026-01-01,New Year's Day,Thu,3.737164020037876,3.2570142231429795,2.7213287161577195,Sunday,New Year's Day
PACW,2026-01-19,MLK Day,Mon,1.45793969962506,2.377631349577961,2.724242564228245,own weekday,MLK Day
PACW,2026-02-08,Super Bowl Sunday,Sun,5.2616643116595005,6.029311436508394,5.2616643116595005,Sunday,Super Bowl Sunday
PACW,2026-02-16,Presidents' Day,Mon,6.931103599970041,6.497834313988816,5.861904608905521,Sunday,Presidents' Day
PACW,2026-05-25,Memorial Day,Mon,6.160071263045261,5.852041174009476,5.238301999431371,Sunday,Memorial Day
PACW,2026-06-19,Juneteenth,Fri,7.78867272102231,8.13075229281273,7.061219668166947,Sunday,Juneteenth
PGE,2015-09-07,Labor Day,Mon,4.018821229093617,2.562159425909784,2.3789220921884424,Sunday,Labor Day
PGE,2015-10-12,Columbus Day,Mon,2.104685437979236,5.286308300819764,5.7408427775202835,own weekday,Columbus Day
PGE,2015-11-11,Veterans Day,Wed,2.6290484048076523,4.287964265814285,5.132901146327737,own weekday,Veterans Day
PGE,2015-11-26,Thanksgiving,Thu,7.867911469233925,7.396212453472874,10.489000392262358,Saturday,Thanksgiving
PGE,2015-11-27,Day after Thanksgiving,Fri,4.796503122783407,4.843359642107967,6.880840373595791,own weekday,Day after Thanksgiving
PGE,2015-12-24,Christmas Eve,Thu,4.3830361409431635,2.7511840159739553,6.081214094180179,Saturday,Christmas Eve
PGE,2015-12-25,Christmas Day,Fri,4.265196737105347,3.482439290291248,5.0998463403035865,Saturday,Christmas Day
PGE,2015-12-31,New Year's Eve,Thu,3.783525319225217,3.652238237580812,5.378715987992877,Saturday,New Year's Eve
PGE,2016-01-01,New Year's Day,Fri,5.7381254934887815,4.634006270283498,4.650273742639645,Saturday,New Year's Day
PGE,2016-01-18,MLK Day,Mon,1.6177412532206048,3.270638577510211,3.9596312790133683,own weekday,MLK Day
PGE,2016-02-07,Super Bowl Sunday,Sun,3.7208188845962242,2.243063981948128,3.7208188845962242,Saturday,Super Bowl Sunday
PGE,2016-02-15,Presidents' Day,Mon,2.6045785668628123,2.953526259138209,3.2922230761182827,own weekday,Presidents' Day
PGE,2016-05-30,Memorial Day,Mon,6.450572033415387,5.51209140969937,2.3879618221152406,Sunday,Memorial Day
PGE,2016-07-04,Independence Day,Mon,5.33165958218812,2.0927638917783282,3.114782833777552,Saturday,Independence Day
PGE,2016-09-05,Labor Day,Mon,4.323491911873953,2.693266384321002,3.633970150023158,Saturday,Labor Day
PGE,2016-10-10,Columbus Day,Mon,4.7538295108287745,5.150591425915682,6.755286195732338,own weekday,Columbus Day
PGE,2016-11-11,Veterans Day,Fri,1.5980402300306347,4.202138011225866,5.371952894422054,own weekday,Veterans Day
PGE,2016-11-24,Thanksgiving,Thu,6.74524018310023,4.6467243855820906,6.547264092409577,Saturday,Thanksgiving
PGE,2016-11-25,Day after Thanksgiving,Fri,3.4131188807508073,2.3490976238318946,3.269945343267342,Saturday,Day after Thanksgiving
PGE,2016-12-24,Christmas Eve,Sat,2.1363408003926168,2.1363408003926168,5.258614950505996,Saturday,Christmas Eve
PGE,2016-12-25,Christmas Day,Sun,6.682186656340427,4.042783476460749,6.682186656340427,Saturday,Christmas Day
PGE,2016-12-26,Christmas Day (observed),Mon,3.5829592033459123,1.3833445796663817,3.120652717387694,Saturday,Christmas Day
PGE,2016-12-31,New Year's Eve,Sat,1.4933598209330752,1.4933598209330752,3.1090551607617516,Saturday,New Year's Eve
PGE,2017-01-01,New Year's Day,Sun,3.591572269757195,2.896538583941814,3.591572269757195,Saturday,New Year's Day
PGE,2017-01-02,New Year's Day (observed),Mon,3.883829441791147,4.531162960350786,1.8711554578816636,Sunday,New Year's Day
PGE,2017-01-16,MLK Day,Mon,3.5044502097166523,2.574586904818341,4.119155551166745,Saturday,MLK Day
PGE,2017-02-05,Super Bowl Sunday,Sun,5.7228266235074985,6.911100280193744,5.7228266235074985,Sunday,Super Bowl Sunday
PGE,2017-02-20,Presidents' Day,Mon,2.69337234566196,4.5677057959528256,4.3743159552621655,own weekday,Presidents' Day
PGE,2017-05-29,Memorial Day,Mon,7.712306933604163,5.832714891139806,4.3276139539272815,Sunday,Memorial Day
PGE,2017-07-04,Independence Day,Tue,5.473185465979816,5.707905299855514,1.335410631178943,Sunday,Independence Day
PGE,2017-09-04,Labor Day,Mon,4.240542060977084,2.8665070749570436,2.0122416192986026,Sunday,Labor Day
PGE,2017-10-09,Columbus Day,Mon,5.439810256827068,7.204430601224663,8.433387133487074,own weekday,Columbus Day
PGE,2017-11-10,Veterans Day (observed),Fri,1.968520037397381,3.594724843279288,5.29584704502585,own weekday,Veterans Day
PGE,2017-11-11,Veterans Day,Sat,1.455476185423557,1.455476185423557,3.331582909842684,Saturday,Veterans Day
PGE,2017-11-23,Thanksgiving,Thu,6.880468374071637,3.650830885840379,4.708805634917101,Saturday,Thanksgiving
PGE,2017-11-24,Day after Thanksgiving,Fri,4.687699814156825,3.1235304651299685,2.8021762267298023,Sunday,Day after Thanksgiving
PGE,2017-12-24,Christmas Eve,Sun,3.186567916758358,2.5825637786935656,3.186567916758358,Saturday,Christmas Eve
PGE,2017-12-25,Christmas Day,Mon,5.209255315253749,2.5065784663735937,3.661395223438043,Saturday,Christmas Day
PGE,2017-12-31,New Year's Eve,Sun,3.1991649674534886,2.0676399258114744,3.1991649674534886,Saturday,New Year's Eve
PGE,2018-01-01,New Year's Day,Mon,4.929472781679226,3.0604584575041316,2.853463357367025,Sunday,New Year's Day
PGE,2018-01-15,MLK Day,Mon,1.815798827295614,3.904214056695142,4.026705828504768,own weekday,MLK Day
PGE,2018-02-04,Super Bowl Sunday,Sun,2.461851712611097,2.7280441187553945,2.461851712611097,Sunday,Super Bowl Sunday
PGE,2018-02-19,Presidents' Day,Mon,2.742153941498302,3.1495581484729045,3.671543282484777,own weekday,Presidents' Day
PGE,2018-05-28,Memorial Day,Mon,7.680237589110889,4.892043449062733,2.1331352276377835,Sunday,Memorial Day
PGE,2018-07-04,Independence Day,Wed,5.441569706058503,3.806889191437959,4.130712018029239,Saturday,Independence Day
PGE,2018-09-03,Labor Day,Mon,4.394113887777662,1.8913569996662802,5.84390982594427,Saturday,Labor Day
PGE,2018-10-08,Columbus Day,Mon,2.255308800465028,6.363943204727099,6.65517632617517,own weekday,Columbus Day
PGE,2018-11-11,Veterans Day,Sun,5.290226838685803,3.482318022534053,5.290226838685803,Saturday,Veterans Day
PGE,2018-11-12,Veterans Day (observed),Mon,2.24558736830292,4.853330850237582,5.1225327074608975,own weekday,Veterans Day
PGE,2018-11-22,Thanksgiving,Thu,6.752917756169056,4.697327541765453,6.259296013260757,Saturday,Thanksgiving
PGE,2018-11-23,Day after Thanksgiving,Fri,3.3236267419628276,1.8833358139410745,2.612319363712668,Saturday,Day after Thanksgiving
PGE,2018-12-24,Christmas Eve,Mon,4.403775524669559,2.3213678837101055,3.1799358313249724,Saturday,Christmas Eve
PGE,2018-12-25,Christmas Day,Tue,4.268667439047467,0.9311293768930513,2.972597517899352,Saturday,Christmas Day
PGE,2018-12-31,New Year's Eve,Mon,2.8543705779936093,1.9750863802533127,3.208804261125353,Saturday,New Year's Eve
PGE,2019-01-01,New Year's Day,Tue,4.52363392400404,3.4864436615199863,4.141283735509214,Saturday,New Year's Day
PGE,2019-01-21,MLK Day,Mon,1.4372096788374729,3.2676876885063155,3.925782303790628,own weekday,MLK Day
PGE,2019-02-03,Super Bowl Sunday,Sun,1.9780889456622652,3.42053457193187,1.9780889456622652,Sunday,Super Bowl Sunday
PGE,2019-02-18,Presidents' Day,Mon,2.483444210223257,4.1663916438265645,5.157267807884681,own weekday,Presidents' Day
PGE,2019-05-27,Memorial Day,Mon,6.203931616463559,4.243345342561966,3.080447871674038,Sunday,Memorial Day
PGE,2019-07-04,Independence Day,Thu,5.644981675805631,3.1057769745582857,2.8289668735208777,Sunday,Independence Day
PGE,2019-09-02,Labor Day,Mon,3.7623102885115967,4.11612972114924,1.7593488578260545,Sunday,Labor Day
PGE,2019-10-14,Columbus Day,Mon,3.6707653322841725,5.927453735173355,7.3193733755355,own weekday,Columbus Day
PGE,2019-11-11,Veterans Day,Mon,1.7589063242511225,4.218431775620259,4.213667373496829,own weekday,Veterans Day
PGE,2019-11-28,Thanksgiving,Thu,5.034152115343333,1.956551322374671,4.83704483957952,Saturday,Thanksgiving
PGE,2019-11-29,Day after Thanksgiving,Fri,4.497870309234637,3.592887662837294,4.589315197781205,Saturday,Day after Thanksgiving
PGE,2019-12-24,Christmas Eve,Tue,4.425673597020749,2.9102725612902685,4.644041588190661,Saturday,Christmas Eve
PGE,2019-12-25,Christmas Day,Wed,4.688215718284837,1.677316926924061,3.256066396298641,Saturday,Christmas Day
PGE,2019-12-31,New Year's Eve,Tue,4.043251043344903,3.142595517389777,4.4400915704461665,Saturday,New Year's Eve
PGE,2020-01-01,New Year's Day,Wed,6.000734470791317,3.656259835239727,2.285391037949655,Sunday,New Year's Day
PGE,2020-01-20,MLK Day,Mon,2.370218694869057,3.143200336246331,3.9771697743144907,own weekday,MLK Day
PGE,2020-02-02,Super Bowl Sunday,Sun,3.027558116644377,2.9078781986544775,3.027558116644377,Saturday,Super Bowl Sunday
PGE,2020-02-17,Presidents' Day,Mon,2.249869260175208,4.162724654894866,4.117487674543991,own weekday,Presidents' Day
PGE,2020-05-25,Memorial Day,Mon,5.48111149786543,2.5228377974363947,3.902651700851219,Saturday,Memorial Day
PGE,2020-07-03,Independence Day (observed),Fri,2.78861867437397,1.9096701555470368,1.219676059938452,Sunday,Independence Day
PGE,2020-07-04,Independence Day,Sat,1.3183166403534694,1.3183166403534694,1.752872675822156,Saturday,Independence Day
PGE,2020-09-07,Labor Day,Mon,4.712356325594599,6.356909424259589,4.810459503208434,own weekday,Labor Day
PGE,2020-10-12,Columbus Day,Mon,3.878224559297964,5.009534404646937,6.3482084793342715,own weekday,Columbus Day
PGE,2020-11-11,Veterans Day,Wed,2.732291351473774,3.8188416084237016,4.808646829010175,own weekday,Veterans Day
PGE,2020-11-26,Thanksgiving,Thu,4.83962847082865,4.11929544406209,5.130077505799427,Saturday,Thanksgiving
PGE,2020-11-27,Day after Thanksgiving,Fri,2.69822463648209,2.408925067244672,2.667205547360135,Saturday,Day after Thanksgiving
PGE,2020-12-24,Christmas Eve,Thu,2.05556299201361,2.2746347857499485,3.8698998634354433,own weekday,Christmas Eve
PGE,2020-12-25,Christmas Day,Fri,3.566881002425717,3.1502492612055644,4.71732692519278,Saturday,Christmas Day
PGE,2020-12-31,New Year's Eve,Thu,2.3693734005635525,1.9204221476639904,3.277083318514455,Saturday,New Year's Eve
PGE,2021-01-01,New Year's Day,Fri,4.91396297414561,2.566205351291399,1.89045077747985,Sunday,New Year's Day
PGE,2021-01-18,MLK Day,Mon,1.274922336731752,2.8725907270305417,3.7337088258668847,own weekday,MLK Day
PGE,2021-02-07,Super Bowl Sunday,Sun,1.9989901817615126,1.090948603986184,1.9989901817615126,Saturday,Super Bowl Sunday
PGE,2021-02-15,Presidents' Day,Mon,3.829280002606903,1.3165605728598997,2.2044855936909875,Saturday,Presidents' Day
PGE,2021-05-31,Memorial Day,Mon,12.203538454371971,11.33905029724858,10.531405724059347,Sunday,Memorial Day
PGE,2021-06-18,Juneteenth (observed),Fri,6.188567996134768,5.432760831715287,4.99408037808898,Sunday,Juneteenth
PGE,2021-06-19,Juneteenth,Sat,7.415855169573349,7.415855169573349,6.5118235819173105,Sunday,Juneteenth
PGE,2021-07-04,Independence Day,Sun,4.851432354669632,5.545485845277675,4.851432354669632,Sunday,Independence Day
PGE,2021-07-05,Independence Day (observed),Mon,11.20340692306625,7.538902355898121,4.748522088273887,Sunday,Independence Day
PGE,2021-09-06,Labor Day,Mon,2.8863566966649166,1.5731715791618213,1.9710468569774109,Saturday,Labor Day
PGE,2021-10-11,Columbus Day,Mon,4.015786552083862,7.030667868380824,7.01364339488665,own weekday,Columbus Day
PGE,2021-11-11,Veterans Day,Thu,1.9097074946648485,4.962233022924783,5.440268307842075,own weekday,Veterans Day
PGE,2021-11-25,Thanksgiving,Thu,4.5186833593796605,4.701609379403986,6.3973397630246716,own weekday,Thanksgiving
PGE,2021-11-26,Day after Thanksgiving,Fri,2.779772891242553,2.7219598370630624,3.033885290108665,Saturday,Day after Thanksgiving
PGE,2021-12-24,Christmas Eve,Fri,2.818459596714569,1.70239951535953,3.1817783047126578,Saturday,Christmas Eve
PGE,2021-12-25,Christmas Day,Sat,1.4106914424275216,1.4106914424275216,2.7369483261863845,Saturday,Christmas Day
PGE,2021-12-31,New Year's Day (observed),Fri,3.933816550740193,2.4663719540492424,1.9194237026053533,Sunday,New Year's Day
PGE,2022-01-01,New Year's Day,Sat,3.435860462930599,3.435860462930599,4.770888446493587,Saturday,New Year's Day
PGE,2022-01-17,MLK Day,Mon,1.118673116076316,2.9568913033189963,3.1977984850088017,own weekday,MLK Day
PGE,2022-02-13,Super Bowl Sunday,Sun,2.815239361154935,2.428463558813578,2.815239361154935,Saturday,Super Bowl Sunday
PGE,2022-02-21,Presidents' Day,Mon,2.037261368403192,3.780181057119286,3.399019383776002,own weekday,Presidents' Day
PGE,2022-05-30,Memorial Day,Mon,4.196658198788429,2.4511574888809906,1.2745654127469608,Sunday,Memorial Day
PGE,2022-06-19,Juneteenth,Sun,1.024284154102912,1.375499586266323,1.024284154102912,Sunday,Juneteenth
PGE,2022-06-20,Juneteenth (observed),Mon,2.242297297140483,3.289392888064487,2.9480851857861454,own weekday,Juneteenth
PGE,2022-07-04,Independence Day,Mon,7.104209680457328,5.106938365334327,3.2506448635004763,Sunday,Independence Day
PGE,2022-09-05,Labor Day,Mon,4.371340575275679,3.923036581428512,4.077157549662988,Saturday,Labor Day
PGE,2022-10-10,Columbus Day,Mon,4.31887501964336,4.760315592213316,6.335403705279523,own weekday,Columbus Day
PGE,2022-11-11,Veterans Day,Fri,2.75913529558682,5.724411936048929,7.723976872935213,own weekday,Veterans Day
PGE,2022-11-24,Thanksgiving,Thu,4.880490805414788,5.506560025048132,7.2717699429490095,own weekday,Thanksgiving
PGE,2022-11-25,Day after Thanksgiving,Fri,1.7547096307804655,3.287759383950881,4.123793557203646,own weekday,Day after Thanksgiving
PGE,2022-12-24,Christmas Eve,Sat,4.917117145796216,4.917117145796216,5.781014873446844,Saturday,Christmas Eve
PGE,2022-12-25,Christmas Day,Sun,4.847100264325504,3.4305848298559365,4.847100264325504,Saturday,Christmas Day
PGE,2022-12-26,Christmas Day (observed),Mon,3.99220302331882,3.987483365117544,1.2840523740972978,Sunday,Christmas Day
PGE,2022-12-31,New Year's Eve,Sat,2.748015772909326,2.748015772909326,1.8257478548983863,Sunday,New Year's Eve
PGE,2023-01-01,New Year's Day,Sun,3.7369889134238963,3.026123569006232,3.7369889134238963,Saturday,New Year's Day
PGE,2023-01-02,New Year's Day (observed),Mon,2.8557847115543056,4.30853101222309,1.4678026874599985,Sunday,New Year's Day
PGE,2023-01-16,MLK Day,Mon,1.081854490727748,2.8043475912106706,3.533091933727909,own weekday,MLK Day
PGE,2023-02-12,Super Bowl Sunday,Sun,5.136500274325292,4.1473665801175565,5.136500274325292,Saturday,Super Bowl Sunday
PGE,2023-02-20,Presidents' Day,Mon,1.8518311313706686,2.8092198998301283,2.5533020170320753,own weekday,Presidents' Day
PGE,2023-05-29,Memorial Day,Mon,8.55956518000755,5.779967044247328,4.400614244158142,Sunday,Memorial Day
PGE,2023-06-19,Juneteenth,Mon,2.093763450090165,5.325724786743757,4.940344444294724,own weekday,Juneteenth
PGE,2023-07-04,Independence Day,Tue,11.57353618644422,8.43319498684844,7.548589616607762,Sunday,Independence Day
PGE,2023-09-04,Labor Day,Mon,3.3816806002547266,7.699186198757722,7.146518095075765,own weekday,Labor Day
PGE,2023-10-09,Columbus Day,Mon,1.4188285048924143,8.185250407109743,7.263924617107582,own weekday,Columbus Day
PGE,2023-11-10,Veterans Day (observed),Fri,1.6736323759324014,3.431421376392412,4.6438502949852385,own weekday,Veterans Day
PGE,2023-11-11,Veterans Day,Sat,2.0044467816126383,2.0044467816126383,3.3203571460280807,Saturday,Veterans Day
PGE,2023-11-23,Thanksgiving,Thu,4.056223972984377,4.125787954897004,5.17289080467841,own weekday,Thanksgiving
PGE,2023-11-24,Day after Thanksgiving,Fri,4.015938715055977,4.557726527896274,4.807853854462662,own weekday,Day after Thanksgiving
PGE,2023-12-24,Christmas Eve,Sun,3.9427046422445535,2.5843698619346345,3.9427046422445535,Saturday,Christmas Eve
PGE,2023-12-25,Christmas Day,Mon,4.019317108969541,1.8136211309278467,2.887434572481891,Saturday,Christmas Day
PGE,2023-12-31,New Year's Eve,Sun,2.3409322252152256,2.3650272178492093,2.3409322252152256,Sunday,New Year's Eve
PGE,2024-01-01,New Year's Day,Mon,4.250083946890346,2.427990854871918,1.902304960020071,Sunday,New Year's Day
PGE,2024-01-15,MLK Day,Mon,3.712821400764215,2.1814010002174378,2.368500832932063,Saturday,MLK Day
PGE,2024-02-11,Super Bowl Sunday,Sun,1.8628833327012393,1.3065437584934432,1.8628833327012393,Saturday,Super Bowl Sunday
PGE,2024-02-19,Presidents' Day,Mon,2.515928666279549,3.578192991917004,3.7671759719475304,own weekday,Presidents' Day
PGE,2024-05-27,Memorial Day,Mon,6.836779175591802,4.462924520639113,3.7318598237190783,Sunday,Memorial Day
PGE,2024-06-19,Juneteenth,Wed,8.417819250006463,7.11648995502453,6.496288046133476,Sunday,Juneteenth
PGE,2024-07-04,Independence Day,Thu,8.873527308529976,7.072270704445072,7.5134679319982,Saturday,Independence Day
PGE,2024-09-02,Labor Day,Mon,4.554207436567478,7.303557629245781,4.723470471643979,own weekday,Labor Day
PGE,2024-10-14,Columbus Day,Mon,2.6044057180295654,4.070460258566761,5.274856115434442,own weekday,Columbus Day
PGE,2024-11-11,Veterans Day,Mon,3.00628574756408,5.027332887179925,5.517671155271511,own weekday,Veterans Day
PGE,2024-11-28,Thanksgiving,Thu,5.006479921255171,3.6203304416166446,6.263419891009746,Saturday,Thanksgiving
PGE,2024-11-29,Day after Thanksgiving,Fri,2.822974161704876,1.9661847044918677,3.22567978250507,Saturday,Day after Thanksgiving
PGE,2024-12-24,Christmas Eve,Tue,2.8473871570294866,1.8426590402816683,2.5826149461650485,Saturday,Christmas Eve
PGE,2024-12-25,Christmas Day,Wed,3.411136071471642,1.5548793284343156,2.26671849745441,Saturday,Christmas Day
PGE,2024-12-31,New Year's Eve,Tue,1.601374325371072,3.520115321379549,3.8884361441288795,own weekday,New Year's Eve
PGE,2025-01-01,New Year's Day,Wed,3.5981815205967917,1.8063592251225804,1.941888117602314,Saturday,New Year's Day
PGE,2025-01-20,MLK Day,Mon,2.9846981052097705,3.700609185006639,3.772013621510347,own weekday,MLK Day
PGE,2025-02-09,Super Bowl Sunday,Sun,2.0034652968236464,1.2769339921197742,2.0034652968236464,Saturday,Super Bowl Sunday
PGE,2025-02-17,Presidents' Day,Mon,1.3374201165616642,1.994453803969418,3.0542370648529866,own weekday,Presidents' Day
PGE,2025-05-26,Memorial Day,Mon,4.910413255137704,3.4456362228500055,2.0885607913028155,Sunday,Memorial Day
PGE,2025-06-19,Juneteenth,Thu,2.9212077016261837,2.578058821864065,2.6696422908799398,Saturday,Juneteenth
PGE,2025-07-04,Independence Day,Fri,3.1612658702513756,2.1582889942689403,3.479660166575929,Saturday,Independence Day
PGE,2025-09-01,Labor Day,Mon,2.9083566143004194,1.805899994680733,2.312107361795437,Saturday,Labor Day
PGE,2025-10-13,Columbus Day,Mon,5.792308603691492,6.637275994132318,6.685271848777212,own weekday,Columbus Day
PGE,2025-11-11,Veterans Day,Tue,1.543663471134757,3.165288135858007,3.7389766782964586,own weekday,Veterans Day
PGE,2025-11-27,Thanksgiving,Thu,5.216783968689651,4.022875019860163,5.383877485272273,Saturday,Thanksgiving
PGE,2025-11-28,Day after Thanksgiving,Fri,3.1164260374379498,1.82790599205493,1.5443858294035955,Sunday,Day after Thanksgiving
PGE,2025-12-24,Christmas Eve,Wed,2.9457048322311845,2.6130142851271185,3.1782500355103305,Saturday,Christmas Eve
PGE,2025-12-25,Christmas Day,Thu,4.048469392951686,2.65092129199303,3.962473559397143,Saturday,Christmas Day
PGE,2025-12-31,New Year's Eve,Wed,3.6202397035717557,3.944221273120691,5.2294356399033415,own weekday,New Year's Eve
PGE,2026-01-01,New Year's Day,Thu,3.1840504520261286,2.2453990298179094,2.484027187541986,Saturday,New Year's Day
PGE,2026-01-19,MLK Day,Mon,2.8570559811578864,3.2651124525081565,3.3068737924802196,own weekday,MLK Day
PGE,2026-02-08,Super Bowl Sunday,Sun,3.9110269820086483,4.247852246424491,3.9110269820086483,Sunday,Super Bowl Sunday
PGE,2026-02-16,Presidents' Day,Mon,4.360341450865882,4.058738376125533,3.9993054810370876,Sunday,Presidents' Day
PGE,2026-05-25,Memorial Day,Mon,4.925071533415482,4.178211856153574,3.4126378283474734,Sunday,Memorial Day
PGE,2026-06-19,Juneteenth,Fri,9.622994581488637,9.61781762382629,8.82118568367775,Sunday,Juneteenth
PJM,2015-09-07,Labor Day,Mon,5.1080429972934125,5.606572119965131,2.825619805951189,Sunday,Labor Day
PJM,2015-10-12,Columbus Day,Mon,2.7282718496501923,4.298668515968093,5.236662800106929,own weekday,Columbus Day
PJM,2015-11-11,Veterans Day,Wed,2.857768100222736,2.5076549452130226,3.530979217923639,Saturday,Veterans Day
PJM,2015-11-26,Thanksgiving,Thu,8.134509984268211,5.855711240196867,8.51243483543702,Saturday,Thanksgiving
PJM,2015-11-27,Day after Thanksgiving,Fri,3.6645742710125897,1.66975316765834,2.718478157997915,Saturday,Day after Thanksgiving
PJM,2015-12-24,Christmas Eve,Thu,2.8041741894674943,3.5241437371188367,3.364545852316198,own weekday,Christmas Eve
PJM,2015-12-25,Christmas Day,Fri,3.5875277405333463,2.6768649281506964,2.6981234500065616,Saturday,Christmas Day
PJM,2015-12-31,New Year's Eve,Thu,2.178408297481048,2.8802610508550575,3.2093398931681594,own weekday,New Year's Eve
PJM,2016-01-01,New Year's Day,Fri,4.397196546628201,2.4666822780351096,1.5705834702689925,Sunday,New Year's Day
PJM,2016-01-18,MLK Day,Mon,1.2943797259540915,3.305789794075573,3.5855416849575756,own weekday,MLK Day
PJM,2016-02-07,Super Bowl Sunday,Sun,4.163165080268706,2.222857737552211,4.163165080268706,Saturday,Super Bowl Sunday
PJM,2016-02-15,Presidents' Day,Mon,4.539149072519555,3.2649691947950497,5.2095019645711345,Saturday,Presidents' Day
PJM,2016-05-30,Memorial Day,Mon,7.87721257555244,10.699277395315082,9.017636818976216,own weekday,Memorial Day
PJM,2016-07-04,Independence Day,Mon,4.165183796164013,2.3260147345456907,1.9224444355183552,Sunday,Independence Day
PJM,2016-09-05,Labor Day,Mon,6.841654066338456,7.669768961422675,4.624003982805375,Sunday,Labor Day
PJM,2016-10-10,Columbus Day,Mon,5.0113800582204195,4.869821052881018,5.805147882500353,Saturday,Columbus Day
PJM,2016-11-11,Veterans Day,Fri,3.661586374445587,2.8503431900493172,4.904674934707415,Saturday,Veterans Day
PJM,2016-11-24,Thanksgiving,Thu,6.386840667921716,4.389383112372782,6.954815020522839,Saturday,Thanksgiving
PJM,2016-11-25,Day after Thanksgiving,Fri,3.3175024952066487,1.7485336074491493,2.19615402429044,Saturday,Day after Thanksgiving
PJM,2016-12-24,Christmas Eve,Sat,2.513984394229479,2.513984394229479,3.8717644325801692,Saturday,Christmas Eve
PJM,2016-12-25,Christmas Day,Sun,3.5092962495546236,1.8816633381341592,3.5092962495546236,Saturday,Christmas Day
PJM,2016-12-26,Christmas Day (observed),Mon,2.843099772753011,2.464078185016702,2.048606169576439,Sunday,Christmas Day
PJM,2016-12-31,New Year's Eve,Sat,2.6757186197643454,2.6757186197643454,3.834380780121907,Saturday,New Year's Eve
PJM,2017-01-01,New Year's Day,Sun,3.1208966829208222,2.6904253655767487,3.1208966829208222,Saturday,New Year's Day
PJM,2017-01-02,New Year's Day (observed),Mon,3.214637971701602,3.9205515216931506,3.3751027308701413,own weekday,New Year's Day
PJM,2017-01-16,MLK Day,Mon,2.416777265164731,3.02755026570959,4.485328133711816,own weekday,MLK Day
PJM,2017-02-05,Super Bowl Sunday,Sun,3.64566968936287,2.4576852877041824,3.64566968936287,Saturday,Super Bowl Sunday
PJM,2017-02-20,Presidents' Day,Mon,1.1998352775557033,3.62371295391056,3.7985503107427703,own weekday,Presidents' Day
PJM,2017-05-29,Memorial Day,Mon,5.106331607062468,6.74096531066804,5.414104547425195,own weekday,Memorial Day
PJM,2017-07-04,Independence Day,Tue,4.8399865072635935,3.768884985993253,2.708373966551007,Sunday,Independence Day
PJM,2017-09-04,Labor Day,Mon,4.541029896240579,6.5525597271002916,2.940228391195799,Sunday,Labor Day
PJM,2017-10-09,Columbus Day,Mon,0.9657357443810936,3.373025499521093,5.044262907268118,own weekday,Columbus Day
PJM,2017-11-10,Veterans Day (observed),Fri,3.8107185556251304,3.897420453480075,4.600857872826163,own weekday,Veterans Day
PJM,2017-11-11,Veterans Day,Sat,6.176668296972188,6.176668296972188,8.414939421551702,Saturday,Veterans Day
PJM,2017-11-23,Thanksgiving,Thu,6.7788121475182495,6.2175346520098325,8.723607965936786,Saturday,Thanksgiving
PJM,2017-11-24,Day after Thanksgiving,Fri,7.672325345923496,6.179096657847468,8.226881046016782,Saturday,Day after Thanksgiving
PJM,2017-12-24,Christmas Eve,Sun,2.4961835352519017,2.842915041501208,2.4961835352519017,Sunday,Christmas Eve
PJM,2017-12-25,Christmas Day,Mon,2.99952587189543,3.827917432086108,2.3171487742139893,Sunday,Christmas Day
PJM,2017-12-31,New Year's Eve,Sun,1.1984793632531245,1.939751671665913,1.1984793632531245,Sunday,New Year's Eve
PJM,2018-01-01,New Year's Day,Mon,4.508969824168807,2.258431700378709,1.7938422063059345,Sunday,New Year's Day
PJM,2018-01-15,MLK Day,Mon,2.820826721142375,2.662745463528711,3.8901049660021956,Saturday,MLK Day
PJM,2018-02-04,Super Bowl Sunday,Sun,2.896681073576965,4.29127605049111,2.896681073576965,Sunday,Super Bowl Sunday
PJM,2018-02-19,Presidents' Day,Mon,3.62864677409638,3.5767268575334494,4.459454892887687,Saturday,Presidents' Day
PJM,2018-05-28,Memorial Day,Mon,8.346642545693856,7.195287412789845,6.2487021874417765,Sunday,Memorial Day
PJM,2018-07-04,Independence Day,Wed,4.384062867107475,3.2919590319664715,3.06410606963437,Sunday,Independence Day
PJM,2018-09-03,Labor Day,Mon,3.6392553812289794,6.0364007545774205,3.5576325696932267,Sunday,Labor Day
PJM,2018-10-08,Columbus Day,Mon,1.8930431114003432,4.6712454120662255,4.785027852927341,own weekday,Columbus Day
PJM,2018-11-11,Veterans Day,Sun,6.427559054580358,4.578239941713249,6.427559054580358,Saturday,Veterans Day
PJM,2018-11-12,Veterans Day (observed),Mon,4.917609647966193,3.0611766294811567,3.703045405729598,Saturday,Veterans Day
PJM,2018-11-22,Thanksgiving,Thu,4.575741439534797,2.5772028760445798,4.099430290971041,Saturday,Thanksgiving
PJM,2018-11-23,Day after Thanksgiving,Fri,3.630020476187494,3.073825275309033,3.970043594799435,Saturday,Day after Thanksgiving
PJM,2018-12-24,Christmas Eve,Mon,3.421420255875248,0.9912971990352596,2.3967541922565454,Saturday,Christmas Eve
PJM,2018-12-25,Christmas Day,Tue,4.961746385508362,3.106167794844905,2.70987263238758,Sunday,Christmas Day
PJM,2018-12-31,New Year's Eve,Mon,5.0088883975620835,3.0434899012940515,4.740986834993931,Saturday,New Year's Eve
PJM,2019-01-01,New Year's Day,Tue,4.45557891192917,4.297238822386734,4.004141949458973,Sunday,New Year's Day
PJM,2019-01-21,MLK Day,Mon,2.437108496882519,2.26187868859211,3.3606397402435153,Saturday,MLK Day
PJM,2019-02-03,Super Bowl Sunday,Sun,6.013755594968981,5.583748790117915,6.013755594968981,Saturday,Super Bowl Sunday
PJM,2019-02-18,Presidents' Day,Mon,2.3786616526003566,3.0306306312701663,3.521464574541249,own weekday,Presidents' Day
PJM,2019-05-27,Memorial Day,Mon,6.990863967341407,8.179044172421396,6.255900625023174,Sunday,Memorial Day
PJM,2019-07-04,Independence Day,Thu,4.3963527018106126,3.9731032334805474,3.1010442515334202,Sunday,Independence Day
PJM,2019-09-02,Labor Day,Mon,2.980351293698679,2.4772613120788827,1.1737456103328618,Sunday,Labor Day
PJM,2019-10-14,Columbus Day,Mon,6.149534798494208,5.445113486014757,6.719515493528043,Saturday,Columbus Day
PJM,2019-11-11,Veterans Day,Mon,5.104352958872744,3.1210114983375683,3.983788777644961,Saturday,Veterans Day
PJM,2019-11-28,Thanksgiving,Thu,3.7967271811702554,2.3730775933534956,3.173310792047452,Saturday,Thanksgiving
PJM,2019-11-29,Day after Thanksgiving,Fri,2.9405137140520967,1.5771602763966754,2.0438383706744214,Saturday,Day after Thanksgiving
PJM,2019-12-24,Christmas Eve,Tue,5.125249689561422,2.1141200230935806,3.033964406291878,Saturday,Christmas Eve
PJM,2019-12-25,Christmas Day,Wed,5.763061481206435,3.611184804218092,4.23170948978884,Saturday,Christmas Day
PJM,2019-12-31,New Year's Eve,Tue,1.7897644944834197,3.5929799397794664,3.6015782360110777,own weekday,New Year's Eve
PJM,2020-01-01,New Year's Day,Wed,4.156324489810511,2.187811831218607,1.578155084749906,Sunday,New Year's Day
PJM,2020-01-20,MLK Day,Mon,3.166439825249275,2.38265161721619,3.1134641685374342,Saturday,MLK Day
PJM,2020-02-02,Super Bowl Sunday,Sun,4.1861446232568555,2.2347519544340706,4.1861446232568555,Saturday,Super Bowl Sunday
PJM,2020-02-17,Presidents' Day,Mon,2.550393185187916,2.818692900160188,3.8633471364254053,own weekday,Presidents' Day
PJM,2020-05-25,Memorial Day,Mon,8.032666884383397,10.31491611728948,8.28080709890056,own weekday,Memorial Day
PJM,2020-07-03,Independence Day (observed),Fri,6.02819493159481,8.42248729925943,7.878848583565887,own weekday,Independence Day
PJM,2020-07-04,Independence Day,Sat,6.004684993316195,6.004684993316195,6.120596660617314,Saturday,Independence Day
PJM,2020-09-07,Labor Day,Mon,3.592203899370901,1.128951814740173,1.324149210342147,Saturday,Labor Day
PJM,2020-10-12,Columbus Day,Mon,2.7296667827191907,4.607500492844019,6.329159511070224,own weekday,Columbus Day
PJM,2020-11-11,Veterans Day,Wed,1.4634531038619039,4.891684394954599,4.485534694430921,own weekday,Veterans Day
PJM,2020-11-26,Thanksgiving,Thu,4.2114512247689575,3.407339109338471,4.065842462224388,Saturday,Thanksgiving
PJM,2020-11-27,Day after Thanksgiving,Fri,2.843992655230475,2.8754119810481247,1.2787679187197483,Sunday,Day after Thanksgiving
PJM,2020-12-24,Christmas Eve,Thu,2.738325825632164,1.9066317990719233,1.7811692901847314,Sunday,Christmas Eve
PJM,2020-12-25,Christmas Day,Fri,6.199133348871902,6.145469002155894,4.181342966597463,Sunday,Christmas Day
PJM,2020-12-31,New Year's Eve,Thu,2.9837023211119544,1.9581423750869538,2.0122659734876227,Saturday,New Year's Eve
PJM,2021-01-01,New Year's Day,Fri,3.206434522440903,2.41490392612027,2.1500386307983574,Sunday,New Year's Day
PJM,2021-01-18,MLK Day,Mon,0.8596597197229839,3.411788269693452,3.6311926882114562,own weekday,MLK Day
PJM,2021-02-07,Super Bowl Sunday,Sun,2.9243525749012313,4.181407917625437,2.9243525749012313,Sunday,Super Bowl Sunday
PJM,2021-02-15,Presidents' Day,Mon,1.0402640640849408,3.4794023400762333,3.2660612940996883,own weekday,Presidents' Day
PJM,2021-05-31,Memorial Day,Mon,5.267962954394706,3.3229653578069174,1.137746640455415,Sunday,Memorial Day
PJM,2021-06-18,Juneteenth (observed),Fri,9.434047528951444,9.837785684772195,5.85357889155888,Sunday,Juneteenth
PJM,2021-06-19,Juneteenth,Sat,7.8041184816202,7.8041184816202,4.710352600747364,Sunday,Juneteenth
PJM,2021-07-04,Independence Day,Sun,2.3397495599596665,5.473304908520574,2.3397495599596665,Sunday,Independence Day
PJM,2021-07-05,Independence Day (observed),Mon,8.665785594779807,8.563294407411892,4.312864291591988,Sunday,Independence Day
PJM,2021-09-06,Labor Day,Mon,3.494292483881545,2.7116116311860834,2.035912272732528,Sunday,Labor Day
PJM,2021-10-11,Columbus Day,Mon,2.9130146667901955,3.9359231471760943,4.759191074328539,own weekday,Columbus Day
PJM,2021-11-11,Veterans Day,Thu,2.9422874845376294,3.4945359623986505,4.445498423400721,own weekday,Veterans Day
PJM,2021-11-25,Thanksgiving,Thu,7.225368253062468,4.977411519366793,6.780292726055174,Saturday,Thanksgiving
PJM,2021-11-26,Day after Thanksgiving,Fri,3.5255708574563163,3.7989831760429875,2.535610304216758,Sunday,Day after Thanksgiving
PJM,2021-12-24,Christmas Eve,Fri,4.3900279176004,3.093437638713041,4.231826180127889,Saturday,Christmas Eve
PJM,2021-12-25,Christmas Day,Sat,1.787150579943171,1.787150579943171,2.8270751472266804,Saturday,Christmas Day
PJM,2021-12-31,New Year's Day (observed),Fri,2.912370448024717,2.9392988200509116,2.4186967628740383,Sunday,New Year's Day
PJM,2022-01-01,New Year's Day,Sat,4.145575932068141,4.145575932068141,2.594125453242638,Sunday,New Year's Day
PJM,2022-01-17,MLK Day,Mon,2.800355196099165,2.913347296953421,2.9525785102459285,own weekday,MLK Day
PJM,2022-02-13,Super Bowl Sunday,Sun,4.60459563589887,4.206255264297671,4.60459563589887,Saturday,Super Bowl Sunday
PJM,2022-02-21,Presidents' Day,Mon,5.073004652908051,4.90820448236513,3.3303239016562474,Sunday,Presidents' Day
PJM,2022-05-30,Memorial Day,Mon,13.402256071269269,14.617176084582567,12.3582230277802,Sunday,Memorial Day
PJM,2022-06-19,Juneteenth,Sun,2.2612507465573626,4.417006027988849,2.2612507465573626,Sunday,Juneteenth
PJM,2022-06-20,Juneteenth (observed),Mon,6.626719037686206,6.899359857701014,3.1922476764069416,Sunday,Juneteenth
PJM,2022-07-04,Independence Day,Mon,7.517793315446858,6.506165356835957,3.705753258244119,Sunday,Independence Day
PJM,2022-09-05,Labor Day,Mon,3.2860932782368657,1.7574406924810393,1.7452483668565537,Sunday,Labor Day
PJM,2022-10-10,Columbus Day,Mon,6.54936329056132,7.370171833116526,6.527011543505439,Sunday,Columbus Day
PJM,2022-11-11,Veterans Day,Fri,2.608881864323999,4.127571141463723,4.115129646341103,own weekday,Veterans Day
PJM,2022-11-24,Thanksgiving,Thu,6.668372553161193,5.778046690098178,8.038159414945063,Saturday,Thanksgiving
PJM,2022-11-25,Day after Thanksgiving,Fri,3.283608558371868,1.3682579230177176,1.9066110836634338,Saturday,Day after Thanksgiving
PJM,2022-12-24,Christmas Eve,Sat,3.1384293599347792,3.1384293599347792,5.623831804386441,Saturday,Christmas Eve
PJM,2022-12-25,Christmas Day,Sun,7.2483279581860165,5.107904136784676,7.2483279581860165,Saturday,Christmas Day
PJM,2022-12-26,Christmas Day (observed),Mon,4.229649845497892,2.4188450786895452,4.837249587297014,Saturday,Christmas Day
PJM,2022-12-31,New Year's Eve,Sat,2.6690417904972685,2.6690417904972685,2.707057560147909,Saturday,New Year's Eve
PJM,2023-01-01,New Year's Day,Sun,2.185884065811314,2.0191860090065594,2.185884065811314,Saturday,New Year's Day
PJM,2023-01-02,New Year's Day (observed),Mon,2.304047462769201,2.736506012312599,2.2027092454126294,Sunday,New Year's Day
PJM,2023-01-16,MLK Day,Mon,3.0160144382224416,2.793836803129793,4.2942188758337725,Saturday,MLK Day
PJM,2023-02-12,Super Bowl Sunday,Sun,1.2238954203724979,1.7705068117140177,1.2238954203724979,Sunday,Super Bowl Sunday
PJM,2023-02-20,Presidents' Day,Mon,1.1659564503538966,3.322368864641382,3.272740201085367,own weekday,Presidents' Day
PJM,2023-05-29,Memorial Day,Mon,7.43179636264623,7.597521072671144,5.33503958374909,Sunday,Memorial Day
PJM,2023-06-19,Juneteenth,Mon,5.955584199585481,8.165619659569488,6.876216377294027,own weekday,Juneteenth
PJM,2023-07-04,Independence Day,Tue,5.927269023744128,5.251504427088958,4.457693639871691,Sunday,Independence Day
PJM,2023-09-04,Labor Day,Mon,5.274803921894585,6.683535714772508,4.704217744324614,Sunday,Labor Day
PJM,2023-10-09,Columbus Day,Mon,5.176158738574263,4.4154282772549545,6.827588456658354,Saturday,Columbus Day
PJM,2023-11-10,Veterans Day (observed),Fri,1.4778516898672722,2.6236325265606837,4.062239373283217,own weekday,Veterans Day
PJM,2023-11-11,Veterans Day,Sat,4.670139133728753,4.670139133728753,6.506016417575331,Saturday,Veterans Day
PJM,2023-11-23,Thanksgiving,Thu,5.366787217253789,4.630611061943597,6.07198111494652,Saturday,Thanksgiving
PJM,2023-11-24,Day after Thanksgiving,Fri,4.772652090205226,3.2187171931741467,2.5761403088817905,Sunday,Day after Thanksgiving
PJM,2023-12-24,Christmas Eve,Sun,4.010367275880688,1.2574097417699668,4.010367275880688,Saturday,Christmas Eve
PJM,2023-12-25,Christmas Day,Mon,4.843327920471264,0.5302302848950043,3.2917735849654353,Saturday,Christmas Day
PJM,2023-12-31,New Year's Eve,Sun,1.024486911991216,1.6676487860854456,1.024486911991216,Sunday,New Year's Eve
PJM,2024-01-01,New Year's Day,Mon,3.7572741597811063,3.5129369411846945,1.0808156337985497,Sunday,New Year's Day
PJM,2024-01-15,MLK Day,Mon,2.6824226242299756,2.641907108857046,2.2815109663098143,Sunday,MLK Day
PJM,2024-02-11,Super Bowl Sunday,Sun,1.9034281410405374,2.12087430681861,1.9034281410405374,Sunday,Super Bowl Sunday
PJM,2024-02-19,Presidents' Day,Mon,3.3329398225027487,3.5085249636086857,2.612252180001073,Sunday,Presidents' Day
PJM,2024-05-27,Memorial Day,Mon,2.9389335287804923,4.464926428104716,3.0727481776185726,own weekday,Memorial Day
PJM,2024-06-19,Juneteenth,Wed,3.3715092019508437,5.134030445255622,4.614441695305005,own weekday,Juneteenth
PJM,2024-07-04,Independence Day,Thu,3.2733598433555935,2.8082564175817537,3.019743256851981,Saturday,Independence Day
PJM,2024-09-02,Labor Day,Mon,7.614553869883163,4.582620373508078,7.304730426812182,Saturday,Labor Day
PJM,2024-10-14,Columbus Day,Mon,2.9036073448485498,4.430904200918287,5.176949061357824,own weekday,Columbus Day
PJM,2024-11-11,Veterans Day,Mon,1.6415558191923136,2.9494064792690233,3.3424803034399773,own weekday,Veterans Day
PJM,2024-11-28,Thanksgiving,Thu,4.296352110605079,2.5294858638794326,3.555251696966156,Saturday,Thanksgiving
PJM,2024-11-29,Day after Thanksgiving,Fri,3.6026497827000195,3.194162671691208,2.3939745368176033,Sunday,Day after Thanksgiving
PJM,2024-12-24,Christmas Eve,Tue,5.249592490919369,4.261395203650614,4.596815362623863,Saturday,Christmas Eve
PJM,2024-12-25,Christmas Day,Wed,3.783384993152087,1.4777967670623484,1.7607984234426517,Saturday,Christmas Day
PJM,2024-12-31,New Year's Eve,Tue,3.230431324659857,1.932187195530808,2.5969811641030116,Saturday,New Year's Eve
PJM,2025-01-01,New Year's Day,Wed,3.913224624314482,4.723840140713977,4.062705313980241,own weekday,New Year's Day
PJM,2025-01-20,MLK Day,Mon,2.442422730206897,3.400853419323969,3.178850896579921,own weekday,MLK Day
PJM,2025-02-09,Super Bowl Sunday,Sun,1.423213610259416,1.2722710199642362,1.423213610259416,Saturday,Super Bowl Sunday
PJM,2025-02-17,Presidents' Day,Mon,2.2480647399741733,3.247600614240994,2.8879481413328056,own weekday,Presidents' Day
PJM,2025-05-26,Memorial Day,Mon,4.038159456520876,2.4553335310468527,1.7062389066168284,Sunday,Memorial Day
PJM,2025-06-19,Juneteenth,Thu,3.978159064686162,5.9044640485905235,6.60249142767398,own weekday,Juneteenth
PJM,2025-07-04,Independence Day,Fri,5.610209488158158,4.837035339061122,4.570210592580331,Sunday,Independence Day
PJM,2025-09-01,Labor Day,Mon,4.271155215605915,2.964217589526136,1.9197301440365027,Sunday,Labor Day
PJM,2025-10-13,Columbus Day,Mon,3.3715246320764605,4.328055639997041,5.501067940314991,own weekday,Columbus Day
PJM,2025-11-11,Veterans Day,Tue,3.9671278809566544,2.6183151712833186,4.112961414349338,Saturday,Veterans Day
PJM,2025-11-27,Thanksgiving,Thu,2.7029452278109534,1.3133961156726408,2.929770814436444,Saturday,Thanksgiving
PJM,2025-11-28,Day after Thanksgiving,Fri,3.0669878017376426,2.0025753662258863,2.183464025723889,Saturday,Day after Thanksgiving
PJM,2025-12-24,Christmas Eve,Wed,2.3088272296085903,1.2648374439233432,3.8606680950097316,Saturday,Christmas Eve
PJM,2025-12-25,Christmas Day,Thu,3.159838589734507,1.4418315104291253,3.2882844101741653,Saturday,Christmas Day
PJM,2025-12-31,New Year's Eve,Wed,2.055531014875493,2.0848753433355345,4.045389045332756,own weekday,New Year's Eve
PJM,2026-01-01,New Year's Day,Thu,3.133861520271837,2.3298700072784966,0.8824886975525594,Sunday,New Year's Day
PJM,2026-01-19,MLK Day,Mon,1.200927145391248,2.0234734451521454,2.6297141710188914,own weekday,MLK Day
PJM,2026-02-08,Super Bowl Sunday,Sun,3.906973278788629,2.5306586908093616,3.906973278788629,Saturday,Super Bowl Sunday
PJM,2026-02-16,Presidents' Day,Mon,2.9206437017378457,2.4779580840725166,2.889024915287612,Saturday,Presidents' Day
PJM,2026-05-25,Memorial Day,Mon,5.562455884064701,4.861016511147284,5.028926925237149,Saturday,Memorial Day
PJM,2026-06-19,Juneteenth,Fri,3.2033231355538407,2.96496777431834,2.256770779491228,Sunday,Juneteenth
PNM,2015-09-07,Labor Day,Mon,2.6644358062733926,1.4331263854065939,1.968385188847953,Saturday,Labor Day
PNM,2015-10-12,Columbus Day,Mon,2.4394232049492826,2.661480471282953,3.4916142214415142,own weekday,Columbus Day
PNM,2015-11-11,Veterans Day,Wed,5.454536595476726,3.41941189764254,4.147403240446934,Saturday,Veterans Day
PNM,2015-11-26,Thanksgiving,Thu,5.233966712813046,3.137649969062401,4.57691119219694,Saturday,Thanksgiving
PNM,2015-11-27,Day after Thanksgiving,Fri,5.286044507272882,4.610805793420838,3.080379917522275,Sunday,Day after Thanksgiving
PNM,2015-12-24,Christmas Eve,Thu,3.1454071117116005,2.4111831085122897,3.7311891228492704,Saturday,Christmas Eve
PNM,2015-12-25,Christmas Day,Fri,3.7353678223829365,2.748274671496165,2.991408312092397,Saturday,Christmas Day
PNM,2015-12-31,New Year's Eve,Thu,2.6259032469827535,2.455841411755409,3.4527519182166033,Saturday,New Year's Eve
PNM,2016-01-01,New Year's Day,Fri,3.4880640184314813,1.4983020720620044,1.6567789775455695,Saturday,New Year's Day
PNM,2016-01-18,MLK Day,Mon,1.4663989857944593,1.683430594845711,2.767095529163097,own weekday,MLK Day
PNM,2016-02-07,Super Bowl Sunday,Sun,3.5060228833655533,1.836833050531424,3.5060228833655533,Saturday,Super Bowl Sunday
PNM,2016-02-15,Presidents' Day,Mon,1.1731196425722372,2.6717406912297017,2.6446837166703747,own weekday,Presidents' Day
PNM,2016-05-30,Memorial Day,Mon,6.115604177742261,5.263845533462997,5.189706823811145,Sunday,Memorial Day
PNM,2016-07-04,Independence Day,Mon,3.0358801631208956,3.8747837764672464,3.301362501212071,own weekday,Independence Day
PNM,2016-09-05,Labor Day,Mon,2.884338341052674,2.633763028366175,2.3212732498571165,Sunday,Labor Day
PNM,2016-10-10,Columbus Day,Mon,3.5830492248597836,3.289096452218036,3.824051435508119,Saturday,Columbus Day
PNM,2016-11-11,Veterans Day,Fri,4.035733948970935,4.235734628682749,5.526317157679952,own weekday,Veterans Day
PNM,2016-11-24,Thanksgiving,Thu,7.498807444540699,6.884638623619911,8.473388514767022,Saturday,Thanksgiving
PNM,2016-11-25,Day after Thanksgiving,Fri,6.196824419683377,5.515623371896175,6.887665517258207,Saturday,Day after Thanksgiving
PNM,2016-12-24,Christmas Eve,Sat,2.1261382206431256,2.1261382206431256,3.539959613843263,Saturday,Christmas Eve
PNM,2016-12-25,Christmas Day,Sun,2.1162816779409748,1.87671558306545,2.1162816779409748,Saturday,Christmas Day
PNM,2016-12-26,Christmas Day (observed),Mon,4.546824778788144,2.4626742796655456,2.3522415983461316,Sunday,Christmas Day
PNM,2016-12-31,New Year's Eve,Sat,1.359047866624133,1.359047866624133,1.7952177878886306,Saturday,New Year's Eve
PNM,2017-01-01,New Year's Day,Sun,1.5211666598353488,1.9988392869428935,1.5211666598353488,Sunday,New Year's Day
PNM,2017-01-02,New Year's Day (observed),Mon,2.095629217472406,3.1143395831259046,2.5790849876033803,own weekday,New Year's Day
PNM,2017-01-16,MLK Day,Mon,1.5239700003862002,2.393864586463034,2.9978519240258,own weekday,MLK Day
PNM,2017-02-05,Super Bowl Sunday,Sun,1.801872673950614,0.8191729013840641,1.801872673950614,Saturday,Super Bowl Sunday
PNM,2017-02-20,Presidents' Day,Mon,2.3137239839856165,1.669968592508372,1.814081561288194,Saturday,Presidents' Day
PNM,2017-05-29,Memorial Day,Mon,3.1685493391487083,4.4146370187984525,3.857918395584295,own weekday,Memorial Day
PNM,2017-07-04,Independence Day,Tue,5.472789006135573,4.66259522691278,3.6692641772790227,Sunday,Independence Day
PNM,2017-09-04,Labor Day,Mon,4.54405992308092,3.102346437706344,2.8342077498612577,Sunday,Labor Day
PNM,2017-10-09,Columbus Day,Mon,6.0284821238101225,5.771604641724765,5.507801564731743,Sunday,Columbus Day
PNM,2017-11-10,Veterans Day (observed),Fri,4.5348820810495045,3.3674949813627215,4.266746671129037,Saturday,Veterans Day
PNM,2017-11-11,Veterans Day,Sat,3.0858439664349038,3.0858439664349038,3.282757544504427,Saturday,Veterans Day
PNM,2017-11-23,Thanksgiving,Thu,5.385721710640324,4.38353965331655,5.471217848869563,Saturday,Thanksgiving
PNM,2017-11-24,Day after Thanksgiving,Fri,5.325168711576533,2.9545487029980206,3.0235352037609675,Saturday,Day after Thanksgiving
PNM,2017-12-24,Christmas Eve,Sun,3.84149884982073,2.2321436757741355,3.84149884982073,Saturday,Christmas Eve
PNM,2017-12-25,Christmas Day,Mon,5.47540963249542,3.3670414301668035,5.143005431464505,Saturday,Christmas Day
PNM,2017-12-31,New Year's Eve,Sun,1.6451172644767476,2.503500399047903,1.6451172644767476,Sunday,New Year's Eve
PNM,2018-01-01,New Year's Day,Mon,4.631967439502981,1.195294282153927,2.9166560784450426,Saturday,New Year's Day
PNM,2018-01-15,MLK Day,Mon,1.242916704626084,2.65769699673714,2.344287785288924,own weekday,MLK Day
PNM,2018-02-04,Super Bowl Sunday,Sun,1.883776713957033,1.6411738703689105,1.883776713957033,Saturday,Super Bowl Sunday
PNM,2018-02-19,Presidents' Day,Mon,3.3716281759725097,3.921704847553392,2.565625313527416,Sunday,Presidents' Day
PNM,2018-05-28,Memorial Day,Mon,7.230135274837056,6.590057762633552,4.289375335652301,Sunday,Memorial Day
PNM,2018-07-04,Independence Day,Wed,3.8704944417385687,2.871757420572848,3.6065849201873195,Saturday,Independence Day
PNM,2018-09-03,Labor Day,Mon,4.236376877245318,2.1329101435635236,3.7277390156915344,Saturday,Labor Day
PNM,2018-10-08,Columbus Day,Mon,8.489951266955774,6.073017926489227,7.9334577163621205,Saturday,Columbus Day
PNM,2018-11-11,Veterans Day,Sun,3.4513704029123673,3.392297463044551,3.4513704029123673,Saturday,Veterans Day
PNM,2018-11-12,Veterans Day (observed),Mon,3.6549262043615083,3.7842423327953822,3.6746549119701073,own weekday,Veterans Day
PNM,2018-11-22,Thanksgiving,Thu,4.837509243758195,3.785115334179343,4.662413410449554,Saturday,Thanksgiving
PNM,2018-11-23,Day after Thanksgiving,Fri,4.5624692074423665,3.2601913359381065,5.06254407654182,Saturday,Day after Thanksgiving
PNM,2018-12-24,Christmas Eve,Mon,2.753037233556625,1.751366237675808,3.2274117652105327,Saturday,Christmas Eve
PNM,2018-12-25,Christmas Day,Tue,2.5978838466785494,0.9283261995497845,1.896360484287087,Saturday,Christmas Day
PNM,2018-12-31,New Year's Eve,Mon,2.7544244910629656,2.6661970584366435,2.866662429969466,Saturday,New Year's Eve
PNM,2019-01-01,New Year's Day,Tue,3.962050274679503,3.6973760934107593,3.302989805843415,Sunday,New Year's Day
PNM,2019-01-21,MLK Day,Mon,1.4619086621083859,2.172162498208908,2.1841030658201293,own weekday,MLK Day
PNM,2019-02-03,Super Bowl Sunday,Sun,2.6758360673890866,2.3923941459507727,2.6758360673890866,Saturday,Super Bowl Sunday
PNM,2019-02-18,Presidents' Day,Mon,2.9450826961216676,4.101807524383254,2.0859428981834363,Sunday,Presidents' Day
PNM,2019-05-27,Memorial Day,Mon,4.235947063280374,2.752911982968841,2.6952304096255615,Sunday,Memorial Day
PNM,2019-07-04,Independence Day,Thu,4.788073332235645,4.901308399393758,3.8671689437175645,Sunday,Independence Day
PNM,2019-09-02,Labor Day,Mon,3.2515755804356345,2.686744197789347,2.0282657987933725,Sunday,Labor Day
PNM,2019-10-14,Columbus Day,Mon,6.01920454368001,4.858865192534161,4.926745522988252,Saturday,Columbus Day
PNM,2019-11-11,Veterans Day,Mon,5.504654373774697,2.992884693017019,2.737964868277407,Sunday,Veterans Day
PNM,2019-11-28,Thanksgiving,Thu,5.600508778294632,4.826903807615051,5.384004708039282,Saturday,Thanksgiving
PNM,2019-11-29,Day after Thanksgiving,Fri,4.9014368990128645,4.693548594878264,4.035963642068341,Sunday,Day after Thanksgiving
PNM,2019-12-24,Christmas Eve,Tue,3.8777072140477675,3.996266038513151,4.563527232836587,own weekday,Christmas Eve
PNM,2019-12-25,Christmas Day,Wed,3.2305722552399434,1.7313498435215704,2.1971642843466443,Saturday,Christmas Day
PNM,2019-12-31,New Year's Eve,Tue,2.6687095539583274,1.9213413033887041,2.9008446890772657,Saturday,New Year's Eve
PNM,2020-01-01,New Year's Day,Wed,3.577386280334538,1.8645130504111551,1.9641877981225428,Saturday,New Year's Day
PNM,2020-01-20,MLK Day,Mon,1.1380627446853373,2.147934189933692,2.8605099511469905,own weekday,MLK Day
PNM,2020-02-02,Super Bowl Sunday,Sun,1.0771792763217198,1.0413386011211196,1.0771792763217198,Saturday,Super Bowl Sunday
PNM,2020-02-17,Presidents' Day,Mon,1.7792811539777706,2.146500313193777,2.173176402095945,own weekday,Presidents' Day
PNM,2020-05-25,Memorial Day,Mon,3.5528372943772006,0.7647720881078519,0.8375178552716874,Saturday,Memorial Day
PNM,2020-07-03,Independence Day (observed),Fri,3.0757226094901613,3.6639617289161417,3.8280724701880313,own weekday,Independence Day
PNM,2020-07-04,Independence Day,Sat,3.0346599005969557,3.0346599005969557,3.2251610606118093,Saturday,Independence Day
PNM,2020-09-07,Labor Day,Mon,3.8586614650663624,2.442644241473542,1.792981381042356,Sunday,Labor Day
PNM,2020-10-12,Columbus Day,Mon,3.1705922919582683,3.384891631714735,4.730994172433353,own weekday,Columbus Day
PNM,2020-11-11,Veterans Day,Wed,9.727903819070209,7.805486100208636,8.346971127669294,Saturday,Veterans Day
PNM,2020-11-26,Thanksgiving,Thu,7.764281518785607,7.239458086263319,8.741965906428279,Saturday,Thanksgiving
PNM,2020-11-27,Day after Thanksgiving,Fri,2.2501246986313843,2.5608937765516706,3.6198149482175666,own weekday,Day after Thanksgiving
PNM,2020-12-24,Christmas Eve,Thu,2.4248936773678857,2.065326622031631,2.315444458174615,Saturday,Christmas Eve
PNM,2020-12-25,Christmas Day,Fri,3.7220324287694706,3.573915425613173,3.5800148009645127,Saturday,Christmas Day
PNM,2020-12-31,New Year's Eve,Thu,2.9938583160637586,1.8305298536736656,2.380336533329312,Saturday,New Year's Eve
PNM,2021-01-01,New Year's Day,Fri,3.305827261611275,1.2400647784270822,1.3727252767911935,Saturday,New Year's Day
PNM,2021-01-18,MLK Day,Mon,2.16485712160598,2.6786591240129067,3.1768036250840708,own weekday,MLK Day
PNM,2021-02-07,Super Bowl Sunday,Sun,2.6485480029808124,1.8415958093144744,2.6485480029808124,Saturday,Super Bowl Sunday
PNM,2021-02-15,Presidents' Day,Mon,2.5704688424095634,2.501248744044957,3.5436102696167775,Saturday,Presidents' Day
PNM,2021-05-31,Memorial Day,Mon,3.5032782492188876,4.04390775515173,4.163543336405181,own weekday,Memorial Day
PNM,2021-06-18,Juneteenth (observed),Fri,7.666693026985365,7.068001708850151,6.918426555722558,Sunday,Juneteenth
PNM,2021-06-19,Juneteenth,Sat,6.13686592740915,6.13686592740915,6.2487416113414564,Saturday,Juneteenth
PNM,2021-07-04,Independence Day,Sun,5.006002537194588,2.8291576052352694,5.006002537194588,Saturday,Independence Day
PNM,2021-07-05,Independence Day (observed),Mon,6.070980339929439,3.948904823852242,5.114786084184692,Saturday,Independence Day
PNM,2021-09-06,Labor Day,Mon,3.4058311009128714,2.8669301561316614,2.5585067320352466,Sunday,Labor Day
PNM,2021-10-11,Columbus Day,Mon,7.5264865353873684,7.35819379453342,7.404219609304032,Saturday,Columbus Day
PNM,2021-11-11,Veterans Day,Thu,4.088567644076164,3.212824301845494,3.65972498814214,Saturday,Veterans Day
PNM,2021-11-25,Thanksgiving,Thu,4.419007743750692,3.789866654156313,5.1729877682977605,Saturday,Thanksgiving
PNM,2021-11-26,Day after Thanksgiving,Fri,3.8372165688528117,2.664016711872533,3.8185897182178317,Saturday,Day after Thanksgiving
PNM,2021-12-24,Christmas Eve,Fri,4.300842454889796,4.893986113629315,5.698772055427142,own weekday,Christmas Eve
PNM,2021-12-25,Christmas Day,Sat,3.2180364758216595,3.2180364758216595,4.0198720178425855,Saturday,Christmas Day
PNM,2021-12-31,New Year's Day (observed),Fri,4.330622692997946,4.3316026952564135,4.917955245064372,own weekday,New Year's Day
PNM,2022-01-01,New Year's Day,Sat,4.157810953591804,4.157810953591804,3.552133778492123,Sunday,New Year's Day
PNM,2022-01-17,MLK Day,Mon,0.8918465027040023,2.115326632559722,2.9687374807286546,own weekday,MLK Day
PNM,2022-02-13,Super Bowl Sunday,Sun,2.8757505310057,2.1177519392678574,2.8757505310057,Saturday,Super Bowl Sunday
PNM,2022-02-21,Presidents' Day,Mon,2.254743338553853,2.8235444400878444,2.437603896787344,own weekday,Presidents' Day
PNM,2022-05-30,Memorial Day,Mon,4.568091866532876,2.603014761991111,2.30894504988904,Sunday,Memorial Day
PNM,2022-06-19,Juneteenth,Sun,3.9432344220590125,3.0925344440120917,3.9432344220590125,Saturday,Juneteenth
PNM,2022-06-20,Juneteenth (observed),Mon,3.1850685550723408,2.780943276614962,3.8676833960436356,Saturday,Juneteenth
PNM,2022-07-04,Independence Day,Mon,3.4607530643000817,1.9748908106550809,3.4165084121486533,Saturday,Independence Day
PNM,2022-09-05,Labor Day,Mon,4.21491805158724,4.471535201279203,2.252338381811506,Sunday,Labor Day
PNM,2022-10-10,Columbus Day,Mon,8.666986844761981,5.7898677099704425,7.721398218221003,Saturday,Columbus Day
PNM,2022-11-11,Veterans Day,Fri,6.0958525276260325,5.8941898607538175,6.548038529431858,Saturday,Veterans Day
PNM,2022-11-24,Thanksgiving,Thu,4.513840919767887,3.386900677041884,4.120556267194074,Saturday,Thanksgiving
PNM,2022-11-25,Day after Thanksgiving,Fri,5.038982739901229,3.491180580886919,4.095307272653895,Saturday,Day after Thanksgiving
PNM,2022-12-24,Christmas Eve,Sat,1.9102370308283396,1.9102370308283396,4.092748684749207,Saturday,Christmas Eve
PNM,2022-12-25,Christmas Day,Sun,2.763169991246028,2.009729336676685,2.763169991246028,Saturday,Christmas Day
PNM,2022-12-26,Christmas Day (observed),Mon,3.7604711577596137,2.07023766737216,1.8073531940794827,Sunday,Christmas Day
PNM,2022-12-31,New Year's Eve,Sat,2.5253331221630546,2.5253331221630546,2.1579074274621,Sunday,New Year's Eve
PNM,2023-01-01,New Year's Day,Sun,2.827242018899232,3.3564399264480578,2.827242018899232,Sunday,New Year's Day
PNM,2023-01-02,New Year's Day (observed),Mon,6.295568678552136,8.818882066525633,6.396065738652881,own weekday,New Year's Day
PNM,2023-01-16,MLK Day,Mon,4.608205589185307,5.925651310676975,4.020785643866569,Sunday,MLK Day
PNM,2023-02-12,Super Bowl Sunday,Sun,2.7914106788328477,1.7849968564650636,2.7914106788328477,Saturday,Super Bowl Sunday
PNM,2023-02-20,Presidents' Day,Mon,1.827835261830853,1.1508676034067091,1.878105053585793,Saturday,Presidents' Day
PNM,2023-05-29,Memorial Day,Mon,6.645425671921365,9.784998439784149,6.743621730385108,own weekday,Memorial Day
PNM,2023-06-19,Juneteenth,Mon,7.224051359565696,7.899793491763536,6.326225325201825,Sunday,Juneteenth
PNM,2023-07-04,Independence Day,Tue,5.937479911673127,5.41963850597098,4.3666119248017905,Sunday,Independence Day
PNM,2023-09-04,Labor Day,Mon,3.2001900394129743,2.107647147756414,2.518890578983284,Saturday,Labor Day
PNM,2023-10-09,Columbus Day,Mon,3.190498614420678,4.243745283485851,3.7739016053117393,own weekday,Columbus Day
PNM,2023-11-10,Veterans Day (observed),Fri,4.686339926763566,5.117286254247386,5.226679420018891,own weekday,Veterans Day
PNM,2023-11-11,Veterans Day,Sat,7.005615560898697,7.005615560898697,7.865343884000765,Saturday,Veterans Day
PNM,2023-11-23,Thanksgiving,Thu,7.305103448823136,7.979826286176864,8.39500012264164,own weekday,Thanksgiving
PNM,2023-11-24,Day after Thanksgiving,Fri,3.6266212141714944,4.9225814668728445,5.151449157036752,own weekday,Day after Thanksgiving
PNM,2023-12-24,Christmas Eve,Sun,2.160126191177711,1.0305099083634575,2.160126191177711,Saturday,Christmas Eve
PNM,2023-12-25,Christmas Day,Mon,3.3719354945716153,3.0928986344835625,1.810028398854981,Sunday,Christmas Day
PNM,2023-12-31,New Year's Eve,Sun,1.6065448278553152,2.1332882133060336,1.6065448278553152,Sunday,New Year's Eve
PNM,2024-01-01,New Year's Day,Mon,2.037963956860168,1.4404369759426217,1.5007620930864198,Saturday,New Year's Day
PNM,2024-01-15,MLK Day,Mon,1.2421633770189267,1.9164808735103473,2.844496618654654,own weekday,MLK Day
PNM,2024-02-11,Super Bowl Sunday,Sun,1.952129370909487,1.5909268303829864,1.952129370909487,Saturday,Super Bowl Sunday
PNM,2024-02-19,Presidents' Day,Mon,2.625199949661598,3.0271083640509806,2.6667467780020804,own weekday,Presidents' Day
PNM,2024-05-27,Memorial Day,Mon,9.289109332514979,9.475358238161096,8.11518473669841,Sunday,Memorial Day
PNM,2024-06-19,Juneteenth,Wed,6.962117412489853,6.463151213320854,6.848701317345861,Saturday,Juneteenth
PNM,2024-07-04,Independence Day,Thu,5.033555422645705,4.735418686583706,5.2636078203189145,Saturday,Independence Day
PNM,2024-09-02,Labor Day,Mon,4.936612747165467,2.657993808545521,3.4355945143403086,Saturday,Labor Day
PNM,2024-10-14,Columbus Day,Mon,2.8873262125245223,2.897448886270053,3.3207604745955974,own weekday,Columbus Day
PNM,2024-11-11,Veterans Day,Mon,6.94704293402994,5.961593518237055,6.638539798588619,Saturday,Veterans Day
PNM,2024-11-28,Thanksgiving,Thu,6.456026395729551,5.1549842526158764,7.613531370864836,Saturday,Thanksgiving
PNM,2024-11-29,Day after Thanksgiving,Fri,4.33411132099883,3.7035853700606824,6.3357573053753375,Saturday,Day after Thanksgiving
PNM,2024-12-24,Christmas Eve,Tue,2.438640464209905,2.3861018487908963,2.0353199142772613,Sunday,Christmas Eve
PNM,2024-12-25,Christmas Day,Wed,3.3004401504360743,3.721980777570789,3.1287955680434063,Sunday,Christmas Day
PNM,2024-12-31,New Year's Eve,Tue,2.421203147104817,2.3832696012448027,2.2834767345959417,Sunday,New Year's Eve
PNM,2025-01-01,New Year's Day,Wed,2.490962362002931,1.6632099468386439,1.5592377178039825,Sunday,New Year's Day
PNM,2025-01-20,MLK Day,Mon,2.177227524978596,3.84074408673671,2.846453987510468,own weekday,MLK Day
PNM,2025-02-09,Super Bowl Sunday,Sun,1.5994186181256138,2.1679681095237493,1.5994186181256138,Sunday,Super Bowl Sunday
PNM,2025-02-17,Presidents' Day,Mon,2.099941772637845,1.962718323667554,2.97027428702073,Saturday,Presidents' Day
PNM,2025-05-26,Memorial Day,Mon,6.3790152207339315,3.9810845248365707,4.0986007500356205,Saturday,Memorial Day
PNM,2025-06-19,Juneteenth,Thu,8.780041804078152,7.2672657667784994,6.46647764783886,Sunday,Juneteenth
PNM,2025-07-04,Independence Day,Fri,2.8548882606010144,3.867487494678279,3.268082118114321,own weekday,Independence Day
PNM,2025-09-01,Labor Day,Mon,3.5104288093681713,1.5265219392854514,2.014179235990295,Saturday,Labor Day
PNM,2025-10-13,Columbus Day,Mon,6.516460677503306,4.695780107746514,6.243715883505804,Saturday,Columbus Day
PNM,2025-11-11,Veterans Day,Tue,7.468276648182605,3.9126177310577166,6.608764441943092,Saturday,Veterans Day
PNM,2025-11-27,Thanksgiving,Thu,7.046072752871564,4.354422221219733,8.140831794842486,Saturday,Thanksgiving
PNM,2025-11-28,Day after Thanksgiving,Fri,4.253005090826448,2.8815950220251034,5.529673825437314,Saturday,Day after Thanksgiving
PNM,2025-12-24,Christmas Eve,Wed,2.8986632995436694,2.868417843098124,3.556723476197928,Saturday,Christmas Eve
PNM,2025-12-25,Christmas Day,Thu,4.184607958292571,4.309128648457562,4.888806533210987,own weekday,Christmas Day
PNM,2025-12-31,New Year's Eve,Wed,4.043042808453593,2.043295490510909,4.739827268690735,Saturday,New Year's Eve
PNM,2026-01-01,New Year's Day,Thu,3.0973530721910683,4.932104378266735,4.623010526257661,own weekday,New Year's Day
PNM,2026-01-19,MLK Day,Mon,1.428351592065858,2.2371540362644886,2.2805737582746723,own weekday,MLK Day
PNM,2026-02-08,Super Bowl Sunday,Sun,3.8128046618407136,2.954267333855711,3.8128046618407136,Saturday,Super Bowl Sunday
PNM,2026-02-16,Presidents' Day,Mon,2.5863249088750524,2.0646119832675747,2.3349881739402245,Saturday,Presidents' Day
PNM,2026-05-25,Memorial Day,Mon,6.422055603558981,5.410427089623088,6.4510280063146865,Saturday,Memorial Day
PNM,2026-06-19,Juneteenth,Fri,6.12069302866824,6.257236492247236,6.258121248786942,own weekday,Juneteenth
PSCO,2015-09-07,Labor Day,Mon,4.47350358564635,3.228056181753542,3.191153254800747,Sunday,Labor Day
PSCO,2015-10-12,Columbus Day,Mon,2.6988969514686265,4.199305694347349,5.635988709737153,own weekday,Columbus Day
PSCO,2015-11-11,Veterans Day,Wed,4.128473451747244,3.5628668893992,5.1984036478652484,Saturday,Veterans Day
PSCO,2015-11-26,Thanksgiving,Thu,4.385359607513589,3.8450300126663506,4.290952923398617,Saturday,Thanksgiving
PSCO,2015-11-27,Day after Thanksgiving,Fri,3.0158475981169564,1.6008226290065246,1.8990295229612,Saturday,Day after Thanksgiving
PSCO,2015-12-24,Christmas Eve,Thu,2.6733095421702147,1.5713211572660788,3.0553654012476628,Saturday,Christmas Eve
PSCO,2015-12-25,Christmas Day,Fri,2.9198088627099676,2.0513067845408384,2.584464350002068,Saturday,Christmas Day
PSCO,2015-12-31,New Year's Eve,Thu,2.1883223329922004,1.1967140186439085,2.6071425764815874,Saturday,New Year's Eve
PSCO,2016-01-01,New Year's Day,Fri,4.996717225982711,2.9068666388853113,3.218260780481616,Saturday,New Year's Day
PSCO,2016-01-18,MLK Day,Mon,1.604719738593521,2.976646599675176,3.8790160064338894,own weekday,MLK Day
PSCO,2016-02-07,Super Bowl Sunday,Sun,2.4838020987600324,2.154581238026121,2.4838020987600324,Saturday,Super Bowl Sunday
PSCO,2016-02-15,Presidents' Day,Mon,1.3664815438583735,2.99077889000734,3.7593502705613466,own weekday,Presidents' Day
PSCO,2016-05-30,Memorial Day,Mon,4.630364789526373,3.993731681747206,3.6747525915879717,Sunday,Memorial Day
PSCO,2016-07-04,Independence Day,Mon,8.373938190840901,7.630098275621015,4.478140977296889,Sunday,Independence Day
PSCO,2016-09-05,Labor Day,Mon,5.331660470553513,3.6584441591179027,2.07155428969741,Sunday,Labor Day
PSCO,2016-10-10,Columbus Day,Mon,1.9472569815257943,4.714004842309723,6.395808379650404,own weekday,Columbus Day
PSCO,2016-11-11,Veterans Day,Fri,2.9831938980370483,3.8905256849704166,5.022556759585781,own weekday,Veterans Day
PSCO,2016-11-24,Thanksgiving,Thu,5.95730152226798,4.851092195112969,6.739683323005143,Saturday,Thanksgiving
PSCO,2016-11-25,Day after Thanksgiving,Fri,5.729028274775111,4.083469328013851,5.268902339869594,Saturday,Day after Thanksgiving
PSCO,2016-12-24,Christmas Eve,Sat,1.3621386916463583,1.3621386916463583,3.8498386029141267,Saturday,Christmas Eve
PSCO,2016-12-25,Christmas Day,Sun,2.186942651097143,2.7015043813218647,2.186942651097143,Sunday,Christmas Day
PSCO,2016-12-26,Christmas Day (observed),Mon,5.810016603887439,2.9333952895634536,1.9838587514407164,Sunday,Christmas Day
PSCO,2016-12-31,New Year's Eve,Sat,1.7618835268801505,1.7618835268801505,2.353112202977827,Saturday,New Year's Eve
PSCO,2017-01-01,New Year's Day,Sun,3.8006511824499842,2.39049062492965,3.8006511824499842,Saturday,New Year's Day
PSCO,2017-01-02,New Year's Day (observed),Mon,4.176086403829586,3.5272537884614144,1.356622631653366,Sunday,New Year's Day
PSCO,2017-01-16,MLK Day,Mon,2.2077932576600645,4.951251914044507,5.243426651571911,own weekday,MLK Day
PSCO,2017-02-05,Super Bowl Sunday,Sun,1.4284583968994125,1.2903559841366918,1.4284583968994125,Saturday,Super Bowl Sunday
PSCO,2017-02-20,Presidents' Day,Mon,0.9923123335655136,3.6425667132719655,3.4636508653175615,own weekday,Presidents' Day
PSCO,2017-05-29,Memorial Day,Mon,4.032109757917103,3.278432609233381,3.558402447966276,Saturday,Memorial Day
PSCO,2017-07-04,Independence Day,Tue,5.986011710334998,7.341027063128112,7.325003039623819,own weekday,Independence Day
PSCO,2017-09-04,Labor Day,Mon,4.214026645306633,3.271041287320993,2.6530350403639975,Sunday,Labor Day
PSCO,2017-10-09,Columbus Day,Mon,6.142871178460356,6.130715863036342,7.947852629554047,Saturday,Columbus Day
PSCO,2017-11-10,Veterans Day (observed),Fri,4.036331170803798,3.4998325803454104,4.597119855576359,Saturday,Veterans Day
PSCO,2017-11-11,Veterans Day,Sat,2.778486445676651,2.778486445676651,3.673935700435435,Saturday,Veterans Day
PSCO,2017-11-23,Thanksgiving,Thu,4.436341917449679,3.750188714242645,3.972362182763279,Saturday,Thanksgiving
PSCO,2017-11-24,Day after Thanksgiving,Fri,3.0471242338432165,2.0257346060239976,2.486487951438583,Saturday,Day after Thanksgiving
PSCO,2017-12-24,Christmas Eve,Sun,2.927733959342794,1.6913476013387445,2.927733959342794,Saturday,Christmas Eve
PSCO,2017-12-25,Christmas Day,Mon,5.530189996228766,1.2359659785825734,3.205868876780973,Saturday,Christmas Day
PSCO,2017-12-31,New Year's Eve,Sun,2.1383065586502754,3.2663909688211,2.1383065586502754,Sunday,New Year's Eve
PSCO,2018-01-01,New Year's Day,Mon,5.122580325714118,1.7687752910054355,2.065647796740544,Saturday,New Year's Day
PSCO,2018-01-15,MLK Day,Mon,4.252153476875071,6.732377817324083,6.034799989054771,own weekday,MLK Day
PSCO,2018-02-04,Super Bowl Sunday,Sun,5.466112679993341,5.106758240607362,5.466112679993341,Saturday,Super Bowl Sunday
PSCO,2018-02-19,Presidents' Day,Mon,6.247954027271807,7.680513160422688,7.691607494259607,own weekday,Presidents' Day
PSCO,2018-05-28,Memorial Day,Mon,3.8538124210602644,3.4584610996431153,3.5585370064194524,Saturday,Memorial Day
PSCO,2018-07-04,Independence Day,Wed,5.174470553749687,5.593198827320623,7.27006512828256,own weekday,Independence Day
PSCO,2018-09-03,Labor Day,Mon,4.473048141584545,3.669837553480367,1.8937475777998463,Sunday,Labor Day
PSCO,2018-10-08,Columbus Day,Mon,8.19554367087111,6.7965246460075015,8.307788923363159,Saturday,Columbus Day
PSCO,2018-11-11,Veterans Day,Sun,2.332103318230661,3.9579851756145796,2.332103318230661,Sunday,Veterans Day
PSCO,2018-11-12,Veterans Day (observed),Mon,3.070387626232377,2.590701354600405,3.3997251484428843,Saturday,Veterans Day
PSCO,2018-11-22,Thanksgiving,Thu,5.015192609103691,4.486510348490698,6.268926147777195,Saturday,Thanksgiving
PSCO,2018-11-23,Day after Thanksgiving,Fri,2.8498974153296883,1.8721700910965564,2.6128274000459557,Saturday,Day after Thanksgiving
PSCO,2018-12-24,Christmas Eve,Mon,2.6860545938000984,2.08595827746676,3.051390902428469,Saturday,Christmas Eve
PSCO,2018-12-25,Christmas Day,Tue,3.250788480352492,2.706668780119119,2.399772757144519,Sunday,Christmas Day
PSCO,2018-12-31,New Year's Eve,Mon,5.401454299629546,6.020177611289105,7.4370081849075165,own weekday,New Year's Eve
PSCO,2019-01-01,New Year's Day,Tue,3.013868444309386,1.4682220164833741,1.6162769576667042,Saturday,New Year's Day
PSCO,2019-01-21,MLK Day,Mon,1.731504276533557,2.959704336741005,3.497511044203809,own weekday,MLK Day
PSCO,2019-02-03,Super Bowl Sunday,Sun,2.587324231495208,3.232415681950857,2.587324231495208,Sunday,Super Bowl Sunday
PSCO,2019-02-18,Presidents' Day,Mon,1.9162632331553746,4.489901543119117,4.638610105962293,own weekday,Presidents' Day
PSCO,2019-05-27,Memorial Day,Mon,4.061608962113616,3.956223666968249,2.6111992105393385,Sunday,Memorial Day
PSCO,2019-07-04,Independence Day,Thu,4.610928226939646,5.924651041912496,6.51207916685946,own weekday,Independence Day
PSCO,2019-09-02,Labor Day,Mon,5.570570537749857,7.332318336939039,4.4515325762650875,Sunday,Labor Day
PSCO,2019-10-14,Columbus Day,Mon,5.657573551790965,5.551308066628939,7.065394541082291,Saturday,Columbus Day
PSCO,2019-11-11,Veterans Day,Mon,1.9774083706261592,4.732963261662084,4.45584275340285,own weekday,Veterans Day
PSCO,2019-11-28,Thanksgiving,Thu,5.13592934622422,3.3351198399392876,6.242866044497188,Saturday,Thanksgiving
PSCO,2019-11-29,Day after Thanksgiving,Fri,2.5584419519693253,3.3067763448898377,2.8780531921402077,own weekday,Day after Thanksgiving
PSCO,2019-12-24,Christmas Eve,Tue,2.4846239938503216,2.853326627377167,4.154736080345045,own weekday,Christmas Eve
PSCO,2019-12-25,Christmas Day,Wed,2.6141429684068647,1.027211117123771,1.764179097216331,Saturday,Christmas Day
PSCO,2019-12-31,New Year's Eve,Tue,2.7186811327332108,2.6997480103165796,4.15609233073443,Saturday,New Year's Eve
PSCO,2020-01-01,New Year's Day,Wed,3.5334296724955006,2.218549146552331,2.335402832635567,Saturday,New Year's Day
PSCO,2020-01-20,MLK Day,Mon,1.692660376571053,2.102833684034115,2.9621474650979884,own weekday,MLK Day
PSCO,2020-02-02,Super Bowl Sunday,Sun,2.055435904334628,1.5769332392871438,2.055435904334628,Saturday,Super Bowl Sunday
PSCO,2020-02-17,Presidents' Day,Mon,1.8438285055022592,3.6981047790115484,2.5378041428091733,own weekday,Presidents' Day
PSCO,2020-05-25,Memorial Day,Mon,4.285009008009449,1.796732183438823,1.1026056434078015,Sunday,Memorial Day
PSCO,2020-07-03,Independence Day (observed),Fri,4.6218682260033,5.791840998456849,4.381881104082607,Sunday,Independence Day
PSCO,2020-07-04,Independence Day,Sat,6.773532068877898,6.773532068877898,6.2326246806874455,Sunday,Independence Day
PSCO,2020-09-07,Labor Day,Mon,6.584779153869164,5.579204604748974,5.791415025925093,Saturday,Labor Day
PSCO,2020-10-12,Columbus Day,Mon,6.534459448960214,5.180874280813005,7.300805214558231,Saturday,Columbus Day
PSCO,2020-11-11,Veterans Day,Wed,6.5898029621776715,4.216984306597687,5.791883632569303,Saturday,Veterans Day
PSCO,2020-11-26,Thanksgiving,Thu,4.659563085017591,4.149529680636203,5.663394761245803,Saturday,Thanksgiving
PSCO,2020-11-27,Day after Thanksgiving,Fri,4.104670217994491,2.4282786944646393,3.41678123502401,Saturday,Day after Thanksgiving
PSCO,2020-12-24,Christmas Eve,Thu,6.037428713729451,5.290638763264367,6.758122923778371,Saturday,Christmas Eve
PSCO,2020-12-25,Christmas Day,Fri,5.3675820585661995,2.831357581128023,3.4511947735040716,Saturday,Christmas Day
PSCO,2020-12-31,New Year's Eve,Thu,2.3933853555784164,1.3211259277125453,2.7017769528431175,Saturday,New Year's Eve
PSCO,2021-01-01,New Year's Day,Fri,4.668110512160202,1.5794703696029508,2.507707236104537,Saturday,New Year's Day
PSCO,2021-01-18,MLK Day,Mon,3.2272072759922588,4.3666858696920725,4.216769995077068,own weekday,MLK Day
PSCO,2021-02-07,Super Bowl Sunday,Sun,2.4219002418700413,1.85912338464682,2.4219002418700413,Saturday,Super Bowl Sunday
PSCO,2021-02-15,Presidents' Day,Mon,2.850565625471528,2.792516806821387,3.7323040323629653,Saturday,Presidents' Day
PSCO,2021-05-31,Memorial Day,Mon,3.677386669222576,1.9255742246930958,2.2351014584801834,Saturday,Memorial Day
PSCO,2021-06-18,Juneteenth (observed),Fri,6.722588959187843,8.874236637107792,8.442586714029126,own weekday,Juneteenth
PSCO,2021-06-19,Juneteenth,Sat,5.104129969565443,5.104129969565443,4.887865239681093,Sunday,Juneteenth
PSCO,2021-07-04,Independence Day,Sun,7.199388939730795,8.669370164507658,7.199388939730795,Sunday,Independence Day
PSCO,2021-07-05,Independence Day (observed),Mon,7.286620649445781,9.683585403430286,7.844063686504761,own weekday,Independence Day
PSCO,2021-09-06,Labor Day,Mon,3.603989474569274,7.826765761136426,3.9307431585623576,own weekday,Labor Day
PSCO,2021-10-11,Columbus Day,Mon,9.022300094561109,7.268084314523886,8.581771846385788,Saturday,Columbus Day
PSCO,2021-11-11,Veterans Day,Thu,2.7865688416872465,2.5926522602712967,3.9377162703730617,Saturday,Veterans Day
PSCO,2021-11-25,Thanksgiving,Thu,4.4586553680252194,4.668697403103911,6.697731560379161,own weekday,Thanksgiving
PSCO,2021-11-26,Day after Thanksgiving,Fri,3.3632684845268925,2.2944951816632324,3.1993127075430663,Saturday,Day after Thanksgiving
PSCO,2021-12-24,Christmas Eve,Fri,3.23705469443258,3.2784525386654906,3.555711593136678,own weekday,Christmas Eve
PSCO,2021-12-25,Christmas Day,Sat,2.394616860370914,2.394616860370914,2.6634948148954742,Saturday,Christmas Day
PSCO,2021-12-31,New Year's Day (observed),Fri,3.338081407155058,3.4732594348530275,3.0201765209176634,Sunday,New Year's Day
PSCO,2022-01-01,New Year's Day,Sat,3.971614419408747,3.971614419408747,3.625999395347713,Sunday,New Year's Day
PSCO,2022-01-17,MLK Day,Mon,1.8586061005579833,2.2522661472496686,2.9487108914100757,own weekday,MLK Day
PSCO,2022-02-13,Super Bowl Sunday,Sun,2.6256959063389216,1.583071511075088,2.6256959063389216,Saturday,Super Bowl Sunday
PSCO,2022-02-21,Presidents' Day,Mon,7.691334685472757,8.998995171297542,7.289672739978532,Sunday,Presidents' Day
PSCO,2022-05-30,Memorial Day,Mon,4.172013558219289,2.1342803701267377,1.3825075563884175,Sunday,Memorial Day
PSCO,2022-06-19,Juneteenth,Sun,5.722413431193242,2.4945977326790048,5.722413431193242,Saturday,Juneteenth
PSCO,2022-06-20,Juneteenth (observed),Mon,6.246970647226967,4.489103759846689,7.188211206568395,Saturday,Juneteenth
PSCO,2022-07-04,Independence Day,Mon,6.45951070645917,7.404251202318231,8.182875142444782,own weekday,Independence Day
PSCO,2022-09-05,Labor Day,Mon,5.611518437254509,7.494623892940173,6.893320236020988,own weekday,Labor Day
PSCO,2022-10-10,Columbus Day,Mon,6.782983983039783,4.666769003159227,5.651848388370804,Saturday,Columbus Day
PSCO,2022-11-11,Veterans Day,Fri,4.504831637292267,3.9891293969239023,5.367020210923259,Saturday,Veterans Day
PSCO,2022-11-24,Thanksgiving,Thu,6.110527954038171,3.7923110769096677,5.606002482717109,Saturday,Thanksgiving
PSCO,2022-11-25,Day after Thanksgiving,Fri,6.4131550980411705,3.029875621009725,5.753573824429221,Saturday,Day after Thanksgiving
PSCO,2022-12-24,Christmas Eve,Sat,3.5188133036415743,3.5188133036415743,5.118402324673857,Saturday,Christmas Eve
PSCO,2022-12-25,Christmas Day,Sun,3.2101801508685663,2.506303141303712,3.2101801508685663,Saturday,Christmas Day
PSCO,2022-12-26,Christmas Day (observed),Mon,2.6444064861003045,3.163536235974631,2.0243028825546827,Sunday,Christmas Day
PSCO,2022-12-31,New Year's Eve,Sat,1.5973562160866674,1.5973562160866674,1.8321091445334103,Saturday,New Year's Eve
PSCO,2023-01-01,New Year's Day,Sun,2.2864742530582993,3.537435614891916,2.2864742530582993,Sunday,New Year's Day
PSCO,2023-01-02,New Year's Day (observed),Mon,4.299648358917197,7.708599457526569,6.516253610040983,own weekday,New Year's Day
PSCO,2023-01-16,MLK Day,Mon,1.4663573361896374,3.0812185803604577,3.1398400776196627,own weekday,MLK Day
PSCO,2023-02-12,Super Bowl Sunday,Sun,1.822406115532519,1.5133080867459887,1.822406115532519,Saturday,Super Bowl Sunday
PSCO,2023-02-20,Presidents' Day,Mon,1.9860641945589543,3.174535926675301,3.331742761717039,own weekday,Presidents' Day
PSCO,2023-05-29,Memorial Day,Mon,8.973040050909226,9.329646583605028,9.357866343498335,own weekday,Memorial Day
PSCO,2023-06-19,Juneteenth,Mon,12.909474017288808,15.313799234579168,13.020427647242938,own weekday,Juneteenth
PSCO,2023-07-04,Independence Day,Tue,4.669932759075667,6.35119622965201,5.764485975013436,own weekday,Independence Day
PSCO,2023-09-04,Labor Day,Mon,3.2976363035236917,3.950926364472293,3.174070395197787,Sunday,Labor Day
PSCO,2023-10-09,Columbus Day,Mon,2.741122330211439,4.415684465457362,4.197443258573436,own weekday,Columbus Day
PSCO,2023-11-10,Veterans Day (observed),Fri,6.982311000584208,8.336698759394991,9.597094546915331,own weekday,Veterans Day
PSCO,2023-11-11,Veterans Day,Sat,6.731086099500754,6.731086099500754,8.159409500250227,Saturday,Veterans Day
PSCO,2023-11-23,Thanksgiving,Thu,5.904281741349114,4.864941621558602,5.028567400607669,Saturday,Thanksgiving
PSCO,2023-11-24,Day after Thanksgiving,Fri,4.322510274338848,2.833561175609324,2.494473933445,Sunday,Day after Thanksgiving
PSCO,2023-12-24,Christmas Eve,Sun,5.246220439546823,4.438652322859419,5.246220439546823,Saturday,Christmas Eve
PSCO,2023-12-25,Christmas Day,Mon,4.245092114446637,1.3644557442167426,1.7749638699127792,Saturday,Christmas Day
PSCO,2023-12-31,New Year's Eve,Sun,4.5235311308051065,3.2076592904742247,4.5235311308051065,Saturday,New Year's Eve
PSCO,2024-01-01,New Year's Day,Mon,7.343754756345573,4.73689481195052,4.907125594655126,Saturday,New Year's Day
PSCO,2024-01-15,MLK Day,Mon,4.141507946404219,6.43504751932472,5.256211846418393,own weekday,MLK Day
PSCO,2024-02-11,Super Bowl Sunday,Sun,3.381980356330777,4.1316374591249,3.381980356330777,Sunday,Super Bowl Sunday
PSCO,2024-02-19,Presidents' Day,Mon,5.415600460119946,3.1005851940893283,4.271936169396787,Saturday,Presidents' Day
PSCO,2024-05-27,Memorial Day,Mon,8.521742981189238,8.500085706093953,7.896739214278578,Sunday,Memorial Day
PSCO,2024-06-19,Juneteenth,Wed,5.418291367786632,4.236008021214783,4.081416830797532,Sunday,Juneteenth
PSCO,2024-07-04,Independence Day,Thu,5.303178460133215,2.972051043202173,4.344792480632543,Saturday,Independence Day
PSCO,2024-09-02,Labor Day,Mon,6.751118111066591,4.382895446598723,5.693463915570609,Saturday,Labor Day
PSCO,2024-10-14,Columbus Day,Mon,14.563582239815535,16.141766263513414,16.765586761710118,own weekday,Columbus Day
PSCO,2024-11-11,Veterans Day,Mon,6.789816483155479,4.610196751113857,4.848203041267056,Saturday,Veterans Day
PSCO,2024-11-28,Thanksgiving,Thu,4.572342199951166,6.141497651520482,8.482944884226495,own weekday,Thanksgiving
PSCO,2024-11-29,Day after Thanksgiving,Fri,7.347721058199909,5.588451821873209,7.4927023091091085,Saturday,Day after Thanksgiving
PSCO,2024-12-24,Christmas Eve,Tue,3.854393498041633,1.6224329996485054,2.9743484186838836,Saturday,Christmas Eve
PSCO,2024-12-25,Christmas Day,Wed,5.959114362642412,4.281806155924118,5.89184957476907,Saturday,Christmas Day
PSCO,2024-12-31,New Year's Eve,Tue,3.251556868868556,2.3518475611585,3.7757513354183647,Saturday,New Year's Eve
PSCO,2025-01-01,New Year's Day,Wed,2.6316817928455554,3.736925519227414,4.350491271560361,own weekday,New Year's Day
PSCO,2025-01-20,MLK Day,Mon,3.3373695354686075,3.319632997929075,3.4415304156126267,Saturday,MLK Day
PSCO,2025-02-09,Super Bowl Sunday,Sun,3.4565753923113904,2.924804320937828,3.4565753923113904,Saturday,Super Bowl Sunday
PSCO,2025-02-17,Presidents' Day,Mon,4.880412037320975,3.559793759446128,4.633547486349374,Saturday,Presidents' Day
PSCO,2025-05-26,Memorial Day,Mon,3.6814586407457024,2.9872919083533285,3.442306412226933,Saturday,Memorial Day
PSCO,2025-06-19,Juneteenth,Thu,11.955093076649312,7.293760448549598,8.316594035722176,Saturday,Juneteenth
PSCO,2025-07-04,Independence Day,Fri,4.5715591227952315,4.672577268081319,3.054200854106339,Sunday,Independence Day
PSCO,2025-09-01,Labor Day,Mon,3.23410209932881,3.6641080441395366,3.680052019368333,own weekday,Labor Day
PSCO,2025-10-13,Columbus Day,Mon,5.412674928366372,5.611426216758756,7.258245745730063,own weekday,Columbus Day
PSCO,2025-11-11,Veterans Day,Tue,7.384471421253854,8.538524573697126,10.731311084347283,own weekday,Veterans Day
PSCO,2025-11-27,Thanksgiving,Thu,4.666073844627648,2.788023320181798,4.3414446128519995,Saturday,Thanksgiving
PSCO,2025-11-28,Day after Thanksgiving,Fri,6.210701303883191,4.248963688700936,4.643557897461537,Saturday,Day after Thanksgiving
PSCO,2025-12-24,Christmas Eve,Wed,2.6205754497617684,2.521091178344986,2.9048677064206543,Saturday,Christmas Eve
PSCO,2025-12-25,Christmas Day,Thu,3.961621187417008,2.6757112458425296,3.4508353111496572,Saturday,Christmas Day
PSCO,2025-12-31,New Year's Eve,Wed,4.7400492434091746,4.245371198941639,4.084429600063376,Sunday,New Year's Eve
PSCO,2026-01-01,New Year's Day,Thu,4.962062417682536,4.022254819795398,3.4386192927527515,Sunday,New Year's Day
PSCO,2026-01-19,MLK Day,Mon,5.4396992861885725,4.446818863597534,5.241160384953802,Saturday,MLK Day
PSCO,2026-02-08,Super Bowl Sunday,Sun,4.607368520615871,4.775774892610946,4.607368520615871,Sunday,Super Bowl Sunday
PSCO,2026-02-16,Presidents' Day,Mon,4.761563509947759,5.422809558368683,4.243881336535355,Sunday,Presidents' Day
PSCO,2026-05-25,Memorial Day,Mon,6.810744297596237,10.792769227741465,6.916241624246715,own weekday,Memorial Day
PSCO,2026-06-19,Juneteenth,Fri,3.087786943792258,3.485842412745207,3.6569555455848217,own weekday,Juneteenth
PSEI,2015-09-07,Labor Day,Mon,4.005972903108168,2.576874308136658,4.937508300655948,Saturday,Labor Day
PSEI,2015-10-12,Columbus Day,Mon,2.145251784291048,4.6356922658176725,4.702695254227182,own weekday,Columbus Day
PSEI,2015-11-11,Veterans Day,Wed,5.421435912258518,7.131568785676009,6.182806156329771,own weekday,Veterans Day
PSEI,2015-11-26,Thanksgiving,Thu,6.645126854187923,7.3221310827122075,8.679089241637934,own weekday,Thanksgiving
PSEI,2015-11-27,Day after Thanksgiving,Fri,4.857061944710752,5.813163450683873,6.990258859969295,own weekday,Day after Thanksgiving
PSEI,2015-12-24,Christmas Eve,Thu,3.4244841938204145,2.8071050503572588,3.2043356478240934,Saturday,Christmas Eve
PSEI,2015-12-25,Christmas Day,Fri,4.609147240251602,3.2244756543505977,3.530049076607044,Saturday,Christmas Day
PSEI,2015-12-31,New Year's Eve,Thu,5.124920196590724,5.438600087192952,6.20909719393808,own weekday,New Year's Eve
PSEI,2016-01-01,New Year's Day,Fri,4.289194014306166,4.541934835789132,5.448058688074146,own weekday,New Year's Day
PSEI,2016-01-18,MLK Day,Mon,1.3783332183842125,4.233396184974547,3.4368296521169954,own weekday,MLK Day
PSEI,2016-02-07,Super Bowl Sunday,Sun,4.663141316408225,2.5929266439873966,4.663141316408225,Saturday,Super Bowl Sunday
PSEI,2016-02-15,Presidents' Day,Mon,3.637230424265924,3.720723943316477,2.4972647568232498,Sunday,Presidents' Day
PSEI,2016-05-30,Memorial Day,Mon,4.5948041648614515,2.4948629964968827,1.6214252642577076,Sunday,Memorial Day
PSEI,2016-07-04,Independence Day,Mon,6.002516703443914,3.3804509089748005,4.003017329950465,Saturday,Independence Day
PSEI,2016-09-05,Labor Day,Mon,3.5873642072747756,1.9693927386276795,2.4213786757007294,Saturday,Labor Day
PSEI,2016-10-10,Columbus Day,Mon,3.8127815912798297,4.988406182647984,5.433359390062342,own weekday,Columbus Day
PSEI,2016-11-11,Veterans Day,Fri,1.91651603053551,2.992562235128526,3.5189403078947454,own weekday,Veterans Day
PSEI,2016-11-24,Thanksgiving,Thu,7.244993716843916,5.03835817201084,5.888965614801214,Saturday,Thanksgiving
PSEI,2016-11-25,Day after Thanksgiving,Fri,4.937622327584932,4.632342521333268,4.811874185779155,Saturday,Day after Thanksgiving
PSEI,2016-12-24,Christmas Eve,Sat,1.6744326393193947,1.6744326393193947,3.541763868491911,Saturday,Christmas Eve
PSEI,2016-12-25,Christmas Day,Sun,4.3772464059442235,2.525749721674679,4.3772464059442235,Saturday,Christmas Day
PSEI,2016-12-26,Christmas Day (observed),Mon,3.468485418472319,2.1273174096986414,3.1409034114446523,Saturday,Christmas Day
PSEI,2016-12-31,New Year's Eve,Sat,1.838834570278985,1.838834570278985,3.1867903764127257,Saturday,New Year's Eve
PSEI,2017-01-01,New Year's Day,Sun,2.308257429432665,2.06072459747303,2.308257429432665,Saturday,New Year's Day
PSEI,2017-01-02,New Year's Day (observed),Mon,3.0152992317715266,1.5852908969605461,2.178389565798156,Saturday,New Year's Day
PSEI,2017-01-16,MLK Day,Mon,3.711339125843867,2.886129596937455,4.701206683520662,Saturday,MLK Day
PSEI,2017-02-05,Super Bowl Sunday,Sun,4.536628030424991,7.190226359675414,4.536628030424991,Sunday,Super Bowl Sunday
PSEI,2017-02-20,Presidents' Day,Mon,1.585828753372712,2.3749153152602402,2.1317314382779973,own weekday,Presidents' Day
PSEI,2017-05-29,Memorial Day,Mon,10.620180292827486,9.06152095959352,6.519997596833129,Sunday,Memorial Day
PSEI,2017-07-04,Independence Day,Tue,5.808662841741723,4.541763090938127,4.767109121978749,Saturday,Independence Day
PSEI,2017-09-04,Labor Day,Mon,2.7532218355019302,1.9113206811466086,1.3684433490591836,Sunday,Labor Day
PSEI,2017-10-09,Columbus Day,Mon,4.865708047955102,6.7239491503503155,7.676056557090365,own weekday,Columbus Day
PSEI,2017-11-10,Veterans Day (observed),Fri,2.227498779457694,3.3260370628884783,4.415049079954537,own weekday,Veterans Day
PSEI,2017-11-11,Veterans Day,Sat,2.7704327466284067,2.7704327466284067,4.305078204617672,Saturday,Veterans Day
PSEI,2017-11-23,Thanksgiving,Thu,6.9696300231741,4.166788995874501,4.183203921360748,Saturday,Thanksgiving
PSEI,2017-11-24,Day after Thanksgiving,Fri,4.410266932350094,3.4744274020409707,3.2565641475683296,Sunday,Day after Thanksgiving
PSEI,2017-12-24,Christmas Eve,Sun,4.566709565702364,2.5663912035682164,4.566709565702364,Saturday,Christmas Eve
PSEI,2017-12-25,Christmas Day,Mon,5.035971417172111,2.192111525924791,4.012910364469093,Saturday,Christmas Day
PSEI,2017-12-31,New Year's Eve,Sun,2.380617130817806,2.5998723341623493,2.380617130817806,Sunday,New Year's Eve
PSEI,2018-01-01,New Year's Day,Mon,4.412357860260893,2.4882119909789613,1.9102924513702688,Sunday,New Year's Day
PSEI,2018-01-15,MLK Day,Mon,2.873538211051692,2.6193792402014555,4.031294793988542,Saturday,MLK Day
PSEI,2018-02-04,Super Bowl Sunday,Sun,4.019838723127866,5.00213705263719,4.019838723127866,Sunday,Super Bowl Sunday
PSEI,2018-02-19,Presidents' Day,Mon,3.4690632002477435,2.7714479748818546,3.532031991726181,Saturday,Presidents' Day
PSEI,2018-05-28,Memorial Day,Mon,6.656597006495163,2.651918304300958,2.428562915161396,Sunday,Memorial Day
PSEI,2019-01-21,MLK Day,Mon,2.222909523367848,2.9656378601005824,3.346025992716411,own weekday,MLK Day
PSEI,2019-02-03,Super Bowl Sunday,Sun,3.5410719653924,4.970243165327527,3.5410719653924,Sunday,Super Bowl Sunday
PSEI,2019-02-18,Presidents' Day,Mon,2.5392218035737946,2.692410254271575,3.899855419541096,own weekday,Presidents' Day
PSEI,2019-05-27,Memorial Day,Mon,6.964708238764203,4.926129637736398,4.564654254587161,Sunday,Memorial Day
PSEI,2019-07-04,Independence Day,Thu,3.8000657417114376,2.1374899822477,3.538587689892534,Saturday,Independence Day
PSEI,2019-09-02,Labor Day,Mon,3.2888738192704556,3.2259447104707637,1.6706043606519314,Sunday,Labor Day
PSEI,2019-10-14,Columbus Day,Mon,3.937140646033019,6.812980990247651,6.519473121202765,own weekday,Columbus Day
PSEI,2019-11-11,Veterans Day,Mon,1.4629631849602274,3.5266170119355613,3.2138319561296416,own weekday,Veterans Day
PSEI,2019-11-28,Thanksgiving,Thu,4.748140101755352,3.0599924231373383,5.535367497308824,Saturday,Thanksgiving
PSEI,2019-11-29,Day after Thanksgiving,Fri,4.241057668116496,5.67785532685186,7.485648388211617,own weekday,Day after Thanksgiving
PSEI,2019-12-24,Christmas Eve,Tue,4.430348024611175,3.2348830772686283,4.142781604853941,Saturday,Christmas Eve
PSEI,2019-12-25,Christmas Day,Wed,3.398884288079245,2.645262086079252,3.700150072441904,Saturday,Christmas Day
PSEI,2021-02-07,Super Bowl Sunday,Sun,2.0380190253706623,1.6483381929224443,2.0380190253706623,Saturday,Super Bowl Sunday
PSEI,2021-02-15,Presidents' Day,Mon,2.9349295258071524,2.2430390134115754,3.890161482823761,Saturday,Presidents' Day
PSEI,2021-05-31,Memorial Day,Mon,8.566277750726217,7.1883827331427135,6.050126472815866,Sunday,Memorial Day
PSEI,2021-06-18,Juneteenth (observed),Fri,4.586656798038969,4.254343178828649,3.8026201848689487,Sunday,Juneteenth
PSEI,2021-06-19,Juneteenth,Sat,4.799595795708477,4.799595795708477,2.921892833187798,Sunday,Juneteenth
PSEI,2021-07-04,Independence Day,Sun,3.8383270814504997,5.241188609399504,3.8383270814504997,Sunday,Independence Day
PSEI,2021-07-05,Independence Day (observed),Mon,7.971877573184232,5.28200336431953,2.9791773065024474,Sunday,Independence Day
PSEI,2021-09-06,Labor Day,Mon,2.18133044340761,3.5417205487100603,1.916773734349562,Sunday,Labor Day
PSEI,2021-10-11,Columbus Day,Mon,3.9089397967212607,6.335576196027351,6.754884714505457,own weekday,Columbus Day
PSEI,2021-11-11,Veterans Day,Thu,3.086333514453225,4.454456867942044,5.402624312849563,own weekday,Veterans Day
PSEI,2021-11-25,Thanksgiving,Thu,5.2130651393206575,4.655286762284206,6.188027965660113,Saturday,Thanksgiving
PSEI,2021-11-26,Day after Thanksgiving,Fri,2.873432475292251,1.7053495984898182,2.931512941785956,Saturday,Day after Thanksgiving
PSEI,2021-12-24,Christmas Eve,Fri,3.16270642556714,1.8238890938198606,2.9269073495854214,Saturday,Christmas Eve
PSEI,2021-12-25,Christmas Day,Sat,1.2328071059513475,1.2328071059513475,2.061078955352327,Saturday,Christmas Day
PSEI,2021-12-31,New Year's Day (observed),Fri,4.139134933034069,2.880631639242193,3.520552074000053,Saturday,New Year's Day
PSEI,2022-01-01,New Year's Day,Sat,6.201122380226796,6.201122380226796,6.968726812948033,Saturday,New Year's Day
PSEI,2022-01-17,MLK Day,Mon,1.2128327738589963,3.0752518526479333,3.686301622985904,own weekday,MLK Day
PSEI,2022-02-13,Super Bowl Sunday,Sun,8.914472583567575,6.529965900997629,8.914472583567575,Saturday,Super Bowl Sunday
PSEI,2022-02-21,Presidents' Day,Mon,3.0668321327337376,2.5350035664968953,3.51906107152766,Saturday,Presidents' Day
PSEI,2022-05-30,Memorial Day,Mon,3.3069564686299353,2.7557020223706075,1.6925521431015909,Sunday,Memorial Day
PSEI,2022-06-19,Juneteenth,Sun,1.0816932360592648,1.5701613399557797,1.0816932360592648,Sunday,Juneteenth
PSEI,2022-06-20,Juneteenth (observed),Mon,1.9440607891394739,3.892029437776131,3.4400883358454744,own weekday,Juneteenth
PSEI,2022-07-04,Independence Day,Mon,4.693046351710734,1.7025028760201535,2.2394119838518582,Saturday,Independence Day
PSEI,2022-09-05,Labor Day,Mon,3.627865730426251,3.106536236496245,3.1299208561083827,Saturday,Labor Day
PSEI,2022-10-10,Columbus Day,Mon,3.399998829478459,4.829174820679616,6.024721154912696,own weekday,Columbus Day
PSEI,2022-11-11,Veterans Day,Fri,5.176172845412886,5.4567550409709655,8.136320779670948,own weekday,Veterans Day
PSEI,2022-11-24,Thanksgiving,Thu,5.719761579525403,6.802729949452137,8.957816935570229,own weekday,Thanksgiving
PSEI,2022-11-25,Day after Thanksgiving,Fri,3.658431630340677,2.792276615044887,2.4451238970425404,Sunday,Day after Thanksgiving
PSEI,2022-12-24,Christmas Eve,Sat,5.343208410175759,5.343208410175759,8.135902612108863,Saturday,Christmas Eve
PSEI,2022-12-25,Christmas Day,Sun,3.343427440670595,1.700852796264919,3.343427440670595,Saturday,Christmas Day
PSEI,2022-12-26,Christmas Day (observed),Mon,5.807178969817376,4.936563262182089,1.9088036289121653,Sunday,Christmas Day
PSEI,2022-12-31,New Year's Eve,Sat,2.0720987176404244,2.0720987176404244,1.566849263369653,Sunday,New Year's Eve
PSEI,2023-01-01,New Year's Day,Sun,2.5319127908794274,4.1942847135986,2.5319127908794274,Sunday,New Year's Day
PSEI,2023-01-02,New Year's Day (observed),Mon,2.686088331800005,1.9028611914324522,2.4181465047974577,Saturday,New Year's Day
PSEI,2023-01-16,MLK Day,Mon,2.143686011726448,3.1469748411580665,2.9457515802292695,own weekday,MLK Day
PSEI,2023-02-12,Super Bowl Sunday,Sun,6.803616538747521,4.7673322874259325,6.803616538747521,Saturday,Super Bowl Sunday
PSEI,2023-02-20,Presidents' Day,Mon,3.777847335212756,3.5803319729841445,3.16958600137311,Sunday,Presidents' Day
PSEI,2023-05-29,Memorial Day,Mon,5.365998690412512,2.8207355814522646,1.118587483237359,Sunday,Memorial Day
PSEI,2023-06-19,Juneteenth,Mon,1.7733084686439298,3.986603917146607,4.576809201267002,own weekday,Juneteenth
PSEI,2023-07-04,Independence Day,Tue,8.731785345674508,6.638013727220518,6.340332281219259,Sunday,Independence Day
PSEI,2023-09-04,Labor Day,Mon,2.356956951320308,4.751908764552152,5.355611821656694,own weekday,Labor Day
PSEI,2023-10-09,Columbus Day,Mon,1.2851196180564335,5.256486291555557,5.240203709147137,own weekday,Columbus Day
PSEI,2023-11-10,Veterans Day (observed),Fri,2.1018682725746847,3.775158197212286,5.055346458265719,own weekday,Veterans Day
PSEI,2023-11-11,Veterans Day,Sat,1.1763622590134197,1.1763622590134197,2.7398776362676394,Saturday,Veterans Day
PSEI,2023-11-23,Thanksgiving,Thu,4.228037182024294,3.7273279678605045,6.012905734850844,Saturday,Thanksgiving
PSEI,2023-11-24,Day after Thanksgiving,Fri,3.9099448086643362,4.689962498299483,6.275441846019484,own weekday,Day after Thanksgiving
PSEI,2023-12-24,Christmas Eve,Sun,3.6312885613788266,3.540947678283875,3.6312885613788266,Saturday,Christmas Eve
PSEI,2023-12-25,Christmas Day,Mon,5.097047318026149,3.9978426965789398,4.048429165691503,Saturday,Christmas Day
PSEI,2023-12-31,New Year's Eve,Sun,2.2023921902811416,3.7431307778109617,2.2023921902811416,Sunday,New Year's Eve
PSEI,2024-01-01,New Year's Day,Mon,2.949821766285382,2.4538159208661914,0.9854775281680257,Sunday,New Year's Day
PSEI,2024-01-15,MLK Day,Mon,4.839558109520023,4.89968076863721,3.9526926831293814,Sunday,MLK Day
PSEI,2024-02-11,Super Bowl Sunday,Sun,2.485388794641553,2.3365420913721042,2.485388794641553,Saturday,Super Bowl Sunday
PSEI,2024-02-19,Presidents' Day,Mon,1.536031697698951,3.176352193119889,3.042087991842182,own weekday,Presidents' Day
PSEI,2024-05-27,Memorial Day,Mon,4.781600875873173,1.6027190728950405,1.2841314535937918,Sunday,Memorial Day
PSEI,2024-06-19,Juneteenth,Wed,6.316537235154374,3.776942866333789,2.697749942968858,Sunday,Juneteenth
PSEI,2024-07-04,Independence Day,Thu,7.4777350075523605,4.6568405187203235,3.384212802489428,Sunday,Independence Day
PSEI,2024-09-02,Labor Day,Mon,2.9127128214767573,4.1701391319731895,3.0558725166576632,own weekday,Labor Day
PSEI,2024-10-14,Columbus Day,Mon,1.7645022712193454,4.546540294036528,4.908848508098164,own weekday,Columbus Day
PSEI,2024-11-11,Veterans Day,Mon,3.9701752567550272,4.965205732448604,4.395299853538571,own weekday,Veterans Day
PSEI,2024-11-28,Thanksgiving,Thu,4.808582583702219,3.683069631437811,6.034461569142442,Saturday,Thanksgiving
PSEI,2024-11-29,Day after Thanksgiving,Fri,3.0530932254020327,1.9924255260022081,3.937835539286162,Saturday,Day after Thanksgiving
PSEI,2024-12-24,Christmas Eve,Tue,3.419090123480759,1.5093698891644745,2.4839184341672285,Saturday,Christmas Eve
PSEI,2024-12-25,Christmas Day,Wed,3.9870169326497837,2.1879153188920104,3.15336532012163,Saturday,Christmas Day
PSEI,2024-12-31,New Year's Eve,Tue,2.1799963860720717,3.2375118202219033,3.808610067381123,own weekday,New Year's Eve
PSEI,2025-01-01,New Year's Day,Wed,3.305616722568138,1.5157845496805558,2.1564834976219505,Saturday,New Year's Day
PSEI,2025-01-20,MLK Day,Mon,3.792554204704652,4.839702689189621,5.700007533979403,own weekday,MLK Day
PSEI,2025-02-09,Super Bowl Sunday,Sun,2.6441384583960503,1.7145415779920594,2.6441384583960503,Saturday,Super Bowl Sunday
PSEI,2025-02-17,Presidents' Day,Mon,1.3911792530465712,2.0306489675305217,2.438891420452096,own weekday,Presidents' Day
PSEI,2025-05-26,Memorial Day,Mon,7.013439965345042,4.762672576576624,4.19032534946108,Sunday,Memorial Day
PSEI,2025-06-19,Juneteenth,Thu,4.138954787778797,2.473917301356916,2.8795508976999,Saturday,Juneteenth
PSEI,2025-07-04,Independence Day,Fri,4.645215563855128,3.105986009731012,3.1900008922988348,Saturday,Independence Day
PSEI,2025-09-01,Labor Day,Mon,3.3806601585970215,2.3570146082657373,1.7034033891724132,Sunday,Labor Day
PSEI,2025-10-13,Columbus Day,Mon,5.948200146846739,7.18146918920894,7.881129308576744,own weekday,Columbus Day
PSEI,2025-11-11,Veterans Day,Tue,1.539212628283921,4.814449631873421,5.02349601795802,own weekday,Veterans Day
PSEI,2025-11-27,Thanksgiving,Thu,6.042219657691855,3.863784660701396,6.708474211811451,Saturday,Thanksgiving
PSEI,2025-11-28,Day after Thanksgiving,Fri,3.2619439592845736,3.32690373115275,3.0582586763684345,Sunday,Day after Thanksgiving
PSEI,2025-12-24,Christmas Eve,Wed,3.8381369566472374,2.9834228784394266,4.243267985697483,Saturday,Christmas Eve
PSEI,2025-12-25,Christmas Day,Thu,4.1470782449091645,3.357479598224867,4.611347362439038,Saturday,Christmas Day
PSEI,2025-12-31,New Year's Eve,Wed,2.9794439132359907,3.6665415377948976,4.327398403597487,own weekday,New Year's Eve
PSEI,2026-01-01,New Year's Day,Thu,5.165024566853775,3.9242329008487196,4.486066330582433,Saturday,New Year's Day
PSEI,2026-01-19,MLK Day,Mon,3.030754035201134,3.58460200822596,4.552447756311228,own weekday,MLK Day
PSEI,2026-02-08,Super Bowl Sunday,Sun,3.3731803433076792,3.3536342190557655,3.3731803433076792,Saturday,Super Bowl Sunday
PSEI,2026-02-16,Presidents' Day,Mon,1.685389029317041,2.569667092523401,2.283320433722194,own weekday,Presidents' Day
PSEI,2026-05-25,Memorial Day,Mon,7.223445809298859,7.945118181573278,6.162598310663008,Sunday,Memorial Day
PSEI,2026-06-19,Juneteenth,Fri,7.821151731476688,8.769037860371052,7.592111947542192,Sunday,Juneteenth
SC,2015-09-07,Labor Day,Mon,2.2278353772215844,2.1934085164399635,2.1361076759647735,Sunday,Labor Day
SC,2015-10-12,Columbus Day,Mon,2.3193021009018366,4.219878741244135,3.997925940270945,own weekday,Columbus Day
SC,2015-11-11,Veterans Day,Wed,5.156296952337206,5.076997420884886,5.583175347491138,Saturday,Veterans Day
SC,2015-11-26,Thanksgiving,Thu,13.1757513483051,12.743362131021927,14.12560926354988,Saturday,Thanksgiving
SC,2015-11-27,Day after Thanksgiving,Fri,3.5323145693312177,4.166021272718097,4.915321138061621,own weekday,Day after Thanksgiving
SC,2015-12-24,Christmas Eve,Thu,5.2814705251456395,8.755331111399144,7.165920661549261,own weekday,Christmas Eve
SC,2015-12-25,Christmas Day,Fri,8.283219080374431,9.059990107544582,7.351753754101581,Sunday,Christmas Day
SC,2015-12-31,New Year's Eve,Thu,4.862591905083305,7.116514384368979,5.731201609579726,own weekday,New Year's Eve
SC,2016-01-01,New Year's Day,Fri,6.843642306539081,7.438423597783054,6.118774549186149,Sunday,New Year's Day
SC,2016-01-18,MLK Day,Mon,7.001047394924857,8.158438635243371,8.676281477964217,own weekday,MLK Day
SC,2016-02-07,Super Bowl Sunday,Sun,5.051817474183614,4.0084188302761605,5.051817474183614,Saturday,Super Bowl Sunday
SC,2016-02-15,Presidents' Day,Mon,6.564285676011103,4.278564143186416,4.586081523153154,Saturday,Presidents' Day
SC,2016-05-30,Memorial Day,Mon,5.193037025552974,4.376996802633039,4.246102589299664,Sunday,Memorial Day
SC,2016-07-04,Independence Day,Mon,3.69207808149449,1.7043337007814383,3.8874608526025063,Saturday,Independence Day
SC,2016-09-05,Labor Day,Mon,2.8298098119338504,2.4202676361771736,2.830330378604551,Saturday,Labor Day
SC,2016-10-10,Columbus Day,Mon,5.562399701314576,7.32323508710076,7.999750345162059,own weekday,Columbus Day
SC,2016-11-11,Veterans Day,Fri,15.263146327402758,14.837854413190657,18.473297738211787,Saturday,Veterans Day
SC,2016-11-24,Thanksgiving,Thu,11.13778557734817,7.184446775316259,10.671923610796393,Saturday,Thanksgiving
SC,2016-11-25,Day after Thanksgiving,Fri,4.242428805686021,2.0408765292294535,4.6632030521013,Saturday,Day after Thanksgiving
SC,2016-12-24,Christmas Eve,Sat,5.15867737735679,5.15867737735679,5.89899877936659,Saturday,Christmas Eve
SC,2016-12-25,Christmas Day,Sun,4.155703176213895,3.6474212807747675,4.155703176213895,Saturday,Christmas Day
SC,2016-12-26,Christmas Day (observed),Mon,11.494496478453039,10.176445841949338,9.591985542415593,Sunday,Christmas Day
SC,2016-12-31,New Year's Eve,Sat,11.643046296585663,11.643046296585663,11.981697058222991,Saturday,New Year's Eve
SC,2017-01-01,New Year's Day,Sun,5.0142830388793005,4.837020368268826,5.0142830388793005,Saturday,New Year's Day
SC,2017-01-02,New Year's Day (observed),Mon,7.501300587019117,8.724286199687006,5.818636343881991,Sunday,New Year's Day
SC,2017-01-16,MLK Day,Mon,13.979465823499895,9.36722631241199,11.199762068333513,Saturday,MLK Day
SC,2017-02-05,Super Bowl Sunday,Sun,6.859554461356877,9.994118751460286,6.859554461356877,Sunday,Super Bowl Sunday
SC,2017-02-20,Presidents' Day,Mon,5.840023076431223,3.892428349679739,4.401846490158812,Saturday,Presidents' Day
SC,2017-05-29,Memorial Day,Mon,7.874006950477046,5.323833609635098,6.057072048386625,Saturday,Memorial Day
SC,2017-07-04,Independence Day,Tue,3.8087067638557093,1.7227079596366521,2.0502673166494723,Saturday,Independence Day
SC,2017-09-04,Labor Day,Mon,6.648341935414311,5.2550227779735135,4.938045434091106,Sunday,Labor Day
SC,2017-10-09,Columbus Day,Mon,4.721563773630095,6.802885810669407,6.989587752618741,own weekday,Columbus Day
SC,2018-05-28,Memorial Day,Mon,4.47265634431802,1.229774660844447,2.1471299840777864,Saturday,Memorial Day
SC,2018-07-04,Independence Day,Wed,3.7820307011473235,1.4977839663777506,0.9607234323328159,Sunday,Independence Day
SC,2018-09-03,Labor Day,Mon,1.151522032814674,2.395823899799565,1.2829497640454912,own weekday,Labor Day
SC,2018-10-08,Columbus Day,Mon,1.5365170237240413,1.3630416615378484,1.5970722752824345,Saturday,Columbus Day
SC,2018-11-11,Veterans Day,Sun,7.4603574123087695,6.214642013943425,7.4603574123087695,Saturday,Veterans Day
SC,2018-11-12,Veterans Day (observed),Mon,12.458847594454257,9.690743343306355,11.919195582909705,Saturday,Veterans Day
SC,2018-11-22,Thanksgiving,Thu,10.836833586458756,9.016580783025423,11.065456180642231,Saturday,Thanksgiving
SC,2018-11-23,Day after Thanksgiving,Fri,13.469243737764472,13.198651895207664,15.004530689615708,Saturday,Day after Thanksgiving
SC,2018-12-24,Christmas Eve,Mon,13.61023569311303,11.419946109671148,14.094452753117476,Saturday,Christmas Eve
SC,2018-12-25,Christmas Day,Tue,10.065447602157459,6.335019368341402,7.265410983071345,Saturday,Christmas Day
SC,2018-12-31,New Year's Eve,Mon,6.0877694123531505,8.16160092387261,3.9778919010000626,Sunday,New Year's Eve
SC,2019-01-01,New Year's Day,Tue,3.8652412171952193,7.327567293624998,4.25983629385804,own weekday,New Year's Day
SC,2019-01-21,MLK Day,Mon,12.790302817460338,18.719269517474824,12.892790186125177,own weekday,MLK Day
SC,2019-02-03,Super Bowl Sunday,Sun,13.60113015472876,10.436700345425807,13.60113015472876,Saturday,Super Bowl Sunday
SC,2019-02-18,Presidents' Day,Mon,8.684618008917543,7.0855629148217,3.281421197776995,Sunday,Presidents' Day
SC,2019-05-27,Memorial Day,Mon,7.452867894645092,6.853231111915367,5.012284911815284,Sunday,Memorial Day
SC,2019-07-04,Independence Day,Thu,3.3032573165131787,3.913908179386271,4.279596815871463,own weekday,Independence Day
SC,2019-09-02,Labor Day,Mon,4.843365278279732,3.609643655228018,3.676050065231245,Saturday,Labor Day
SC,2019-10-14,Columbus Day,Mon,3.2374258099771187,3.2832073674621967,3.019482310716441,Sunday,Columbus Day
SC,2019-11-11,Veterans Day,Mon,23.047372239294823,19.325228036913163,20.302273271249227,Saturday,Veterans Day
SC,2019-11-28,Thanksgiving,Thu,7.842761397369201,6.236958632226594,7.4262219742246875,Saturday,Thanksgiving
SC,2019-11-29,Day after Thanksgiving,Fri,5.823115136762696,5.142403788959038,5.975683616260003,Saturday,Day after Thanksgiving
SC,2019-12-24,Christmas Eve,Tue,6.000310388872351,3.8473254770141248,4.603467638727805,Saturday,Christmas Eve
SC,2019-12-25,Christmas Day,Wed,8.16355733691519,3.877954197126025,4.358850768056159,Saturday,Christmas Day
SC,2019-12-31,New Year's Eve,Tue,13.392800812136404,9.921584775435212,8.586203237598369,Sunday,New Year's Eve
SC,2020-01-01,New Year's Day,Wed,4.170460316553803,5.609542077184033,4.573687100110541,own weekday,New Year's Day
SC,2020-01-20,MLK Day,Mon,5.9199567704811376,9.119502591998813,7.825037607295393,own weekday,MLK Day
SC,2020-02-02,Super Bowl Sunday,Sun,3.1493575368429547,3.253266781729746,3.1493575368429547,Sunday,Super Bowl Sunday
SC,2020-02-17,Presidents' Day,Mon,5.843870948135157,4.635827753311391,5.965949135592517,Saturday,Presidents' Day
SC,2020-05-25,Memorial Day,Mon,10.966460193611589,15.181877144056044,12.644588204023652,own weekday,Memorial Day
SC,2020-07-03,Independence Day (observed),Fri,4.992236721525603,3.9873831597232434,2.5758961911915876,Sunday,Independence Day
SC,2020-07-04,Independence Day,Sat,6.190308506542466,6.190308506542466,3.2314669106746305,Sunday,Independence Day
SC,2020-09-07,Labor Day,Mon,4.080671728365138,3.333010359534424,2.531352864246314,Sunday,Labor Day
SC,2020-10-12,Columbus Day,Mon,1.9308018355546155,2.5662776623011014,3.477547892193459,own weekday,Columbus Day
SC,2020-11-11,Veterans Day,Wed,3.347979820226679,2.644429395994556,3.13141156148947,Saturday,Veterans Day
SC,2020-11-26,Thanksgiving,Thu,11.453223550976164,9.150046150484604,9.07984379497116,Sunday,Thanksgiving
SC,2020-11-27,Day after Thanksgiving,Fri,5.373901805804823,4.843316121720225,4.591238176511142,Sunday,Day after Thanksgiving
SC,2020-12-24,Christmas Eve,Thu,10.924335207652213,11.492648409281864,13.261160607604072,own weekday,Christmas Eve
SC,2020-12-25,Christmas Day,Fri,4.69596989165451,3.5772223186201013,3.8047422106288926,Saturday,Christmas Day
SC,2020-12-31,New Year's Eve,Thu,6.317837032863857,3.9866010684321744,3.0382830299816064,Sunday,New Year's Eve
SC,2021-01-01,New Year's Day,Fri,9.565805093047093,6.1891110102607,4.551993013375656,Sunday,New Year's Day
SC,2021-01-18,MLK Day,Mon,6.959109472852642,4.859184266218699,2.6508729844487893,Sunday,MLK Day
SC,2021-02-07,Super Bowl Sunday,Sun,7.531159747667994,3.5990941022677214,7.531159747667994,Saturday,Super Bowl Sunday
SC,2021-02-15,Presidents' Day,Mon,4.608178798236473,4.801034269735546,7.627376786792596,own weekday,Presidents' Day
SC,2021-05-31,Memorial Day,Mon,3.341386713726021,5.616558212553326,2.2366153999479734,Sunday,Memorial Day
SC,2021-06-18,Juneteenth (observed),Fri,9.414855328604737,11.079464777418451,8.216142797754614,Sunday,Juneteenth
SC,2021-06-19,Juneteenth,Sat,5.304353148569098,5.304353148569098,6.426613680702277,Saturday,Juneteenth
SC,2021-07-04,Independence Day,Sun,6.5747379886779935,5.462246482081698,6.5747379886779935,Saturday,Independence Day
SC,2021-07-05,Independence Day (observed),Mon,4.579543076838013,7.363693986106093,7.58604028784635,own weekday,Independence Day
SC,2021-09-06,Labor Day,Mon,1.9865739010007428,3.741750167051839,2.1938502268906768,own weekday,Labor Day
SC,2021-10-11,Columbus Day,Mon,7.440874039047997,7.183261258597786,7.165493149572252,Sunday,Columbus Day
SC,2021-11-11,Veterans Day,Thu,9.715929843957149,9.118105329044852,10.778605867903572,Saturday,Veterans Day
SC,2021-11-25,Thanksgiving,Thu,24.345248191265064,21.02915951277907,23.03353355970363,Saturday,Thanksgiving
SC,2021-11-26,Day after Thanksgiving,Fri,7.6083997328122805,6.674966229755562,7.6092068856530455,Saturday,Day after Thanksgiving
SC,2021-12-24,Christmas Eve,Fri,18.525731151176515,16.816335009622048,16.97596738152298,Saturday,Christmas Eve
SC,2021-12-25,Christmas Day,Sat,4.333749052813751,4.333749052813751,5.6500548834008235,Saturday,Christmas Day
SC,2021-12-31,New Year's Day (observed),Fri,6.105568331791548,7.92910814239544,6.48054263677852,own weekday,New Year's Day
SC,2022-01-01,New Year's Day,Sat,9.30297838371537,9.30297838371537,7.870231682368218,Sunday,New Year's Day
SC,2022-01-17,MLK Day,Mon,4.077739509923988,2.991825283623099,5.746046660052789,Saturday,MLK Day
SC,2022-02-13,Super Bowl Sunday,Sun,6.546487268228231,6.988535503601899,6.546487268228231,Sunday,Super Bowl Sunday
SC,2022-02-21,Presidents' Day,Mon,6.505078779116208,4.035630354720228,2.7189047599386336,Sunday,Presidents' Day
SC,2022-05-30,Memorial Day,Mon,6.899789867987543,6.456397977907911,4.142949411382587,Sunday,Memorial Day
SC,2022-06-19,Juneteenth,Sun,3.20925556278897,3.6447774676875473,3.20925556278897,Sunday,Juneteenth
SC,2022-06-20,Juneteenth (observed),Mon,3.8526336300135493,6.202439902979925,4.035591887017854,own weekday,Juneteenth
SC,2022-07-04,Independence Day,Mon,6.046888769258656,5.839742031318149,7.3470707492801495,Saturday,Independence Day
SC,2022-09-05,Labor Day,Mon,5.304784378904722,5.311361521587962,5.135927396504043,Sunday,Labor Day
SC,2022-10-10,Columbus Day,Mon,5.51733355291115,5.101625607188195,5.854603284214316,Saturday,Columbus Day
SC,2022-11-11,Veterans Day,Fri,2.4958047026696466,3.119947136518529,2.908448654102838,own weekday,Veterans Day
SC,2022-11-24,Thanksgiving,Thu,7.507366267146249,9.039670788781356,9.095154966791668,own weekday,Thanksgiving
SC,2022-11-25,Day after Thanksgiving,Fri,1.988642445875163,3.570425351099308,3.2467674853288155,own weekday,Day after Thanksgiving
SC,2022-12-24,Christmas Eve,Sat,7.914011077428426,7.914011077428426,10.766512104068175,Saturday,Christmas Eve
SC,2022-12-25,Christmas Day,Sun,17.488745484301912,13.89491745372578,17.488745484301912,Saturday,Christmas Day
SC,2022-12-26,Christmas Day (observed),Mon,14.43590430153708,14.14497752240775,17.39246861649889,Saturday,Christmas Day
SC,2022-12-31,New Year's Eve,Sat,3.962876106558776,3.962876106558776,3.077645336563656,Sunday,New Year's Eve
SC,2023-01-01,New Year's Day,Sun,2.3981867897327613,6.442341516056681,2.3981867897327613,Sunday,New Year's Day
SC,2023-01-02,New Year's Day (observed),Mon,2.501956727159706,2.1802206137434914,3.8468753279415604,Saturday,New Year's Day
SC,2023-01-16,MLK Day,Mon,15.93047420313074,13.505764227630271,15.14125312774088,Saturday,MLK Day
SC,2023-02-12,Super Bowl Sunday,Sun,9.537758732246443,6.575539259924912,9.537758732246443,Saturday,Super Bowl Sunday
SC,2023-02-20,Presidents' Day,Mon,4.044913654775809,5.601630743560668,5.381333194197214,own weekday,Presidents' Day
SC,2023-05-29,Memorial Day,Mon,5.571310100549263,2.910457262102959,3.098234293663012,Saturday,Memorial Day
SC,2023-06-19,Juneteenth,Mon,4.7009981449977944,4.822773319662764,4.189814037519387,Sunday,Juneteenth
SC,2023-07-04,Independence Day,Tue,5.754593439697165,4.371762762772144,4.390613566857474,Saturday,Independence Day
SC,2023-09-04,Labor Day,Mon,4.675517131801298,5.646508559417668,4.669837476628253,Sunday,Labor Day
SC,2023-10-09,Columbus Day,Mon,10.408202393605169,7.885905788402059,9.342712658687034,Saturday,Columbus Day
SC,2023-11-10,Veterans Day (observed),Fri,3.3994701528620843,4.398455215305995,4.65711240650967,own weekday,Veterans Day
SC,2023-11-11,Veterans Day,Sat,4.086544359567868,4.086544359567868,3.2551622756948553,Sunday,Veterans Day
SC,2023-11-23,Thanksgiving,Thu,7.031050022146022,7.277345241079495,7.81626359643099,own weekday,Thanksgiving
SC,2023-11-24,Day after Thanksgiving,Fri,5.566253499811522,5.841765577788815,5.362009303842758,Sunday,Day after Thanksgiving
SC,2023-12-24,Christmas Eve,Sun,13.421994851869357,6.8749059192026145,13.421994851869357,Saturday,Christmas Eve
SC,2023-12-25,Christmas Day,Mon,5.5103110940770295,4.820077054510057,2.6822457282210705,Sunday,Christmas Day
SC,2023-12-31,New Year's Eve,Sun,13.164486908064148,7.448796680588552,13.164486908064148,Saturday,New Year's Eve
SC,2024-01-01,New Year's Day,Mon,6.927152812596822,3.5346853168753882,10.068547722114529,Saturday,New Year's Day
SC,2024-01-15,MLK Day,Mon,10.040953404091303,5.532229009143922,11.363056764931518,Saturday,MLK Day
SC,2024-02-11,Super Bowl Sunday,Sun,6.028676640249439,6.724132042017689,6.028676640249439,Sunday,Super Bowl Sunday
SC,2024-02-19,Presidents' Day,Mon,8.306386977017146,9.594121026703457,8.032184172686662,Sunday,Presidents' Day
SC,2024-05-27,Memorial Day,Mon,3.471297378271254,4.522315613336084,3.48471571608058,own weekday,Memorial Day
SC,2024-06-19,Juneteenth,Wed,1.6034843440783886,3.8998493929025746,1.6948518787177025,own weekday,Juneteenth
SC,2024-07-04,Independence Day,Thu,3.629746840883975,3.2435980687097916,2.4781013467258046,Sunday,Independence Day
SC,2024-09-02,Labor Day,Mon,2.669045279266298,2.205172401840535,3.3122564526196796,Saturday,Labor Day
SC,2024-10-14,Columbus Day,Mon,3.414203281887498,3.114753684292872,2.8487851846881034,Sunday,Columbus Day
SC,2024-11-11,Veterans Day,Mon,1.1037993905652104,2.71421299670644,2.175279739774644,own weekday,Veterans Day
SC,2024-11-28,Thanksgiving,Thu,5.988375329258169,4.519593443530868,4.614400664417865,Saturday,Thanksgiving
SC,2024-11-29,Day after Thanksgiving,Fri,6.87238059697929,7.602912925354394,7.473948603643837,own weekday,Day after Thanksgiving
SC,2024-12-24,Christmas Eve,Tue,8.464053971780588,2.9361062991772076,3.2608514117617635,Saturday,Christmas Eve
SC,2024-12-25,Christmas Day,Wed,13.085255234171397,4.840307171218219,5.943056117483808,Saturday,Christmas Day
SC,2024-12-31,New Year's Eve,Tue,6.972350873401869,2.6782992407869797,2.4086738393394787,Sunday,New Year's Eve
SC,2025-01-01,New Year's Day,Wed,4.008376793598456,7.431876836154223,6.120679256891382,own weekday,New Year's Day
SC,2025-01-20,MLK Day,Mon,4.665768128489692,3.577665730580177,4.966255713483987,Saturday,MLK Day
SC,2025-02-09,Super Bowl Sunday,Sun,9.803085345464767,7.508998113216431,9.803085345464767,Saturday,Super Bowl Sunday
SC,2025-02-17,Presidents' Day,Mon,4.7510182487280055,6.5925112196949645,4.486383013819901,Sunday,Presidents' Day
SC,2025-05-26,Memorial Day,Mon,4.128211253284614,3.6184115439989735,3.628302541224155,Saturday,Memorial Day
SC,2025-06-19,Juneteenth,Thu,2.7945737672921522,3.562652921897657,3.639994523802476,own weekday,Juneteenth
SC,2025-07-04,Independence Day,Fri,2.321840783990536,2.8113768103152523,2.311501402821534,Sunday,Independence Day
SC,2025-09-01,Labor Day,Mon,3.339098269103767,3.20895770296636,2.2771206840210083,Sunday,Labor Day
SC,2025-10-13,Columbus Day,Mon,6.345896545888226,4.768434093603641,5.596643717582214,Saturday,Columbus Day
SC,2025-11-11,Veterans Day,Tue,12.59456157636231,11.351256478154294,13.907265630189796,Saturday,Veterans Day
SC,2025-11-27,Thanksgiving,Thu,5.2418878482721,5.5427265079112225,5.922144316781472,own weekday,Thanksgiving
SC,2025-11-28,Day after Thanksgiving,Fri,9.08049915017682,10.662958043432345,11.392368656028433,own weekday,Day after Thanksgiving
SC,2025-12-24,Christmas Eve,Wed,4.499035594214911,3.489572480922564,7.652448368681138,Saturday,Christmas Eve
SC,2025-12-25,Christmas Day,Thu,3.153606366924637,4.640409333625238,3.4258621976407366,own weekday,Christmas Day
SC,2025-12-31,New Year's Eve,Wed,7.1968652829947395,10.369990065379147,15.007959120380038,own weekday,New Year's Eve
SC,2026-01-01,New Year's Day,Thu,7.352942851174096,7.798426747502414,12.66064453417625,own weekday,New Year's Day
SC,2026-01-19,MLK Day,Mon,9.86452118598881,8.443429351251808,13.00861994030014,Saturday,MLK Day
SC,2026-02-08,Super Bowl Sunday,Sun,9.606503342006416,11.639269811172003,9.606503342006416,Sunday,Super Bowl Sunday
SC,2026-02-16,Presidents' Day,Mon,6.456898463806693,4.169361118907228,4.203803218814015,Saturday,Presidents' Day
SC,2026-05-25,Memorial Day,Mon,6.409131261596228,1.8938255932375692,2.3068215613110556,Saturday,Memorial Day
SC,2026-06-19,Juneteenth,Fri,2.0069871224284666,2.6323743163705573,3.3312656812983716,own weekday,Juneteenth
SCEG,2015-09-07,Labor Day,Mon,2.965762788083931,1.8209241621087835,2.028274985329271,Saturday,Labor Day
SCEG,2015-10-12,Columbus Day,Mon,2.208889613936936,3.691881550740993,4.021061918282351,own weekday,Columbus Day
SCEG,2015-11-11,Veterans Day,Wed,4.844997916858112,4.653551661078786,5.834558151864086,Saturday,Veterans Day
SCEG,2015-11-26,Thanksgiving,Thu,11.61823875500196,10.851556094456276,12.43327039230111,Saturday,Thanksgiving
SCEG,2015-11-27,Day after Thanksgiving,Fri,3.2807388356236826,2.946148735407268,3.7343172479889213,Saturday,Day after Thanksgiving
SCEG,2015-12-24,Christmas Eve,Thu,3.3748125215243006,5.0069666055262685,3.8460728210091646,own weekday,Christmas Eve
SCEG,2015-12-25,Christmas Day,Fri,4.868121667264024,5.4793922944153,4.3540264474020836,Sunday,Christmas Day
SCEG,2015-12-31,New Year's Eve,Thu,2.674273010419344,5.19937120049817,3.899432927238421,own weekday,New Year's Eve
SCEG,2016-01-01,New Year's Day,Fri,5.203527988938353,4.892430957506885,3.1412761934478914,Sunday,New Year's Day
SCEG,2016-01-18,MLK Day,Mon,4.8416313097203725,5.5369038449138035,6.1668698551237,own weekday,MLK Day
SCEG,2016-02-07,Super Bowl Sunday,Sun,3.312223550701949,2.5094954709256276,3.312223550701949,Saturday,Super Bowl Sunday
SCEG,2016-02-15,Presidents' Day,Mon,4.00003661140343,3.0809689121699764,3.95869921066905,Saturday,Presidents' Day
SCEG,2016-05-30,Memorial Day,Mon,4.004684731998235,3.842333248738457,3.163376015174816,Sunday,Memorial Day
SCEG,2016-07-04,Independence Day,Mon,3.596830570784787,1.7757436393587893,3.0951761469633796,Saturday,Independence Day
SCEG,2016-09-05,Labor Day,Mon,3.330228541085783,2.453173662148933,2.365077862478562,Sunday,Labor Day
SCEG,2016-10-10,Columbus Day,Mon,4.629904584786301,6.460373414806347,6.412821407730777,own weekday,Columbus Day
SCEG,2016-11-11,Veterans Day,Fri,10.999032762900358,11.235290722925422,14.962666078963696,own weekday,Veterans Day
SCEG,2016-11-24,Thanksgiving,Thu,10.477507307665523,6.620700963187609,11.087764012820138,Saturday,Thanksgiving
SCEG,2016-11-25,Day after Thanksgiving,Fri,3.7653815959314767,2.734776555334734,3.23328449031269,Saturday,Day after Thanksgiving
SCEG,2016-12-24,Christmas Eve,Sat,4.5908372592200255,4.5908372592200255,7.000860584225924,Saturday,Christmas Eve
SCEG,2016-12-25,Christmas Day,Sun,4.729905225394709,2.2128076558169454,4.729905225394709,Saturday,Christmas Day
SCEG,2016-12-26,Christmas Day (observed),Mon,7.8113864811180225,7.484284390115851,5.4904603018789935,Sunday,Christmas Day
SCEG,2016-12-31,New Year's Eve,Sat,8.189170377331333,8.189170377331333,10.263330391637567,Saturday,New Year's Eve
SCEG,2017-01-01,New Year's Day,Sun,4.837202838085087,3.86317827234736,4.837202838085087,Saturday,New Year's Day
SCEG,2017-01-02,New Year's Day (observed),Mon,6.912918787970752,8.157538971201397,5.581496830241431,Sunday,New Year's Day
SCEG,2017-01-16,MLK Day,Mon,7.962347124671846,6.207458858625591,6.522872482642629,Saturday,MLK Day
SCEG,2017-02-05,Super Bowl Sunday,Sun,6.97056332196123,9.568944957491121,6.97056332196123,Sunday,Super Bowl Sunday
SCEG,2017-02-20,Presidents' Day,Mon,5.48759668789861,4.487890435788367,4.652760478389376,Saturday,Presidents' Day
SCEG,2017-05-29,Memorial Day,Mon,8.085155700323705,4.949244465283041,6.356254343509137,Saturday,Memorial Day
SCEG,2017-07-04,Independence Day,Tue,3.831625011470092,1.5982433359754182,2.215418643102127,Saturday,Independence Day
SCEG,2017-09-04,Labor Day,Mon,7.945192502246531,6.655515770806112,6.106378913356738,Sunday,Labor Day
SCEG,2017-10-09,Columbus Day,Mon,2.650854587738635,4.454700807602134,4.863473401353993,own weekday,Columbus Day
SCEG,2017-11-10,Veterans Day (observed),Fri,11.311197831086169,11.054803987957218,12.575317463906952,Saturday,Veterans Day
SCEG,2017-11-11,Veterans Day,Sat,10.527766833516639,10.527766833516639,11.807860843051634,Saturday,Veterans Day
SCEG,2017-11-23,Thanksgiving,Thu,6.480637196380588,7.309841501617903,7.075615790494055,own weekday,Thanksgiving
SCEG,2017-11-24,Day after Thanksgiving,Fri,11.862043142510299,13.506842420469281,12.827711557600384,own weekday,Day after Thanksgiving
SCEG,2017-12-24,Christmas Eve,Sun,3.2285188109748697,5.103147015532381,3.2285188109748697,Sunday,Christmas Eve
SCEG,2017-12-25,Christmas Day,Mon,4.679692088674744,4.827794279497245,3.726230633266974,Sunday,Christmas Day
SCEG,2017-12-31,New Year's Eve,Sun,2.3511011256563017,4.2467671595355,2.3511011256563017,Sunday,New Year's Eve
SCEG,2018-01-01,New Year's Day,Mon,4.412847504154458,6.168497585867921,3.5270733681446744,Sunday,New Year's Day
SCEG,2018-01-15,MLK Day,Mon,4.1407794265630455,3.7861309102547347,1.8087223270310315,Sunday,MLK Day
SCEG,2018-02-04,Super Bowl Sunday,Sun,6.486969520125278,5.754719063178837,6.486969520125278,Saturday,Super Bowl Sunday
SCEG,2018-02-19,Presidents' Day,Mon,7.7430585035694905,10.330375471167413,6.156585905530766,Sunday,Presidents' Day
SCEG,2018-05-28,Memorial Day,Mon,4.308654389326846,1.2677411230673714,3.351258120556445,Saturday,Memorial Day
SCEG,2018-07-04,Independence Day,Wed,4.054615492189706,3.1993256660185723,4.455829387427171,Saturday,Independence Day
SCEG,2018-09-03,Labor Day,Mon,2.54904989965354,0.9277558498720178,1.2662498064823446,Saturday,Labor Day
SCEG,2018-10-08,Columbus Day,Mon,3.225489259085204,3.6857179729845044,4.066419625862733,own weekday,Columbus Day
SCEG,2018-11-11,Veterans Day,Sun,13.014119803980732,8.599322554647893,13.014119803980732,Saturday,Veterans Day
SCEG,2018-11-12,Veterans Day (observed),Mon,8.219997240149796,5.0442565408901565,8.303817727337819,Saturday,Veterans Day
SCEG,2018-11-22,Thanksgiving,Thu,12.847199430764059,11.540612204076972,12.33128549786765,Saturday,Thanksgiving
SCEG,2018-11-23,Day after Thanksgiving,Fri,6.841367634380056,5.742300092289673,6.2488001756207,Saturday,Day after Thanksgiving
SCEG,2018-12-24,Christmas Eve,Mon,7.777139334485238,5.36574153044605,5.15723946936022,Sunday,Christmas Eve
SCEG,2018-12-25,Christmas Day,Tue,11.130706487942273,11.881564633723887,11.394867989799602,own weekday,Christmas Day
SCEG,2018-12-31,New Year's Eve,Mon,3.0641817932289994,3.830888899538494,3.902717562949725,own weekday,New Year's Eve
SCEG,2019-01-01,New Year's Day,Tue,8.110898857856403,5.223506009056083,5.35958612767774,Saturday,New Year's Day
SCEG,2019-01-21,MLK Day,Mon,4.780251875497815,5.421910072995425,6.863763441197222,own weekday,MLK Day
SCEG,2019-02-03,Super Bowl Sunday,Sun,2.7541490818086833,4.608391648512275,2.7541490818086833,Sunday,Super Bowl Sunday
SCEG,2019-02-18,Presidents' Day,Mon,3.217364646462142,2.3225807430073377,3.396196909462452,Saturday,Presidents' Day
SCEG,2019-05-27,Memorial Day,Mon,7.474551026825478,6.794045107439501,7.487549095462599,Saturday,Memorial Day
SCEG,2019-07-04,Independence Day,Thu,9.33422439502451,11.095601860583477,12.438390240300484,own weekday,Independence Day
SCEG,2019-09-02,Labor Day,Mon,2.031285659894166,3.1123743318494648,2.4925477324038545,own weekday,Labor Day
SCEG,2019-10-14,Columbus Day,Mon,2.7200480849264244,2.8800675209391455,2.8514574542026114,own weekday,Columbus Day
SCEG,2019-11-11,Veterans Day,Mon,10.332983924979137,8.530875945980988,10.105833903461885,Saturday,Veterans Day
SCEG,2019-11-28,Thanksgiving,Thu,5.771697113323658,4.364459491360511,6.332303231494691,Saturday,Thanksgiving
SCEG,2019-11-29,Day after Thanksgiving,Fri,4.510865550669494,4.579577005702273,4.750498393721598,own weekday,Day after Thanksgiving
SCEG,2019-12-24,Christmas Eve,Tue,5.12016389580045,2.98410221229908,4.302101949997791,Saturday,Christmas Eve
SCEG,2019-12-25,Christmas Day,Wed,4.604771780905328,4.737959988869571,3.617793514069557,Sunday,Christmas Day
SCEG,2019-12-31,New Year's Eve,Tue,3.5066302656035018,3.3405437309006554,2.0428141458370233,Sunday,New Year's Eve
SCEG,2020-01-01,New Year's Day,Wed,2.9760515651801103,2.5306286949482417,1.4811001961378627,Sunday,New Year's Day
SCEG,2020-01-20,MLK Day,Mon,5.8016446413173055,6.902805600563751,6.203858460723999,own weekday,MLK Day
SCEG,2020-02-02,Super Bowl Sunday,Sun,5.91143732676972,4.988799763231604,5.91143732676972,Saturday,Super Bowl Sunday
SCEG,2020-02-17,Presidents' Day,Mon,2.7128429704989876,2.503294826871717,3.6101621484472677,Saturday,Presidents' Day
SCEG,2020-05-25,Memorial Day,Mon,3.391910498405678,2.920107142531074,2.34218303288548,Sunday,Memorial Day
SCEG,2020-07-03,Independence Day (observed),Fri,2.0539439680895644,1.9665100737447352,2.9526094813281247,Saturday,Independence Day
SCEG,2020-07-04,Independence Day,Sat,1.6927985005553765,1.6927985005553765,2.3947139781577724,Saturday,Independence Day
SCEG,2020-09-07,Labor Day,Mon,5.268878838536724,6.947949660897022,4.963083525793372,Sunday,Labor Day
SCEG,2020-10-12,Columbus Day,Mon,1.8490136710050027,2.6010713170713213,1.6107676341206605,Sunday,Columbus Day
SCEG,2020-11-11,Veterans Day,Wed,3.562614534471816,2.8109815530826334,4.626069298352457,Saturday,Veterans Day
SCEG,2020-11-26,Thanksgiving,Thu,4.311949233178037,3.8391668342714036,6.0115577281873,Saturday,Thanksgiving
SCEG,2020-11-27,Day after Thanksgiving,Fri,3.9863601193390705,3.8830471483469573,6.221684996188451,Saturday,Day after Thanksgiving
SCEG,2020-12-24,Christmas Eve,Thu,5.4515535348777835,1.939465915256105,2.4931915703956387,Saturday,Christmas Eve
SCEG,2020-12-25,Christmas Day,Fri,6.496728348492704,4.60250082305542,5.823755844163025,Saturday,Christmas Day
SCEG,2020-12-31,New Year's Eve,Thu,4.241206494208445,2.5116691941058407,3.55388985349569,Saturday,New Year's Eve
SCEG,2021-01-01,New Year's Day,Fri,6.118517962461115,2.9632510479676983,1.8099096715018772,Sunday,New Year's Day
SCEG,2021-01-18,MLK Day,Mon,4.791317272508918,3.1119542461478797,2.644145870015763,Sunday,MLK Day
SCEG,2021-02-07,Super Bowl Sunday,Sun,4.112680360689852,2.8830452143986762,4.112680360689852,Saturday,Super Bowl Sunday
SCEG,2021-02-15,Presidents' Day,Mon,3.9217123662406546,4.890293344013824,4.444452824412195,own weekday,Presidents' Day
SCEG,2021-05-31,Memorial Day,Mon,2.4102996581601857,3.276483753963971,3.243335818638229,own weekday,Memorial Day
SCEG,2021-06-18,Juneteenth (observed),Fri,7.577984435096409,7.638964933877154,6.077032638856462,Sunday,Juneteenth
SCEG,2021-06-19,Juneteenth,Sat,3.83936499088252,3.83936499088252,7.041226515336032,Saturday,Juneteenth
SCEG,2021-07-04,Independence Day,Sun,4.282790680489812,4.072693527286674,4.282790680489812,Saturday,Independence Day
SCEG,2021-07-05,Independence Day (observed),Mon,3.461103439372442,6.406315739777312,7.451204745262964,own weekday,Independence Day
SCEG,2021-09-06,Labor Day,Mon,2.4931992127768443,6.588733045537974,4.6041800992153625,own weekday,Labor Day
SCEG,2021-10-11,Columbus Day,Mon,4.586613352100805,3.587786208009199,4.868034470920443,Saturday,Columbus Day
SCEG,2021-11-11,Veterans Day,Thu,5.997612279066499,6.670524140270611,8.038382429999398,own weekday,Veterans Day
SCEG,2021-11-25,Thanksgiving,Thu,18.882162124709843,16.372127111167675,18.08982333130492,Saturday,Thanksgiving
SCEG,2021-11-26,Day after Thanksgiving,Fri,4.423744335512424,3.6817898794781887,4.076526774784636,Saturday,Day after Thanksgiving
SCEG,2021-12-24,Christmas Eve,Fri,15.1619694900701,15.077981429137962,15.764620561012292,Saturday,Christmas Eve
SCEG,2021-12-25,Christmas Day,Sat,4.670160478377791,4.670160478377791,5.113524395889311,Saturday,Christmas Day
SCEG,2021-12-31,New Year's Day (observed),Fri,6.013858591527189,5.051589138926174,4.485409538766647,Sunday,New Year's Day
SCEG,2022-01-01,New Year's Day,Sat,5.916184267562196,5.916184267562196,4.587811268111394,Sunday,New Year's Day
SCEG,2022-01-17,MLK Day,Mon,2.8222683833371884,2.1354323635465504,3.712230160546647,Saturday,MLK Day
SCEG,2022-02-13,Super Bowl Sunday,Sun,5.905556324087133,6.8930116350653226,5.905556324087133,Sunday,Super Bowl Sunday
SCEG,2022-02-21,Presidents' Day,Mon,3.7042068111125546,4.43091217277607,2.749678953523117,Sunday,Presidents' Day
SCEG,2022-05-30,Memorial Day,Mon,4.981533730638096,4.631352074009959,3.340165505289315,Sunday,Memorial Day
SCEG,2022-06-19,Juneteenth,Sun,3.8812331927367163,3.2164808360761814,3.8812331927367163,Saturday,Juneteenth
SCEG,2022-06-20,Juneteenth (observed),Mon,2.83169468501361,4.147825252652917,3.48414184432033,own weekday,Juneteenth
SCEG,2022-07-04,Independence Day,Mon,8.545676454260493,8.480128596594577,8.713308087257404,Saturday,Independence Day
SCEG,2022-09-05,Labor Day,Mon,3.3441481581249035,3.269421104521252,3.0959790952481057,Sunday,Labor Day
SCEG,2022-10-10,Columbus Day,Mon,4.17861588317855,4.994898768365647,4.460904062452963,own weekday,Columbus Day
SCEG,2022-11-11,Veterans Day,Fri,4.212496182958566,7.200118905854833,8.285438410854235,own weekday,Veterans Day
SCEG,2022-11-24,Thanksgiving,Thu,6.0286693722928355,7.204739347476792,8.962033465666835,own weekday,Thanksgiving
SCEG,2022-11-25,Day after Thanksgiving,Fri,3.0782866731007985,4.706456669533337,5.33669514111657,own weekday,Day after Thanksgiving
SCEG,2022-12-24,Christmas Eve,Sat,5.612018184801966,5.612018184801966,9.210519005223633,Saturday,Christmas Eve
SCEG,2022-12-25,Christmas Day,Sun,14.577683203690322,11.474469913969141,14.577683203690322,Saturday,Christmas Day
SCEG,2022-12-26,Christmas Day (observed),Mon,11.283050848069468,10.892788376997279,13.70472113074723,Saturday,Christmas Day
SCEG,2022-12-31,New Year's Eve,Sat,2.5201934991206834,2.5201934991206834,3.0294039669291184,Saturday,New Year's Eve
SCEG,2023-01-01,New Year's Day,Sun,3.912767504821303,3.3645797980247703,3.912767504821303,Saturday,New Year's Day
SCEG,2023-01-02,New Year's Day (observed),Mon,3.8931824144284075,3.515229617451441,3.988520517860758,Saturday,New Year's Day
SCEG,2023-01-16,MLK Day,Mon,12.452359757170901,11.600224448434114,12.110929874888942,Saturday,MLK Day
SCEG,2023-02-12,Super Bowl Sunday,Sun,7.772915797621373,6.013929766450488,7.772915797621373,Saturday,Super Bowl Sunday
SCEG,2023-02-20,Presidents' Day,Mon,3.7109878501656355,5.332388629851593,7.858862446145368,own weekday,Presidents' Day
SCEG,2023-05-29,Memorial Day,Mon,4.7725211552398585,2.9301548877140884,3.5040520307739085,Saturday,Memorial Day
SCEG,2023-06-19,Juneteenth,Mon,4.347857406436286,5.604392447400799,4.495309854706572,own weekday,Juneteenth
SCEG,2023-07-04,Independence Day,Tue,6.081949122445713,5.3142609799458524,4.635835242582325,Sunday,Independence Day
SCEG,2023-09-04,Labor Day,Mon,8.549616280253291,8.88527882614595,7.564543222490659,Sunday,Labor Day
SCEG,2023-10-09,Columbus Day,Mon,5.317591599687408,5.38478228646506,5.894892849761306,own weekday,Columbus Day
SCEG,2023-11-10,Veterans Day (observed),Fri,1.8478201353459873,2.480637614718877,3.512256237975718,own weekday,Veterans Day
SCEG,2023-11-11,Veterans Day,Sat,3.187950110084127,3.187950110084127,4.060142228516996,Saturday,Veterans Day
SCEG,2023-11-23,Thanksgiving,Thu,8.950679818642286,9.382106862589982,10.625900551849472,own weekday,Thanksgiving
SCEG,2023-11-24,Day after Thanksgiving,Fri,3.9148168071067406,4.280824177003748,5.020743783912796,own weekday,Day after Thanksgiving
SCEG,2023-12-24,Christmas Eve,Sun,9.28478688100401,4.92633487189702,9.28478688100401,Saturday,Christmas Eve
SCEG,2023-12-25,Christmas Day,Mon,3.872075464093936,2.044905276739045,2.6478818628880503,Saturday,Christmas Day
SCEG,2023-12-31,New Year's Eve,Sun,10.523008932062924,7.348013508374739,10.523008932062924,Saturday,New Year's Eve
SCEG,2024-01-01,New Year's Day,Mon,5.2398102141672735,3.7044870435852237,6.4995815810453355,Saturday,New Year's Day
SCEG,2024-01-15,MLK Day,Mon,9.248876364470027,6.4431329364218595,10.157833368476146,Saturday,MLK Day
SCEG,2024-02-11,Super Bowl Sunday,Sun,5.246971064471871,5.145977489589136,5.246971064471871,Saturday,Super Bowl Sunday
SCEG,2024-02-19,Presidents' Day,Mon,5.143321472024785,6.290422297726815,6.446758143211763,own weekday,Presidents' Day
SCEG,2024-05-27,Memorial Day,Mon,3.639610486618524,4.452958395205548,4.25853491944677,own weekday,Memorial Day
SCEG,2024-06-19,Juneteenth,Wed,1.975847670646731,4.763847308609457,3.3652671575374375,own weekday,Juneteenth
SCEG,2024-07-04,Independence Day,Thu,1.8761447091509378,1.1902300687993326,1.6911416051832082,Saturday,Independence Day
SCEG,2024-09-02,Labor Day,Mon,2.723727083854463,2.0447791091626257,3.5136926087679687,Saturday,Labor Day
SCEG,2024-10-14,Columbus Day,Mon,3.453716092089281,3.212052790829368,3.29541089928166,Saturday,Columbus Day
SCEG,2024-11-11,Veterans Day,Mon,4.250785315882812,3.7885732436255712,4.317729221682124,Saturday,Veterans Day
SCEG,2024-11-28,Thanksgiving,Thu,7.20662199448651,5.677467457371349,5.810285475726829,Saturday,Thanksgiving
SCEG,2024-11-29,Day after Thanksgiving,Fri,5.659270737564367,5.948551003127137,5.054830303197422,Sunday,Day after Thanksgiving
SCEG,2024-12-24,Christmas Eve,Tue,5.8878718911173005,3.0400450517017314,3.11120468740643,Saturday,Christmas Eve
SCEG,2024-12-25,Christmas Day,Wed,9.097312117991564,4.656811700779411,4.995289175764342,Saturday,Christmas Day
SCEG,2024-12-31,New Year's Eve,Tue,4.709067671218725,2.7139882105110353,2.9935269127573565,Saturday,New Year's Eve
SCEG,2025-01-01,New Year's Day,Wed,3.6889837395059724,7.749948859932493,7.08074481824958,own weekday,New Year's Day
SCEG,2025-01-20,MLK Day,Mon,5.806301430799367,6.317570971484998,6.649891419017871,own weekday,MLK Day
SCEG,2025-02-09,Super Bowl Sunday,Sun,9.862737821075141,7.8042217120481965,9.862737821075141,Saturday,Super Bowl Sunday
SCEG,2025-05-26,Memorial Day,Mon,3.2614496779428013,2.493414203356738,2.2170937165999898,Sunday,Memorial Day
SCEG,2025-06-19,Juneteenth,Thu,1.4958747578770561,2.928478829129146,3.244317727464443,own weekday,Juneteenth
SCEG,2025-07-04,Independence Day,Fri,3.6138732615162046,3.2475990704012645,3.7271325542263694,Saturday,Independence Day
SCEG,2025-09-01,Labor Day,Mon,3.2352807740997394,4.4660390320756855,2.527906119493462,Sunday,Labor Day
SCEG,2025-10-13,Columbus Day,Mon,3.665100753389556,3.5102951054245595,3.278692990094739,Sunday,Columbus Day
SCEG,2025-11-11,Veterans Day,Tue,11.132722511365246,11.79255999973945,11.746238588314462,own weekday,Veterans Day
SCEG,2025-11-27,Thanksgiving,Thu,6.596820634925364,6.254395164820307,6.50522566821251,Saturday,Thanksgiving
SCEG,2025-11-28,Day after Thanksgiving,Fri,8.047486535055382,9.108457851561448,9.303738751940354,own weekday,Day after Thanksgiving
SCEG,2025-12-24,Christmas Eve,Wed,6.162170238100326,4.44875924716058,7.735885642765937,Saturday,Christmas Eve
SCEG,2025-12-25,Christmas Day,Thu,4.771532450554971,3.5054298804480375,4.543079673454109,Saturday,Christmas Day
SCEG,2025-12-31,New Year's Eve,Wed,6.240607288175568,8.594852710170644,11.71605919748757,own weekday,New Year's Eve
SCEG,2026-01-01,New Year's Day,Thu,7.598584181638578,6.830168083035032,10.770049197442262,Saturday,New Year's Day
SCEG,2026-01-19,MLK Day,Mon,9.275090342101674,8.256557523071804,13.20314584193347,Saturday,MLK Day
SCEG,2026-02-08,Super Bowl Sunday,Sun,11.03483311514869,8.100362548064508,11.03483311514869,Saturday,Super Bowl Sunday
SCEG,2026-02-16,Presidents' Day,Mon,6.707517383810564,5.832273443039971,6.1801541495417105,Saturday,Presidents' Day
SCEG,2026-05-25,Memorial Day,Mon,2.64814111949285,2.822419130323675,1.9701549284117497,Sunday,Memorial Day
SCL,2015-09-07,Labor Day,Mon,4.244003909361002,2.9226345331199886,2.3715930168420565,Sunday,Labor Day
SCL,2015-10-12,Columbus Day,Mon,1.4730565874493249,5.614910881566824,5.613486244888943,own weekday,Columbus Day
SCL,2015-11-11,Veterans Day,Wed,2.945609917519753,4.896036152156893,5.074058952305037,own weekday,Veterans Day
SCL,2015-11-26,Thanksgiving,Thu,7.532881229535783,6.730405377086742,8.153415274115847,Saturday,Thanksgiving
SCL,2015-11-27,Day after Thanksgiving,Fri,5.443586885361812,4.404434172839993,5.205482311619371,Saturday,Day after Thanksgiving
SCL,2015-12-24,Christmas Eve,Thu,4.82240854451318,4.31501526320446,5.671215306167278,Saturday,Christmas Eve
SCL,2015-12-25,Christmas Day,Fri,4.589061541956615,2.98020434989483,3.3536330719511254,Saturday,Christmas Day
SCL,2015-12-31,New Year's Eve,Thu,4.45591711327468,5.084855713798761,5.427335771105815,own weekday,New Year's Eve
SCL,2016-01-01,New Year's Day,Fri,6.675742259441174,5.253552724425201,5.2128797562849245,Sunday,New Year's Day
SCL,2016-01-18,MLK Day,Mon,2.185434297243436,3.533758382106723,4.977086034302261,own weekday,MLK Day
SCL,2016-02-07,Super Bowl Sunday,Sun,2.8771065960066307,1.9440702212143974,2.8771065960066307,Saturday,Super Bowl Sunday
SCL,2016-02-15,Presidents' Day,Mon,3.932237480187037,3.17204883872291,3.731796561111267,Saturday,Presidents' Day
SCL,2016-05-30,Memorial Day,Mon,5.056551797236251,1.6730783149293667,1.257375471495433,Sunday,Memorial Day
SCL,2016-07-04,Independence Day,Mon,5.008876824790129,1.9812332222797466,2.5904718347214852,Saturday,Independence Day
SCL,2016-09-05,Labor Day,Mon,4.680193404557157,2.758537950851196,2.2581520093258676,Sunday,Labor Day
SCL,2016-10-10,Columbus Day,Mon,3.3802892137278793,4.912531126409874,5.941199472656536,own weekday,Columbus Day
SCL,2016-11-11,Veterans Day,Fri,2.3857473737509207,4.383972081951494,5.855684886173975,own weekday,Veterans Day
SCL,2016-11-24,Thanksgiving,Thu,6.459494403276615,3.719773416179916,5.949769958980122,Saturday,Thanksgiving
SCL,2016-11-25,Day after Thanksgiving,Fri,4.4478023799109305,3.219854619829305,4.333967811555968,Saturday,Day after Thanksgiving
SCL,2016-12-24,Christmas Eve,Sat,1.9903573705252493,1.9903573705252493,5.111582949268287,Saturday,Christmas Eve
SCL,2016-12-25,Christmas Day,Sun,5.569043142180375,3.1627964285861045,5.569043142180375,Saturday,Christmas Day
SCL,2016-12-26,Christmas Day (observed),Mon,3.4179662714487495,2.472505428522351,3.428812964547038,Saturday,Christmas Day
SCL,2016-12-31,New Year's Eve,Sat,1.3781583072444255,1.3781583072444255,2.8266281167731013,Saturday,New Year's Eve
SCL,2017-01-01,New Year's Day,Sun,3.514866089217411,3.5863376160374534,3.514866089217411,Sunday,New Year's Day
SCL,2017-01-02,New Year's Day (observed),Mon,3.9140580557052393,2.6664321267069884,2.9193284597585496,Saturday,New Year's Day
SCL,2017-01-16,MLK Day,Mon,2.9082591228995867,4.736555002184159,6.15253222276827,own weekday,MLK Day
SCL,2017-02-05,Super Bowl Sunday,Sun,3.4000838419866133,6.094398856515832,3.4000838419866133,Sunday,Super Bowl Sunday
SCL,2017-02-20,Presidents' Day,Mon,2.4543000063205405,3.6949126265177092,3.9643925481863773,own weekday,Presidents' Day
SCL,2017-05-29,Memorial Day,Mon,7.254644733499028,4.688872905243667,3.5564916763661505,Sunday,Memorial Day
SCL,2017-07-04,Independence Day,Tue,5.925882516801886,3.0141909613659483,3.518141850774323,Saturday,Independence Day
SCL,2017-09-04,Labor Day,Mon,5.013159811237619,5.129002513522303,4.2635694692501005,Sunday,Labor Day
SCL,2017-10-09,Columbus Day,Mon,3.881091606578768,6.553853625658686,7.666465410538548,own weekday,Columbus Day
SCL,2017-11-10,Veterans Day (observed),Fri,3.49652758226616,4.786641129028718,6.258167135717234,own weekday,Veterans Day
SCL,2017-11-11,Veterans Day,Sat,1.736620443068241,1.736620443068241,3.609427084024609,Saturday,Veterans Day
SCL,2017-11-23,Thanksgiving,Thu,6.7400681872488555,3.8161416596419078,4.8529782975034585,Saturday,Thanksgiving
SCL,2017-11-24,Day after Thanksgiving,Fri,4.2786794975042,3.4093810527929107,4.628748371006376,Saturday,Day after Thanksgiving
SCL,2017-12-24,Christmas Eve,Sun,5.48517908734579,3.45264936101206,5.48517908734579,Saturday,Christmas Eve
SCL,2017-12-25,Christmas Day,Mon,5.989637482461873,2.4602844570561855,5.174833959160949,Saturday,Christmas Day
SCL,2017-12-31,New Year's Eve,Sun,2.303428686516969,2.3183340329529916,2.303428686516969,Sunday,New Year's Eve
SCL,2018-01-01,New Year's Day,Mon,6.069912371499761,2.9412236716787667,3.68739048391701,Saturday,New Year's Day
SCL,2018-01-15,MLK Day,Mon,2.909202262201884,3.7247448182802465,5.430111902723939,own weekday,MLK Day
SCL,2018-02-04,Super Bowl Sunday,Sun,1.576833628799187,2.1438514049068975,1.576833628799187,Sunday,Super Bowl Sunday
SCL,2018-02-19,Presidents' Day,Mon,4.306495756854098,3.7854736304440193,4.75320342291542,Saturday,Presidents' Day
SCL,2018-05-28,Memorial Day,Mon,7.920549449561339,3.4336274111624827,2.5714819827251554,Sunday,Memorial Day
SCL,2018-07-04,Independence Day,Wed,4.231275075320787,1.822193129796347,3.0382312300492793,Saturday,Independence Day
SCL,2018-09-03,Labor Day,Mon,4.133718857876184,2.845553833370203,2.989482776468783,Saturday,Labor Day
SCL,2018-10-08,Columbus Day,Mon,2.1323215607644204,5.973510813064021,6.332851568874427,own weekday,Columbus Day
SCL,2018-11-11,Veterans Day,Sun,2.923874242895989,2.5215784486438437,2.923874242895989,Saturday,Veterans Day
SCL,2018-11-12,Veterans Day (observed),Mon,4.5512611637965685,5.0489876560734555,7.035334219727472,own weekday,Veterans Day
SCL,2018-11-22,Thanksgiving,Thu,6.7476633369030985,4.973745883525943,5.878913149298097,Saturday,Thanksgiving
SCL,2018-11-23,Day after Thanksgiving,Fri,3.655083826573625,3.6609203431965365,4.641949674252529,own weekday,Day after Thanksgiving
SCL,2018-12-24,Christmas Eve,Mon,5.712908928699293,4.6380273517740465,6.4275430977550965,Saturday,Christmas Eve
SCL,2018-12-25,Christmas Day,Tue,4.375855367894613,1.5203960055783803,3.2490133436348594,Saturday,Christmas Day
SCL,2018-12-31,New Year's Eve,Mon,2.6491168196753687,3.5241274602499413,5.199833794013872,own weekday,New Year's Eve
SCL,2019-01-01,New Year's Day,Tue,5.096819306431557,2.7105742059597744,2.987391867798538,Saturday,New Year's Day
SCL,2019-01-21,MLK Day,Mon,2.749223986637266,2.9703755441853668,3.468789450576163,own weekday,MLK Day
SCL,2019-02-03,Super Bowl Sunday,Sun,3.5378056234843664,6.122581159010701,3.5378056234843664,Sunday,Super Bowl Sunday
SCL,2019-02-18,Presidents' Day,Mon,3.004340040794927,2.60066300604226,4.306391877042583,Saturday,Presidents' Day
SCL,2019-05-27,Memorial Day,Mon,6.980865881657136,4.2104152490314535,2.813847324567162,Sunday,Memorial Day
SCL,2019-07-04,Independence Day,Thu,4.393768983815391,1.8371341637912257,3.132763053823832,Saturday,Independence Day
SCL,2019-09-02,Labor Day,Mon,5.951243523783262,4.55218652130592,2.1249980230219903,Sunday,Labor Day
SCL,2019-10-14,Columbus Day,Mon,3.167113959196262,5.262284896165408,6.318838210453677,own weekday,Columbus Day
SCL,2019-11-11,Veterans Day,Mon,1.7471388919791238,4.560452584254602,5.151838759802123,own weekday,Veterans Day
SCL,2019-11-28,Thanksgiving,Thu,5.27899187542516,2.813316825979292,5.611969018269899,Saturday,Thanksgiving
SCL,2019-11-29,Day after Thanksgiving,Fri,4.502041452086496,3.433030984962049,4.249269726206339,Saturday,Day after Thanksgiving
SCL,2019-12-24,Christmas Eve,Tue,3.562024282633881,3.925069149594191,6.143403148078472,own weekday,Christmas Eve
SCL,2019-12-25,Christmas Day,Wed,4.288139266988898,3.249677854790299,3.9469313512295425,Saturday,Christmas Day
SCL,2019-12-31,New Year's Eve,Tue,4.740001513326445,3.85381551476815,5.83626685403531,Saturday,New Year's Eve
SCL,2020-01-01,New Year's Day,Wed,5.508079459794968,3.487807410188335,1.8611169526655578,Sunday,New Year's Day
SCL,2020-01-20,MLK Day,Mon,1.814089134589496,2.9902172594917173,3.514961603273087,own weekday,MLK Day
SCL,2020-02-02,Super Bowl Sunday,Sun,2.6237889825423686,2.95823787443482,2.6237889825423686,Sunday,Super Bowl Sunday
SCL,2020-02-17,Presidents' Day,Mon,2.8969620020539546,4.071791003574027,4.748712875203109,own weekday,Presidents' Day
SCL,2020-05-25,Memorial Day,Mon,5.854139852453744,2.8486770831241053,3.3409495570038845,Saturday,Memorial Day
SCL,2020-07-03,Independence Day (observed),Fri,2.426033406875154,3.159050093296479,4.068014271372131,own weekday,Independence Day
SCL,2020-07-04,Independence Day,Sat,1.7469594167547275,1.7469594167547275,2.3459439807513456,Saturday,Independence Day
SCL,2020-09-07,Labor Day,Mon,3.306355640649223,2.7189944607395047,2.70901553730923,Sunday,Labor Day
SCL,2020-10-12,Columbus Day,Mon,2.485826203959635,5.468908612341713,6.655041276685723,own weekday,Columbus Day
SCL,2020-11-11,Veterans Day,Wed,3.472891607465984,4.8013259390757925,5.7995762480717525,own weekday,Veterans Day
SCL,2020-11-26,Thanksgiving,Thu,4.704721725497688,4.739013319264364,5.596755302066868,own weekday,Thanksgiving
SCL,2020-11-27,Day after Thanksgiving,Fri,4.7532664998542025,3.2299912676392486,3.2218474135380593,Sunday,Day after Thanksgiving
SCL,2020-12-24,Christmas Eve,Thu,4.149223383442312,4.799291272079853,5.799595296768306,own weekday,Christmas Eve
SCL,2020-12-25,Christmas Day,Fri,5.161685695866343,2.8593827588868845,3.710872145828282,Saturday,Christmas Day
SCL,2020-12-31,New Year's Eve,Thu,4.132150860569077,3.825546294975974,4.935203832565026,Saturday,New Year's Eve
SCL,2021-01-01,New Year's Day,Fri,5.659299277966096,1.9418197174970688,1.9761622337211449,Saturday,New Year's Day
SCL,2021-01-18,MLK Day,Mon,2.3969090777319035,2.8300875636251637,3.5175827272931186,own weekday,MLK Day
SCL,2021-02-07,Super Bowl Sunday,Sun,2.227768691793775,2.0261323378420046,2.227768691793775,Saturday,Super Bowl Sunday
SCL,2021-02-15,Presidents' Day,Mon,2.841293643374255,3.4046515949908605,5.264228380481384,own weekday,Presidents' Day
SCL,2021-05-31,Memorial Day,Mon,5.880179132149702,4.196051868154158,3.0705007603699457,Sunday,Memorial Day
SCL,2021-06-18,Juneteenth (observed),Fri,7.520709829859194,10.649280913526534,11.410349897778758,own weekday,Juneteenth
SCL,2021-06-19,Juneteenth,Sat,2.5253248269894417,2.5253248269894417,1.1784379431333663,Sunday,Juneteenth
SCL,2021-07-04,Independence Day,Sun,2.9964220793171,4.07942605382331,2.9964220793171,Sunday,Independence Day
SCL,2021-07-05,Independence Day (observed),Mon,6.686492188429048,2.94199976276233,2.013720661343163,Sunday,Independence Day
SCL,2021-09-06,Labor Day,Mon,3.2903091954236943,2.345827926795916,2.005345161713037,Sunday,Labor Day
SCL,2021-10-11,Columbus Day,Mon,2.836415721704357,5.516946219748969,6.336599107095929,own weekday,Columbus Day
SCL,2021-11-11,Veterans Day,Thu,2.4059689737351495,6.054733474640539,7.028986906438457,own weekday,Veterans Day
SCL,2021-11-25,Thanksgiving,Thu,4.8734125778301305,4.022789062634697,6.130896058223489,Saturday,Thanksgiving
SCL,2021-11-26,Day after Thanksgiving,Fri,3.5194264991937056,2.661018495320223,3.875651061882218,Saturday,Day after Thanksgiving
SCL,2021-12-24,Christmas Eve,Fri,4.1067358216796395,2.232612511600017,4.031674321038238,Saturday,Christmas Eve
SCL,2021-12-25,Christmas Day,Sat,1.6930354374791183,1.6930354374791183,2.3371686882752822,Saturday,Christmas Day
SCL,2021-12-31,New Year's Day (observed),Fri,4.786727184153078,2.186762481133385,2.9191251369230393,Saturday,New Year's Day
SCL,2022-01-01,New Year's Day,Sat,4.959618562943415,4.959618562943415,5.445661346267919,Saturday,New Year's Day
SCL,2022-01-17,MLK Day,Mon,1.5428889745697907,3.304564592446129,4.6851858091565886,own weekday,MLK Day
SCL,2022-02-13,Super Bowl Sunday,Sun,6.14300752326393,3.3203804952405984,6.14300752326393,Saturday,Super Bowl Sunday
SCL,2022-02-21,Presidents' Day,Mon,3.5684980982816814,2.750843617916888,3.4969162619260628,Saturday,Presidents' Day
SCL,2022-05-30,Memorial Day,Mon,3.6050785936825633,1.9081453909923662,1.767881664257145,Sunday,Memorial Day
SCL,2022-06-19,Juneteenth,Sun,1.9319146888356902,1.9451232181120381,1.9319146888356902,Sunday,Juneteenth
SCL,2022-06-20,Juneteenth (observed),Mon,1.9205060731285706,3.9009588781225784,3.875756972293716,own weekday,Juneteenth
SCL,2022-07-04,Independence Day,Mon,4.384482778030322,1.4957268602654787,2.1097951794004604,Saturday,Independence Day
SCL,2022-09-05,Labor Day,Mon,3.967132868999127,2.0521317763315268,2.877367358820039,Saturday,Labor Day
SCL,2022-10-10,Columbus Day,Mon,2.5696491295019204,4.916581309128382,5.930360038652497,own weekday,Columbus Day
SCL,2022-11-11,Veterans Day,Fri,3.367595382286728,5.310696842710791,6.641865081107283,own weekday,Veterans Day
SCL,2022-11-24,Thanksgiving,Thu,5.412136427408856,5.141876050136543,7.266724063919932,Saturday,Thanksgiving
SCL,2022-11-25,Day after Thanksgiving,Fri,3.7784929764492894,4.336422618096862,4.001163251177465,own weekday,Day after Thanksgiving
SCL,2022-12-24,Christmas Eve,Sat,5.521692386199692,5.521692386199692,7.936503136163131,Saturday,Christmas Eve
SCL,2022-12-25,Christmas Day,Sun,3.4011357119136685,1.6758399479261454,3.4011357119136685,Saturday,Christmas Day
SCL,2022-12-26,Christmas Day (observed),Mon,4.103534588784044,2.4732567227683013,1.9444571560913768,Sunday,Christmas Day
SCL,2022-12-31,New Year's Eve,Sat,2.0065711619324778,2.0065711619324778,2.5272373157023993,Saturday,New Year's Eve
SCL,2023-01-01,New Year's Day,Sun,1.9161062604700911,3.376753292285305,1.9161062604700911,Sunday,New Year's Day
SCL,2023-01-02,New Year's Day (observed),Mon,3.565348521428212,2.667076975694342,2.8167985256255106,Saturday,New Year's Day
SCL,2023-01-16,MLK Day,Mon,3.0203452811564935,3.5152908214862713,3.3892931188607833,own weekday,MLK Day
SCL,2023-02-12,Super Bowl Sunday,Sun,4.736890803005216,2.6607303538269016,4.736890803005216,Saturday,Super Bowl Sunday
SCL,2023-02-20,Presidents' Day,Mon,3.1973177141681695,3.8740749152830394,4.2900543722800135,own weekday,Presidents' Day
SCL,2023-05-29,Memorial Day,Mon,4.970738174876477,2.6004321928491234,1.16823762181019,Sunday,Memorial Day
SCL,2023-06-19,Juneteenth,Mon,1.7801552460465264,2.8972915119296383,3.6475801228753997,own weekday,Juneteenth
SCL,2023-07-04,Independence Day,Tue,6.052072611108924,4.468941700347191,4.195230152644088,Sunday,Independence Day
SCL,2023-09-04,Labor Day,Mon,2.9401499229298413,2.277404545364928,3.4471562191633547,Saturday,Labor Day
SCL,2023-10-09,Columbus Day,Mon,1.2705557711015356,4.895877511305619,5.53678463183862,own weekday,Columbus Day
SCL,2023-11-10,Veterans Day (observed),Fri,1.4842092220291947,5.356323406340166,6.654901938180746,own weekday,Veterans Day
SCL,2023-11-11,Veterans Day,Sat,1.9100697519966816,1.9100697519966816,3.2360537021236375,Saturday,Veterans Day
SCL,2023-11-23,Thanksgiving,Thu,4.159112783501239,2.2622094078843324,4.5307003005433035,Saturday,Thanksgiving
SCL,2023-11-24,Day after Thanksgiving,Fri,4.5134804666487485,3.858605168967941,5.172570696261998,Saturday,Day after Thanksgiving
SCL,2023-12-24,Christmas Eve,Sun,4.224201263455627,3.563559885724233,4.224201263455627,Saturday,Christmas Eve
SCL,2023-12-25,Christmas Day,Mon,4.53210664871187,3.098640665804131,3.750912174285612,Saturday,Christmas Day
SCL,2023-12-31,New Year's Eve,Sun,1.6063581005657215,2.3632961905960497,1.6063581005657215,Sunday,New Year's Eve
SCL,2024-01-01,New Year's Day,Mon,5.127197720726894,2.1380154369876534,1.3054301566717301,Sunday,New Year's Day
SCL,2024-01-15,MLK Day,Mon,5.164650607498784,4.177218287368823,3.259988540030519,Sunday,MLK Day
SCL,2024-02-11,Super Bowl Sunday,Sun,2.2539851078979103,2.400933349537206,2.2539851078979103,Sunday,Super Bowl Sunday
SCL,2024-02-19,Presidents' Day,Mon,2.217733191713576,3.7482074057936363,3.765645542661188,own weekday,Presidents' Day
SCL,2024-05-27,Memorial Day,Mon,4.6980123247416135,1.8620050690646002,1.4961580040076476,Sunday,Memorial Day
SCL,2024-06-19,Juneteenth,Wed,4.426869039251027,3.7040434300844853,3.9933805054004323,Saturday,Juneteenth
SCL,2024-07-04,Independence Day,Thu,5.271482050001657,3.2525175919820093,2.6420534614494064,Sunday,Independence Day
SCL,2024-09-02,Labor Day,Mon,3.0599582746441647,3.570209495633077,3.7010192827370925,own weekday,Labor Day
SCL,2024-10-14,Columbus Day,Mon,2.0488331635751025,4.980726198740829,5.526772954370463,own weekday,Columbus Day
SCL,2024-11-11,Veterans Day,Mon,1.6006020669317518,3.983762876197141,4.923503066142498,own weekday,Veterans Day
SCL,2024-11-28,Thanksgiving,Thu,4.616938026005505,3.5618091275584662,6.188019906442766,Saturday,Thanksgiving
SCL,2024-11-29,Day after Thanksgiving,Fri,3.5280525761063246,2.3394853744485813,3.942515357859237,Saturday,Day after Thanksgiving
SCL,2024-12-24,Christmas Eve,Tue,2.3617252622784886,2.9813249382139815,4.364964299656766,own weekday,Christmas Eve
SCL,2024-12-25,Christmas Day,Wed,3.9353018618645783,2.1009795890294907,3.2473260121873992,Saturday,Christmas Day
SCL,2024-12-31,New Year's Eve,Tue,2.254535550620131,4.203910219092363,5.176481990070742,own weekday,New Year's Eve
SCL,2025-01-01,New Year's Day,Wed,3.927408848662665,1.623477168247316,1.7392123849015746,Saturday,New Year's Day
SCL,2025-01-20,MLK Day,Mon,3.440716588242382,4.439522542585802,5.861336364547933,own weekday,MLK Day
SCL,2025-02-09,Super Bowl Sunday,Sun,2.16454882917904,1.8177849755987054,2.16454882917904,Saturday,Super Bowl Sunday
SCL,2025-02-17,Presidents' Day,Mon,1.2669697372973612,2.866358026449412,4.416683898177092,own weekday,Presidents' Day
SCL,2025-05-26,Memorial Day,Mon,5.599061487406335,3.1719892082327985,2.612465473818956,Sunday,Memorial Day
SCL,2025-06-19,Juneteenth,Thu,3.3750248452056804,2.9571526626439466,3.846971786576671,Saturday,Juneteenth
SCL,2025-07-04,Independence Day,Fri,4.7231155889366025,4.025015719253052,3.685158779265294,Sunday,Independence Day
SCL,2025-09-01,Labor Day,Mon,2.9138122569426472,2.33303274480115,2.2826190945157516,Sunday,Labor Day
SCL,2025-10-13,Columbus Day,Mon,3.5663301178116127,5.960109388240078,6.632188585182878,own weekday,Columbus Day
SCL,2025-11-11,Veterans Day,Tue,1.8945731157507455,4.131528131249829,4.13022235300616,own weekday,Veterans Day
SCL,2025-11-27,Thanksgiving,Thu,5.3811412272811525,3.731746170684357,5.763023229966183,Saturday,Thanksgiving
SCL,2025-11-28,Day after Thanksgiving,Fri,4.360943147140791,2.956447275914228,3.307578690643979,Saturday,Day after Thanksgiving
SCL,2025-12-24,Christmas Eve,Wed,3.0979315049290985,4.539977215547048,6.012424636527333,own weekday,Christmas Eve
SCL,2025-12-25,Christmas Day,Thu,4.601466278622433,2.6640537024096482,4.222858226293875,Saturday,Christmas Day
SCL,2025-12-31,New Year's Eve,Wed,2.018380799425954,3.2852171793428706,4.055692579284373,own weekday,New Year's Eve
SCL,2026-01-01,New Year's Day,Thu,5.574238644608046,3.4527373639062615,4.323046776483664,Saturday,New Year's Day
SCL,2026-01-19,MLK Day,Mon,3.6172741338430465,3.258277803112935,4.0039950352420774,Saturday,MLK Day
SCL,2026-02-08,Super Bowl Sunday,Sun,3.7119975801214156,3.9731195425799495,3.7119975801214156,Sunday,Super Bowl Sunday
SCL,2026-02-16,Presidents' Day,Mon,3.0472822418533414,3.2433206763452924,3.485515813034402,own weekday,Presidents' Day
SCL,2026-05-25,Memorial Day,Mon,5.857367244395183,5.759058787178373,4.187924635806161,Sunday,Memorial Day
SCL,2026-06-19,Juneteenth,Fri,3.863031735137897,5.194555608779136,4.7108579485576865,own weekday,Juneteenth
SOCO,2015-09-07,Labor Day,Mon,2.096197345639618,2.074620637054649,1.7030726661753208,Sunday,Labor Day
SOCO,2015-10-12,Columbus Day,Mon,1.4817450940065182,4.042973088423004,3.938676373425188,own weekday,Columbus Day
SOCO,2015-11-11,Veterans Day,Wed,5.773918739352377,3.875870169849943,4.959975080714934,Saturday,Veterans Day
SOCO,2015-11-26,Thanksgiving,Thu,9.972915926063058,7.8778279668734505,10.56388876644355,Saturday,Thanksgiving
SOCO,2015-11-27,Day after Thanksgiving,Fri,3.041979585836285,1.2463797655073945,2.134774267525806,Saturday,Day after Thanksgiving
SOCO,2015-12-24,Christmas Eve,Thu,3.3537788671881104,4.563076421755375,3.921877664983281,own weekday,Christmas Eve
SOCO,2015-12-25,Christmas Day,Fri,4.812668195208401,4.289305637204137,4.776929668690705,Saturday,Christmas Day
SOCO,2015-12-31,New Year's Eve,Thu,2.0070867580617384,2.7144708200012033,2.503070211571305,own weekday,New Year's Eve
SOCO,2016-01-01,New Year's Day,Fri,5.077028961541257,4.155266267473228,2.054085212753966,Sunday,New Year's Day
SOCO,2016-01-18,MLK Day,Mon,3.5804765891410204,3.3894450918671692,4.450488403820344,Saturday,MLK Day
SOCO,2016-02-07,Super Bowl Sunday,Sun,7.570037510298894,5.720549441834854,7.570037510298894,Saturday,Super Bowl Sunday
SOCO,2016-02-15,Presidents' Day,Mon,3.178534305737369,3.9326594396772143,4.667921180856305,own weekday,Presidents' Day
SOCO,2016-05-30,Memorial Day,Mon,8.63082472340086,9.371167442586632,7.992189942010225,Sunday,Memorial Day
SOCO,2016-07-04,Independence Day,Mon,4.27955393505382,1.98229113633548,2.7319837941640666,Saturday,Independence Day
SOCO,2016-09-05,Labor Day,Mon,2.678997082078775,3.2918027769256843,1.7700160450216884,Sunday,Labor Day
SOCO,2016-10-10,Columbus Day,Mon,4.120999587965135,4.254352542659338,4.494747111067458,own weekday,Columbus Day
SOCO,2016-11-11,Veterans Day,Fri,10.127877251676603,10.926810501351962,12.451029278337788,own weekday,Veterans Day
SOCO,2016-11-24,Thanksgiving,Thu,9.477573677533606,8.493728844916738,11.255942716722313,Saturday,Thanksgiving
SOCO,2016-11-25,Day after Thanksgiving,Fri,5.010940817559333,4.529295667085035,7.113439561267889,Saturday,Day after Thanksgiving
SOCO,2016-12-24,Christmas Eve,Sat,1.228537707520076,1.228537707520076,3.485494953153017,Saturday,Christmas Eve
SOCO,2016-12-25,Christmas Day,Sun,3.6649930526669117,1.8590696434831115,3.6649930526669117,Saturday,Christmas Day
SOCO,2016-12-26,Christmas Day (observed),Mon,6.122656866988175,7.586496787785567,6.264502757312491,own weekday,Christmas Day
SOCO,2016-12-31,New Year's Eve,Sat,3.07902063880271,3.07902063880271,4.610357764980385,Saturday,New Year's Eve
SOCO,2017-01-01,New Year's Day,Sun,4.451218222833581,3.3223668888701763,4.451218222833581,Saturday,New Year's Day
SOCO,2017-01-02,New Year's Day (observed),Mon,4.910900204105067,6.8726863687686,5.570431655156863,own weekday,New Year's Day
SOCO,2017-01-16,MLK Day,Mon,4.286183347593706,5.702023359499785,5.650938041530741,own weekday,MLK Day
SOCO,2017-02-05,Super Bowl Sunday,Sun,3.7418986904522784,3.416444185861022,3.7418986904522784,Saturday,Super Bowl Sunday
SOCO,2017-02-20,Presidents' Day,Mon,4.061771007379205,4.856582685888014,4.025378280338532,Sunday,Presidents' Day
SOCO,2017-05-29,Memorial Day,Mon,6.070953928344433,2.722292146958861,3.64403236739134,Saturday,Memorial Day
SOCO,2017-07-04,Independence Day,Tue,4.397583095005921,2.6153560906685596,3.9673778369315302,Saturday,Independence Day
SOCO,2017-09-04,Labor Day,Mon,5.900967948279859,5.081788467868108,3.3911062298573746,Sunday,Labor Day
SOCO,2017-10-09,Columbus Day,Mon,3.834045247488717,4.392224005357309,4.508349452716648,own weekday,Columbus Day
SOCO,2017-11-10,Veterans Day (observed),Fri,12.832836137177583,10.167831788515873,10.064805879230637,Sunday,Veterans Day
SOCO,2017-11-11,Veterans Day,Sat,9.675709888802324,9.675709888802324,9.668333320489001,Sunday,Veterans Day
SOCO,2017-11-23,Thanksgiving,Thu,11.337270061819215,12.145994068157322,12.302076035878047,own weekday,Thanksgiving
SOCO,2017-11-24,Day after Thanksgiving,Fri,12.48376039261528,10.850127326498567,10.861264333046476,Saturday,Day after Thanksgiving
SOCO,2017-12-24,Christmas Eve,Sun,2.792755373734488,4.574534245276565,2.792755373734488,Sunday,Christmas Eve
SOCO,2017-12-25,Christmas Day,Mon,4.016218506860927,4.27702862038959,3.8422380146801096,Sunday,Christmas Day
SOCO,2017-12-31,New Year's Eve,Sun,4.494373500670209,6.897169777421889,4.494373500670209,Sunday,New Year's Eve
SOCO,2018-01-01,New Year's Day,Mon,4.122061737829064,3.3434125132216796,2.70637424442671,Sunday,New Year's Day
SOCO,2018-01-15,MLK Day,Mon,5.4342184964541875,4.795365944877922,3.3582661737723902,Sunday,MLK Day
SOCO,2018-02-04,Super Bowl Sunday,Sun,5.527742934048364,6.2457884350814385,5.527742934048364,Sunday,Super Bowl Sunday
SOCO,2018-02-19,Presidents' Day,Mon,6.463874636666539,10.625006645941397,7.907814154064441,own weekday,Presidents' Day
SOCO,2018-05-28,Memorial Day,Mon,4.94523330876028,2.542962488248981,2.1449001645716184,Sunday,Memorial Day
SOCO,2018-07-04,Independence Day,Wed,3.8494653294348806,2.208834634107676,2.514463056432632,Saturday,Independence Day
SOCO,2018-09-03,Labor Day,Mon,1.9168645957121335,1.0801149692758318,0.9296061697283194,Sunday,Labor Day
SOCO,2018-10-08,Columbus Day,Mon,2.572933425008887,4.113900729633911,4.394109143648481,own weekday,Columbus Day
SOCO,2018-11-11,Veterans Day,Sun,14.76372643299233,9.895160535711785,14.76372643299233,Saturday,Veterans Day
SOCO,2018-11-12,Veterans Day (observed),Mon,4.8819831393985345,4.220097886030192,7.638119189288349,Saturday,Veterans Day
SOCO,2018-11-22,Thanksgiving,Thu,15.586866947773407,12.601166789476759,16.436124720031298,Saturday,Thanksgiving
SOCO,2018-11-23,Day after Thanksgiving,Fri,5.280132205191279,3.9565575998169185,7.374121836930231,Saturday,Day after Thanksgiving
SOCO,2018-12-24,Christmas Eve,Mon,6.43078824869974,4.327158738054832,5.530811684924411,Saturday,Christmas Eve
SOCO,2018-12-25,Christmas Day,Tue,11.390988551839774,10.939452682926659,12.122766566574873,Saturday,Christmas Day
SOCO,2018-12-31,New Year's Eve,Mon,4.510401679372028,3.614757660121177,3.3944803540011197,Sunday,New Year's Eve
SOCO,2019-01-01,New Year's Day,Tue,8.016383397343816,4.9580664342172565,4.008886268949926,Sunday,New Year's Day
SOCO,2019-01-21,MLK Day,Mon,8.182006873117988,6.719274169926422,8.158223039234489,Saturday,MLK Day
SOCO,2019-02-03,Super Bowl Sunday,Sun,1.8562544709357545,3.687028587597053,1.8562544709357545,Sunday,Super Bowl Sunday
SOCO,2019-02-18,Presidents' Day,Mon,4.9073271761200274,4.563152444460568,2.390988256982475,Sunday,Presidents' Day
SOCO,2019-05-27,Memorial Day,Mon,8.378744515653196,8.380461803528332,7.40811676179947,Sunday,Memorial Day
SOCO,2019-07-04,Independence Day,Thu,3.2623482252037017,1.3915440143928144,3.5803435406255204,Saturday,Independence Day
SOCO,2019-09-02,Labor Day,Mon,3.5423042370051068,3.7050153787697706,2.56450178636166,Sunday,Labor Day
SOCO,2019-10-14,Columbus Day,Mon,6.216408952414878,5.2962252425031275,5.89168508408222,Saturday,Columbus Day
SOCO,2019-11-11,Veterans Day,Mon,11.038710921623084,7.639397038762828,9.557916496364259,Saturday,Veterans Day
SOCO,2019-11-28,Thanksgiving,Thu,6.450325917063364,6.851119239288551,9.740148729965105,own weekday,Thanksgiving
SOCO,2019-11-29,Day after Thanksgiving,Fri,2.2624557811134944,3.4343520591026624,5.714003514354075,own weekday,Day after Thanksgiving
SOCO,2019-12-24,Christmas Eve,Tue,4.68679742282182,1.7779860922670438,3.573968148739005,Saturday,Christmas Eve
SOCO,2019-12-25,Christmas Day,Wed,2.8804231858089944,1.9881071271072213,3.072250236109256,Saturday,Christmas Day
SOCO,2019-12-31,New Year's Eve,Tue,3.760975938975485,2.854405954053557,3.6038863544785236,Saturday,New Year's Eve
SOCO,2020-01-01,New Year's Day,Wed,3.507042092813511,4.496955826526725,5.668328436807288,own weekday,New Year's Day
SOCO,2020-01-20,MLK Day,Mon,4.515067884729636,4.981735173740312,4.9613318815366245,own weekday,MLK Day
SOCO,2020-02-02,Super Bowl Sunday,Sun,9.700035763248763,8.63500697157777,9.700035763248763,Saturday,Super Bowl Sunday
SOCO,2020-02-17,Presidents' Day,Mon,1.253460085659446,3.1848382399521564,3.849682081599807,own weekday,Presidents' Day
SOCO,2020-05-25,Memorial Day,Mon,4.945906293156107,5.80568735350576,5.08502379452622,own weekday,Memorial Day
SOCO,2020-07-03,Independence Day (observed),Fri,3.6152911397644787,2.1436053494895178,1.9731297927771836,Sunday,Independence Day
SOCO,2020-07-04,Independence Day,Sat,2.638341894146926,2.638341894146926,2.891556816000197,Saturday,Independence Day
SOCO,2020-09-07,Labor Day,Mon,4.158011402080778,4.305431831160726,2.1096848292610146,Sunday,Labor Day
SOCO,2020-10-12,Columbus Day,Mon,1.4442592996386707,3.395232599347809,3.3249499437658385,own weekday,Columbus Day
SOCO,2020-11-11,Veterans Day,Wed,1.5614752860243593,3.684221186613172,3.6882573427926384,own weekday,Veterans Day
SOCO,2020-11-26,Thanksgiving,Thu,5.8368926134422665,4.6114167131167445,5.994612000944759,Saturday,Thanksgiving
SOCO,2020-11-27,Day after Thanksgiving,Fri,2.6519164264692767,1.065068842809703,3.3061636143053583,Saturday,Day after Thanksgiving
SOCO,2020-12-24,Christmas Eve,Thu,11.684548957721507,10.149365345240687,7.309834842116223,Sunday,Christmas Eve
SOCO,2020-12-25,Christmas Day,Fri,6.72819639962391,6.86165724953536,9.259223801190146,own weekday,Christmas Day
SOCO,2020-12-31,New Year's Eve,Thu,3.533901870979005,2.030220791056181,3.207113414946149,Saturday,New Year's Eve
SOCO,2021-01-01,New Year's Day,Fri,5.655642420228835,3.6300549468629755,2.203236620965368,Sunday,New Year's Day
SOCO,2021-01-18,MLK Day,Mon,6.793415253258744,3.7625295707105213,4.367321974108154,Saturday,MLK Day
SOCO,2021-02-07,Super Bowl Sunday,Sun,2.5762386138885716,2.2686246424438195,2.5762386138885716,Saturday,Super Bowl Sunday
SOCO,2021-02-15,Presidents' Day,Mon,5.076576676696982,4.636570131351396,6.1449413072924575,Saturday,Presidents' Day
SOCO,2021-05-31,Memorial Day,Mon,5.026787832558212,7.051003098551703,3.0887864011913235,Sunday,Memorial Day
SOCO,2021-06-18,Juneteenth (observed),Fri,5.767858945217435,4.998911326976056,4.416298695919534,Sunday,Juneteenth
SOCO,2021-06-19,Juneteenth,Sat,5.967034041229005,5.967034041229005,9.511033455827931,Saturday,Juneteenth
SOCO,2021-07-04,Independence Day,Sun,3.2480779971582683,3.9038251238892907,3.2480779971582683,Sunday,Independence Day
SOCO,2021-07-05,Independence Day (observed),Mon,3.7614863804258443,4.818627152443883,3.4370951560503062,Sunday,Independence Day
SOCO,2021-09-06,Labor Day,Mon,3.160359616372826,1.542149875568639,1.2723094901470218,Sunday,Labor Day
SOCO,2021-10-11,Columbus Day,Mon,2.0515674423261907,2.6191276488795956,3.257493422462482,own weekday,Columbus Day
SOCO,2021-11-11,Veterans Day,Thu,4.580194059267914,4.709242652935686,5.736000310087267,own weekday,Veterans Day
SOCO,2021-11-25,Thanksgiving,Thu,16.801478306766924,13.462642702730083,14.441910420813137,Saturday,Thanksgiving
SOCO,2021-11-26,Day after Thanksgiving,Fri,6.73261305433077,6.982945266313938,5.72877336812462,Sunday,Day after Thanksgiving
SOCO,2021-12-24,Christmas Eve,Fri,10.496667485010528,9.391112640515692,10.268946965193738,Saturday,Christmas Eve
SOCO,2021-12-25,Christmas Day,Sat,1.9865411078391042,1.9865411078391042,2.945969462533453,Saturday,Christmas Day
SOCO,2021-12-31,New Year's Day (observed),Fri,5.514236621902971,6.94472582029269,5.642363290315499,own weekday,New Year's Day
SOCO,2022-01-01,New Year's Day,Sat,7.5770235883611035,7.5770235883611035,5.8031135224686805,Sunday,New Year's Day
SOCO,2022-01-17,MLK Day,Mon,3.0904707564180147,1.8953711100426853,3.789223239862558,Saturday,MLK Day
SOCO,2022-02-13,Super Bowl Sunday,Sun,5.624247060405974,8.413237231770166,5.624247060405974,Sunday,Super Bowl Sunday
SOCO,2022-02-21,Presidents' Day,Mon,2.83285675976252,7.271490191063408,8.598117487412132,own weekday,Presidents' Day
SOCO,2022-05-30,Memorial Day,Mon,7.0294035895689095,5.934606852550159,5.040698594278315,Sunday,Memorial Day
SOCO,2022-06-19,Juneteenth,Sun,2.3236516062585366,2.108154775458836,2.3236516062585366,Saturday,Juneteenth
SOCO,2022-06-20,Juneteenth (observed),Mon,3.8440438472393987,4.694966944916587,3.448183214966844,Sunday,Juneteenth
SOCO,2022-07-04,Independence Day,Mon,2.913488586391437,2.013945482029626,1.4381923923168682,Sunday,Independence Day
SOCO,2022-09-05,Labor Day,Mon,2.6827169618643154,1.6293818509396085,2.1896392206822743,Saturday,Labor Day
SOCO,2022-10-10,Columbus Day,Mon,5.226599885911884,4.918846716400864,6.288127939404359,Saturday,Columbus Day
SOCO,2022-11-11,Veterans Day,Fri,2.276484974567498,4.227219784224342,7.4850960637375366,own weekday,Veterans Day
SOCO,2022-11-24,Thanksgiving,Thu,6.652692138496896,7.226369460690572,9.707269358362023,own weekday,Thanksgiving
SOCO,2022-11-25,Day after Thanksgiving,Fri,3.7471275721981034,2.5535210443755116,4.312149479417183,Saturday,Day after Thanksgiving
SOCO,2022-12-24,Christmas Eve,Sat,9.713154576082655,9.713154576082655,11.568124142849044,Saturday,Christmas Eve
SOCO,2022-12-25,Christmas Day,Sun,14.324476450199846,12.52890224315891,14.324476450199846,Saturday,Christmas Day
SOCO,2022-12-26,Christmas Day (observed),Mon,12.658691183818963,12.172963238013166,13.934280069083185,Saturday,Christmas Day
SOCO,2022-12-31,New Year's Eve,Sat,1.8827938690605597,1.8827938690605597,2.592619634350071,Saturday,New Year's Eve
SOCO,2023-01-01,New Year's Day,Sun,2.669207326160268,1.5190935999942257,2.669207326160268,Saturday,New Year's Day
SOCO,2023-01-02,New Year's Day (observed),Mon,3.6967125899588074,3.152147333631354,3.2794476472416436,Saturday,New Year's Day
SOCO,2023-01-16,MLK Day,Mon,11.163328802671911,10.020738034580267,11.70311951566832,Saturday,MLK Day
SOCO,2023-02-12,Super Bowl Sunday,Sun,3.9551510962344256,7.126004949801747,3.9551510962344256,Sunday,Super Bowl Sunday
SOCO,2023-02-20,Presidents' Day,Mon,3.153587064512362,6.540896479331096,3.4263088742087686,own weekday,Presidents' Day
SOCO,2023-05-29,Memorial Day,Mon,6.297528511184153,3.9940114332882213,2.661020420223546,Sunday,Memorial Day
SOCO,2023-06-19,Juneteenth,Mon,1.8147648384398485,2.2274192866009903,3.1797411386585575,own weekday,Juneteenth
SOCO,2023-07-04,Independence Day,Tue,2.598910536369982,1.6638903010193398,1.8349669895092915,Saturday,Independence Day
SOCO,2023-09-04,Labor Day,Mon,2.7149754369319736,3.777645829789327,3.3604864425523657,own weekday,Labor Day
SOCO,2023-10-09,Columbus Day,Mon,9.600825252222107,8.742756440868805,10.012942047113462,Saturday,Columbus Day
SOCO,2023-11-10,Veterans Day (observed),Fri,3.3491304811807683,3.3530074094670543,6.359836430842465,own weekday,Veterans Day
SOCO,2023-11-11,Veterans Day,Sat,3.273648046085267,3.273648046085267,6.236391715478043,Saturday,Veterans Day
SOCO,2023-11-23,Thanksgiving,Thu,10.687434305630566,10.889574634142013,11.04152548826718,own weekday,Thanksgiving
SOCO,2023-11-24,Day after Thanksgiving,Fri,7.5911402876666285,6.805897193518584,6.183949120247917,Sunday,Day after Thanksgiving
SOCO,2023-12-24,Christmas Eve,Sun,5.947583531095938,1.8295135673442602,5.947583531095938,Saturday,Christmas Eve
SOCO,2023-12-25,Christmas Day,Mon,4.006542837216231,4.344432068094588,3.035321549141662,Sunday,Christmas Day
SOCO,2023-12-31,New Year's Eve,Sun,13.73655715905144,8.81006418817145,13.73655715905144,Saturday,New Year's Eve
SOCO,2024-01-01,New Year's Day,Mon,5.66624906718621,3.5455526091039893,7.0481875580129545,Saturday,New Year's Day
SOCO,2024-01-15,MLK Day,Mon,4.848343616493169,2.6806699184968514,7.9358552811667495,Saturday,MLK Day
SOCO,2024-02-11,Super Bowl Sunday,Sun,3.1590829915745333,6.6206048603722385,3.1590829915745333,Sunday,Super Bowl Sunday
SOCO,2024-02-19,Presidents' Day,Mon,5.75894782314473,7.698822920335635,6.52561135171551,own weekday,Presidents' Day
SOCO,2024-05-27,Memorial Day,Mon,5.38483097139062,4.170799147518356,3.308315550195099,Sunday,Memorial Day
SOCO,2024-06-19,Juneteenth,Wed,1.6431700211077278,2.6272253980979836,2.6589421080083993,own weekday,Juneteenth
SOCO,2024-07-04,Independence Day,Thu,3.2803296542848215,3.1787394336726518,2.560411064371233,Sunday,Independence Day
SOCO,2024-09-02,Labor Day,Mon,3.3649906841543133,4.231626280310299,2.3851878971036755,Sunday,Labor Day
SOCO,2024-10-14,Columbus Day,Mon,5.785813004690066,4.4739870516403375,5.947541701248231,Saturday,Columbus Day
SOCO,2024-11-11,Veterans Day,Mon,2.862142988431761,2.8118437032113865,4.293097660309031,Saturday,Veterans Day
SOCO,2024-11-28,Thanksgiving,Thu,5.98114500714994,6.010602528054687,6.008491329735369,own weekday,Thanksgiving
SOCO,2024-11-29,Day after Thanksgiving,Fri,6.506886887088373,7.365723200737058,6.256532268702535,Sunday,Day after Thanksgiving
SOCO,2024-12-24,Christmas Eve,Tue,13.367414077284852,6.5208673962258725,9.497427242414282,Saturday,Christmas Eve
SOCO,2024-12-25,Christmas Day,Wed,12.134419751306286,5.7340701580309625,8.778068805994678,Saturday,Christmas Day
SOCO,2024-12-31,New Year's Eve,Tue,3.538552479515094,3.4201540293522505,1.6285337964968944,Sunday,New Year's Eve
SOCO,2025-01-01,New Year's Day,Wed,4.5623824117930205,5.811044185432085,4.0707749165025335,Sunday,New Year's Day
SOCO,2025-01-20,MLK Day,Mon,3.8647902374697276,3.0385679670085515,4.6556932150358135,Saturday,MLK Day
SOCO,2025-02-09,Super Bowl Sunday,Sun,11.250387367068312,9.556742528124216,11.250387367068312,Saturday,Super Bowl Sunday
SOCO,2025-02-17,Presidents' Day,Mon,3.543809470734576,5.254415914417825,4.706073031083748,own weekday,Presidents' Day
SOCO,2025-05-26,Memorial Day,Mon,5.500502119175527,3.934525844202453,4.215925464373107,Saturday,Memorial Day
SOCO,2025-06-19,Juneteenth,Thu,2.8733426558059327,2.790499170238926,4.385930237596745,Saturday,Juneteenth
SOCO,2025-07-04,Independence Day,Fri,2.8434995001010708,3.7317773729576875,3.9647289316618957,own weekday,Independence Day
SOCO,2025-09-01,Labor Day,Mon,3.3704943417175426,1.6155078346981468,2.462283857673596,Saturday,Labor Day
SOCO,2025-10-13,Columbus Day,Mon,2.410011213271625,3.7487633947551093,4.606580979455141,own weekday,Columbus Day
SOCO,2025-11-11,Veterans Day,Tue,16.410597926327217,15.228418823490633,15.51746683598597,Saturday,Veterans Day
SOCO,2025-11-27,Thanksgiving,Thu,7.273325042243821,8.764476640839682,8.925049797744949,own weekday,Thanksgiving
SOCO,2025-11-28,Day after Thanksgiving,Fri,8.811586875332376,10.572487686585614,10.474305092485496,own weekday,Day after Thanksgiving
SOCO,2025-12-24,Christmas Eve,Wed,3.9921191187601677,3.1858073763334014,4.234253114644291,Saturday,Christmas Eve
SOCO,2025-12-25,Christmas Day,Thu,3.510729069100444,5.411973281098605,2.5046143530933818,Sunday,Christmas Day
SOCO,2025-12-31,New Year's Eve,Wed,5.763932233805072,9.502511569714905,13.965696502977169,own weekday,New Year's Eve
SOCO,2026-01-01,New Year's Day,Thu,9.938139333733904,10.37645087818428,14.879874413648023,own weekday,New Year's Day
SOCO,2026-01-19,MLK Day,Mon,8.387300458499984,7.101375887119173,9.81093353118769,Saturday,MLK Day
SOCO,2026-02-08,Super Bowl Sunday,Sun,11.964586980026166,12.002020369702322,11.964586980026166,Sunday,Super Bowl Sunday
SOCO,2026-02-16,Presidents' Day,Mon,3.313278149150003,2.24344624157948,2.7674350940445542,Saturday,Presidents' Day
SOCO,2026-05-25,Memorial Day,Mon,4.35219159048683,1.5937821856782244,2.5714238124789546,Saturday,Memorial Day
SOCO,2026-06-19,Juneteenth,Fri,2.2778274491839627,2.266287490562131,2.959226115454033,Saturday,Juneteenth
SRP,2015-09-07,Labor Day,Mon,4.3997303006998,4.381754567824386,6.084875570087375,Saturday,Labor Day
SRP,2015-10-12,Columbus Day,Mon,2.421994976637599,3.0957482433230767,2.9510815680981723,own weekday,Columbus Day
SRP,2015-11-26,Thanksgiving,Thu,10.690749370573938,11.358175286726075,13.798014741190192,own weekday,Thanksgiving
SRP,2015-11-27,Day after Thanksgiving,Fri,8.231067795071256,9.795538161677985,11.902831524106734,own weekday,Day after Thanksgiving
SRP,2015-12-24,Christmas Eve,Thu,4.094381325849177,2.3229982987075637,3.363150603081259,Saturday,Christmas Eve
SRP,2015-12-25,Christmas Day,Fri,5.274450254500526,5.066005534719489,4.668232211836751,Sunday,Christmas Day
SRP,2015-12-31,New Year's Eve,Thu,7.1467718772607975,8.895343236887204,8.222527416016217,own weekday,New Year's Eve
SRP,2016-01-01,New Year's Day,Fri,8.680535402671588,9.681705278236093,9.01268368982385,own weekday,New Year's Day
SRP,2016-01-18,MLK Day,Mon,2.3201088264717664,2.9343296267017607,3.7653233951180054,own weekday,MLK Day
SRP,2016-02-07,Super Bowl Sunday,Sun,3.308045309873462,2.9455231933207555,3.308045309873462,Saturday,Super Bowl Sunday
SRP,2016-02-15,Presidents' Day,Mon,8.450238733540317,10.262172950386587,7.393845961979941,Sunday,Presidents' Day
SRP,2016-05-30,Memorial Day,Mon,6.780176431589875,7.394447530621316,6.254514853086185,Sunday,Memorial Day
SRP,2016-07-04,Independence Day,Mon,3.85132491591679,1.4504879628715008,2.0580914321616604,Saturday,Independence Day
SRP,2016-09-05,Labor Day,Mon,5.323060284135644,5.798824763525626,4.512578463639412,Sunday,Labor Day
SRP,2016-10-10,Columbus Day,Mon,1.7714912987477052,2.4323215149789594,3.559406222746083,own weekday,Columbus Day
SRP,2016-11-11,Veterans Day,Fri,5.974904085591729,7.881573907426572,8.449369068251443,own weekday,Veterans Day
SRP,2016-11-24,Thanksgiving,Thu,11.40551659901702,14.096502001794944,13.170412434739474,own weekday,Thanksgiving
SRP,2016-11-25,Day after Thanksgiving,Fri,10.84115108045717,12.359776589833329,11.078192261015522,own weekday,Day after Thanksgiving
SRP,2016-12-24,Christmas Eve,Sat,1.4272118983762496,1.4272118983762496,2.5164763337633764,Saturday,Christmas Eve
SRP,2016-12-25,Christmas Day,Sun,9.479477571995705,8.818582666415221,9.479477571995705,Saturday,Christmas Day
SRP,2016-12-26,Christmas Day (observed),Mon,7.834238759740904,8.410975871019795,8.637728981327621,own weekday,Christmas Day
SRP,2016-12-31,New Year's Eve,Sat,1.2008797741851671,1.2008797741851671,1.9954214006923094,Saturday,New Year's Eve
SRP,2017-01-01,New Year's Day,Sun,1.8655835607463311,2.6244800389163,1.8655835607463311,Sunday,New Year's Day
SRP,2017-01-02,New Year's Day (observed),Mon,2.4864974949488476,1.8664469124113756,1.4494172035464117,Sunday,New Year's Day
SRP,2017-01-16,MLK Day,Mon,2.204932071634802,2.017249110841889,2.3614522664592226,Saturday,MLK Day
SRP,2017-02-05,Super Bowl Sunday,Sun,2.931041500452628,1.9192479002647946,2.931041500452628,Saturday,Super Bowl Sunday
SRP,2017-02-20,Presidents' Day,Mon,1.9470452052530018,2.866949228446237,2.239825194034059,own weekday,Presidents' Day
SRP,2017-05-29,Memorial Day,Mon,10.625245225067225,7.327531678998174,7.644442417100662,Saturday,Memorial Day
SRP,2017-07-04,Independence Day,Tue,2.4610665125303783,2.3175580728330663,3.4378013197971744,Saturday,Independence Day
SRP,2017-09-04,Labor Day,Mon,3.041148250160182,3.9242767909511715,1.3773965233268444,Sunday,Labor Day
SRP,2017-10-09,Columbus Day,Mon,1.292481814340657,3.8837937000102727,4.096679271290285,own weekday,Columbus Day
SRP,2017-11-10,Veterans Day (observed),Fri,3.540383333356572,4.9588774658934796,6.743990767065975,own weekday,Veterans Day
SRP,2017-11-11,Veterans Day,Sat,5.539039154310163,5.539039154310163,7.210386939295875,Saturday,Veterans Day
SRP,2017-11-23,Thanksgiving,Thu,6.46491002901665,5.7704195073869675,8.489850755225094,Saturday,Thanksgiving
SRP,2017-11-24,Day after Thanksgiving,Fri,4.709412061055119,5.588229780487794,7.038302691752278,own weekday,Day after Thanksgiving
SRP,2017-12-24,Christmas Eve,Sun,14.591749870503351,11.86178900241787,14.591749870503351,Saturday,Christmas Eve
SRP,2017-12-25,Christmas Day,Mon,10.418562263140286,10.107505000868965,12.231871401447965,Saturday,Christmas Day
SRP,2017-12-31,New Year's Eve,Sun,8.736612657864523,1.018946200114485,8.736612657864523,Saturday,New Year's Eve
SRP,2018-01-01,New Year's Day,Mon,8.793285620880265,3.895260705713255,11.186817781448688,Saturday,New Year's Day
SRP,2018-01-15,MLK Day,Mon,2.535261500969481,2.824224117944339,4.345665333702686,own weekday,MLK Day
SRP,2018-02-04,Super Bowl Sunday,Sun,2.5540855615194324,3.955442786676157,2.5540855615194324,Sunday,Super Bowl Sunday
SRP,2018-02-19,Presidents' Day,Mon,3.7288851517680737,5.826881930610499,4.181218772168896,own weekday,Presidents' Day
SRP,2018-05-28,Memorial Day,Mon,5.48847097815493,5.923717545196379,4.276547344822546,Sunday,Memorial Day
SRP,2018-09-03,Labor Day,Mon,2.2451013995160936,1.4599054976634651,1.1057867781251445,Sunday,Labor Day
SRP,2018-10-08,Columbus Day,Mon,8.229725641226949,9.460879147717542,9.342409784164534,own weekday,Columbus Day
SRP,2018-11-11,Veterans Day,Sun,7.786591018798942,6.862506757133732,7.786591018798942,Saturday,Veterans Day
SRP,2018-11-12,Veterans Day (observed),Mon,6.830092600921113,7.897954503461797,8.339166398169073,own weekday,Veterans Day
SRP,2018-11-22,Thanksgiving,Thu,8.857402760386456,8.595719851755547,9.543611943865649,Saturday,Thanksgiving
SRP,2018-11-23,Day after Thanksgiving,Fri,7.070851067068847,7.762208145626383,7.997425433217686,own weekday,Day after Thanksgiving
SRP,2018-12-24,Christmas Eve,Mon,3.9802183168865746,2.427998966125557,4.105593242296532,Saturday,Christmas Eve
SRP,2018-12-25,Christmas Day,Tue,3.934834174175456,2.346531357391722,3.8009041547258207,Saturday,Christmas Day
SRP,2018-12-31,New Year's Eve,Mon,3.7592068329492148,2.93730063434418,3.834252583203245,Saturday,New Year's Eve
SRP,2019-01-01,New Year's Day,Tue,12.022775716015401,11.630868842341348,11.512787287917691,Sunday,New Year's Day
SRP,2019-01-21,MLK Day,Mon,3.8371345561141017,4.46869500819755,2.779033444847378,Sunday,MLK Day
SRP,2019-02-03,Super Bowl Sunday,Sun,6.390220048188315,8.803199803860927,6.390220048188315,Sunday,Super Bowl Sunday
SRP,2019-02-18,Presidents' Day,Mon,4.644770632346528,4.432862352138071,3.729813849253293,Sunday,Presidents' Day
SRP,2019-05-27,Memorial Day,Mon,4.203490101342584,6.165588890055934,4.683429952214338,own weekday,Memorial Day
SRP,2019-07-04,Independence Day,Thu,3.522781793731364,2.6846499536577944,2.4879981353695473,Sunday,Independence Day
SRP,2019-09-02,Labor Day,Mon,3.132968085207264,3.7061137392190697,2.4330882928135256,Sunday,Labor Day
SRP,2019-10-14,Columbus Day,Mon,2.446869388139597,4.453128998313721,4.363356889912497,own weekday,Columbus Day
SRP,2019-11-11,Veterans Day,Mon,1.9834606004100765,2.9690458976184555,3.8516660169914028,own weekday,Veterans Day
SRP,2019-11-28,Thanksgiving,Thu,9.151600915066997,9.29736533504994,12.180958539118457,own weekday,Thanksgiving
SRP,2019-11-29,Day after Thanksgiving,Fri,5.910053400079797,7.966477848309779,9.59847393793218,own weekday,Day after Thanksgiving
SRP,2019-12-24,Christmas Eve,Tue,5.15203191490213,3.427843959992819,4.581396967151067,Saturday,Christmas Eve
SRP,2019-12-25,Christmas Day,Wed,5.4454163298432645,3.4440180502860414,6.015348000167733,Saturday,Christmas Day
SRP,2019-12-31,New Year's Eve,Tue,4.763769567556372,2.6678018493006324,5.077182703617423,Saturday,New Year's Eve
SRP,2020-01-01,New Year's Day,Wed,6.749059619113769,5.979521858163533,8.099201070909203,Saturday,New Year's Day
SRP,2020-01-20,MLK Day,Mon,4.169755258737936,6.53982676393212,5.807596153093237,own weekday,MLK Day
SRP,2020-02-02,Super Bowl Sunday,Sun,3.2727043076424747,4.690530603481513,3.2727043076424747,Sunday,Super Bowl Sunday
SRP,2020-02-17,Presidents' Day,Mon,1.2006660184090847,4.3233349654320135,3.0962203604725347,own weekday,Presidents' Day
SRP,2020-05-25,Memorial Day,Mon,6.392294178388533,3.2560283879588794,3.8895070616601335,Saturday,Memorial Day
SRP,2020-07-03,Independence Day (observed),Fri,2.698745608583937,2.3532163823611825,2.764020565728476,Saturday,Independence Day
SRP,2020-07-04,Independence Day,Sat,1.2049450126986079,1.2049450126986079,1.884044644461318,Saturday,Independence Day
SRP,2020-09-07,Labor Day,Mon,3.4105856512412527,3.443268976703917,3.4309064410995487,own weekday,Labor Day
SRP,2020-10-12,Columbus Day,Mon,1.350052759681107,2.8078090270225777,3.0788263460295515,own weekday,Columbus Day
SRP,2020-11-11,Veterans Day,Wed,18.143097736407785,15.616049842135574,16.447411229289663,Saturday,Veterans Day
SRP,2020-11-26,Thanksgiving,Thu,15.913403975022439,8.988152603040707,13.218353536185031,Saturday,Thanksgiving
SRP,2020-11-27,Day after Thanksgiving,Fri,11.67291704225333,9.004107917917109,11.659222500585942,Saturday,Day after Thanksgiving
SRP,2020-12-24,Christmas Eve,Thu,5.916047486964056,3.124887421239593,4.96956760379155,Saturday,Christmas Eve
SRP,2020-12-25,Christmas Day,Fri,7.33400915665652,7.089050465636035,9.021033500072093,Saturday,Christmas Day
SRP,2020-12-31,New Year's Eve,Thu,6.5744965127798025,3.8194917793864414,4.972604132729632,Saturday,New Year's Eve
SRP,2021-01-01,New Year's Day,Fri,5.455644142573227,4.55338249247036,5.715917622254793,Saturday,New Year's Day
SRP,2021-01-18,MLK Day,Mon,2.1395624605509287,3.5572480710775407,3.703602705286092,own weekday,MLK Day
SRP,2021-02-07,Super Bowl Sunday,Sun,2.1675486292016335,2.48982905195759,2.1675486292016335,Sunday,Super Bowl Sunday
SRP,2021-02-15,Presidents' Day,Mon,1.056317792775851,2.2913183565079587,2.60527856462273,own weekday,Presidents' Day
SRP,2021-05-31,Memorial Day,Mon,5.715082175279293,5.024364108867597,4.067621655464141,Sunday,Memorial Day
SRP,2021-06-18,Juneteenth (observed),Fri,2.403778190325044,2.051751788637147,2.9678838833417664,Saturday,Juneteenth
SRP,2021-06-19,Juneteenth,Sat,1.4065782981402828,1.4065782981402828,2.074983699927151,Saturday,Juneteenth
SRP,2021-07-04,Independence Day,Sun,3.5089152256398797,3.755145882590188,3.5089152256398797,Sunday,Independence Day
SRP,2021-07-05,Independence Day (observed),Mon,4.065555657048373,5.220714745167255,5.246292258980214,own weekday,Independence Day
SRP,2021-09-06,Labor Day,Mon,3.2420740580823058,2.1429726752628038,1.3404391576038082,Sunday,Labor Day
SRP,2021-10-11,Columbus Day,Mon,5.446395524604214,5.838905999770443,6.668578724230094,own weekday,Columbus Day
SRP,2021-11-11,Veterans Day,Thu,3.6577656821949973,3.7319209783454474,4.183579524043837,own weekday,Veterans Day
SRP,2021-11-25,Thanksgiving,Thu,8.037790293602146,7.659063968845094,9.371436645865538,Saturday,Thanksgiving
SRP,2021-11-26,Day after Thanksgiving,Fri,6.266464622659209,6.323121922858464,7.817963950385305,own weekday,Day after Thanksgiving
SRP,2021-12-24,Christmas Eve,Fri,4.490388136976441,3.7584961501656853,5.052093095212688,Saturday,Christmas Eve
SRP,2021-12-25,Christmas Day,Sat,3.661405924673966,3.661405924673966,5.941261342964093,Saturday,Christmas Day
SRP,2021-12-31,New Year's Day (observed),Fri,2.6625537560499115,1.5874227307113395,2.8139166429184477,Saturday,New Year's Day
SRP,2022-01-01,New Year's Day,Sat,5.152085603693575,5.152085603693575,4.941649771167167,Sunday,New Year's Day
SRP,2022-01-17,MLK Day,Mon,2.490943234515967,2.6053058624716985,3.4461746390021495,own weekday,MLK Day
SRP,2022-02-13,Super Bowl Sunday,Sun,4.455089370082459,4.483595119351625,4.455089370082459,Sunday,Super Bowl Sunday
SRP,2022-02-21,Presidents' Day,Mon,3.2939494660928603,4.036171920341371,4.103845166430915,own weekday,Presidents' Day
SRP,2022-05-30,Memorial Day,Mon,3.4274268764551965,1.8293513088942857,1.7967596100626018,Sunday,Memorial Day
SRP,2022-06-19,Juneteenth,Sun,6.073526720075173,5.30683747424468,6.073526720075173,Saturday,Juneteenth
SRP,2022-06-20,Juneteenth (observed),Mon,6.505763070724881,6.398785735118991,6.156961742149867,Sunday,Juneteenth
SRP,2022-07-04,Independence Day,Mon,4.1945474124277995,5.002284460158536,2.803123220311116,Sunday,Independence Day
SRP,2022-09-05,Labor Day,Mon,5.004198231781612,6.203283544545954,5.072623260407458,own weekday,Labor Day
SRP,2022-10-10,Columbus Day,Mon,2.32150312260587,2.6860435438931867,3.0435685909361383,own weekday,Columbus Day
SRP,2022-11-11,Veterans Day,Fri,15.498516657879271,12.96954587580439,13.101365099865703,Saturday,Veterans Day
SRP,2022-11-24,Thanksgiving,Thu,11.123419627799192,9.742155964069855,9.10188204457749,Sunday,Thanksgiving
SRP,2022-12-25,Christmas Day,Sun,5.897578730176406,3.614863423705015,5.897578730176406,Saturday,Christmas Day
SRP,2022-12-26,Christmas Day (observed),Mon,1.9191633129993297,1.5637294825306174,1.9626998119078687,Saturday,Christmas Day
SRP,2022-12-31,New Year's Eve,Sat,1.8620451552692578,1.8620451552692578,2.0729859065774487,Saturday,New Year's Eve
SRP,2023-01-01,New Year's Day,Sun,5.9954813169393875,7.485482813535244,5.9954813169393875,Sunday,New Year's Day
SRP,2023-01-02,New Year's Day (observed),Mon,3.255261205489874,2.7898364876789428,2.5996361803594703,Sunday,New Year's Day
SRP,2023-01-16,MLK Day,Mon,6.877311649809722,8.495656686377913,7.932483233406094,own weekday,MLK Day
SRP,2023-02-12,Super Bowl Sunday,Sun,2.5535432188096197,3.199922292230814,2.5535432188096197,Sunday,Super Bowl Sunday
SRP,2023-02-20,Presidents' Day,Mon,2.479573979815244,5.616661657187527,3.738548691026642,own weekday,Presidents' Day
SRP,2023-05-29,Memorial Day,Mon,5.268205186956054,5.862451421212135,3.7430948785803144,Sunday,Memorial Day
SRP,2023-06-19,Juneteenth,Mon,6.315211135386811,5.800589476687728,5.74753217599404,Sunday,Juneteenth
SRP,2023-07-04,Independence Day,Tue,3.219438983928196,2.7163511462378525,3.5633765762643135,Saturday,Independence Day
SRP,2023-09-04,Labor Day,Mon,3.1297219465292008,2.9326507394017303,3.0251769995359434,Saturday,Labor Day
SRP,2023-10-09,Columbus Day,Mon,1.9318084387482444,1.9767428433698806,2.543128478691817,own weekday,Columbus Day
SRP,2023-11-10,Veterans Day (observed),Fri,11.932038224508785,11.5891358573578,14.32518858646166,Saturday,Veterans Day
SRP,2023-11-11,Veterans Day,Sat,10.514438538665456,10.514438538665456,13.227121109454846,Saturday,Veterans Day
SRP,2023-11-23,Thanksgiving,Thu,9.197850222799259,11.241069201902608,10.567066878681102,own weekday,Thanksgiving
SRP,2023-11-24,Day after Thanksgiving,Fri,9.405161440531261,10.399364441442836,9.27252668624946,Sunday,Day after Thanksgiving
SRP,2023-12-24,Christmas Eve,Sun,6.229097220465299,4.219466447892287,6.229097220465299,Saturday,Christmas Eve
SRP,2023-12-25,Christmas Day,Mon,6.35380886923261,4.629684274738874,5.581941458688025,Saturday,Christmas Day
SRP,2023-12-31,New Year's Eve,Sun,3.4292008895001613,1.6001401712368315,3.4292008895001613,Saturday,New Year's Eve
SRP,2024-01-01,New Year's Day,Mon,4.272569160211552,2.3529027090740913,3.05886936373779,Saturday,New Year's Day
SRP,2024-01-15,MLK Day,Mon,6.320246076702742,4.902892281758694,6.207070661045541,Saturday,MLK Day
SRP,2024-02-11,Super Bowl Sunday,Sun,7.365985760413074,4.125350895508989,7.365985760413074,Saturday,Super Bowl Sunday
SRP,2024-02-19,Presidents' Day,Mon,3.2822325405638133,5.178135964293137,2.5075167995454586,Sunday,Presidents' Day
SRP,2024-05-27,Memorial Day,Mon,12.085631537982962,8.988298406170562,7.570190592333299,Sunday,Memorial Day
SRP,2024-06-19,Juneteenth,Wed,1.5648358291577846,1.1231821818963867,1.3111987786557586,Saturday,Juneteenth
SRP,2024-07-04,Independence Day,Thu,3.33517746543589,2.8338553649293097,3.9371887143778976,Saturday,Independence Day
SRP,2024-09-02,Labor Day,Mon,2.1641996261939966,3.0384819519260367,4.00361795455848,own weekday,Labor Day
SRP,2024-10-14,Columbus Day,Mon,1.584702944794267,3.089258774001806,2.392193131405877,own weekday,Columbus Day
SRP,2024-11-11,Veterans Day,Mon,10.682992160692994,10.025161167392287,12.138523116103707,Saturday,Veterans Day
SRP,2024-11-28,Thanksgiving,Thu,8.033491995160915,4.577641317705277,6.944083964719348,Saturday,Thanksgiving
SRP,2024-11-29,Day after Thanksgiving,Fri,2.5652094335927544,2.7634100150789274,5.830262124636542,own weekday,Day after Thanksgiving
SRP,2024-12-24,Christmas Eve,Tue,2.2940403624208585,1.7174573494989236,2.6344469062728497,Saturday,Christmas Eve
SRP,2024-12-25,Christmas Day,Wed,3.413533093491191,3.6836243279858025,4.359994078980425,own weekday,Christmas Day
SRP,2024-12-31,New Year's Eve,Tue,4.049817509891309,4.133829908038322,4.972147270405233,own weekday,New Year's Eve
SRP,2025-01-01,New Year's Day,Wed,2.7922757192984577,3.008003883735789,3.8014750420377337,own weekday,New Year's Day
SRP,2025-01-20,MLK Day,Mon,4.043881249843725,5.3162681748300615,5.034126069740541,own weekday,MLK Day
SRP,2025-02-09,Super Bowl Sunday,Sun,5.687197297903496,7.133335674987166,5.687197297903496,Sunday,Super Bowl Sunday
SRP,2025-02-17,Presidents' Day,Mon,2.994577837851722,4.886014145289575,3.1787379211707036,own weekday,Presidents' Day
SRP,2025-05-26,Memorial Day,Mon,8.640646923582402,4.389314971867051,9.274020414194133,Saturday,Memorial Day
SRP,2025-06-19,Juneteenth,Thu,7.423603221128565,7.13300911338402,9.479501628518872,Saturday,Juneteenth
SRP,2025-07-04,Independence Day,Fri,3.6839045693406924,1.7657287199291734,3.194483595245554,Saturday,Independence Day
SRP,2025-09-01,Labor Day,Mon,4.974391808161748,3.6033767167026256,4.190325799905013,Saturday,Labor Day
SRP,2025-10-13,Columbus Day,Mon,7.512754772207354,7.043465667955354,7.798711453345391,Saturday,Columbus Day
SRP,2025-11-11,Veterans Day,Tue,4.602565234218991,2.1409702945735973,4.016697295600363,Saturday,Veterans Day
SRP,2025-11-27,Thanksgiving,Thu,9.468872488374831,10.380751222806756,12.360109451231377,own weekday,Thanksgiving
SRP,2025-11-28,Day after Thanksgiving,Fri,6.456186181318331,6.6115374185731355,8.732687675429045,own weekday,Day after Thanksgiving
SRP,2025-12-24,Christmas Eve,Wed,5.9808799199001275,4.893687187570492,5.298240488093103,Saturday,Christmas Eve
SRP,2025-12-25,Christmas Day,Thu,3.1977405909760606,2.1050637486340644,2.1078628310150545,Saturday,Christmas Day
SRP,2025-12-31,New Year's Eve,Wed,6.811503411126194,6.497960169720221,7.185399256576199,Saturday,New Year's Eve
SRP,2026-01-01,New Year's Day,Thu,4.827082589991722,2.5402223273002447,2.839701456774636,Saturday,New Year's Day
SRP,2026-01-19,MLK Day,Mon,1.9808726269509696,2.8424316641574388,3.2969949548834365,own weekday,MLK Day
SRP,2026-02-08,Super Bowl Sunday,Sun,3.787803109236413,4.340647645363721,3.787803109236413,Sunday,Super Bowl Sunday
SRP,2026-02-16,Presidents' Day,Mon,3.57571847437749,4.219495598506845,3.3348121808324436,Sunday,Presidents' Day
SRP,2026-05-25,Memorial Day,Mon,6.780922679958169,7.4994130747418275,7.257263733128134,own weekday,Memorial Day
SRP,2026-06-19,Juneteenth,Fri,10.399044367119991,8.000977700581059,9.215816741166162,Saturday,Juneteenth
SWPP,2015-09-07,Labor Day,Mon,2.8473370227721997,1.062156488363507,2.272500743622251,Saturday,Labor Day
SWPP,2015-10-12,Columbus Day,Mon,4.683968605020109,4.140958766298749,5.872406105326401,Saturday,Columbus Day
SWPP,2015-11-11,Veterans Day,Wed,4.43544657605681,3.051309765079761,4.3109470998348165,Saturday,Veterans Day
SWPP,2015-11-26,Thanksgiving,Thu,5.032373972683354,1.8259456096675948,3.0643839360584657,Saturday,Thanksgiving
SWPP,2015-11-27,Day after Thanksgiving,Fri,3.182506884153554,2.7767262279566842,2.5693577204281186,Sunday,Day after Thanksgiving
SWPP,2015-12-24,Christmas Eve,Thu,3.214216693949724,1.6728046761181423,3.2310530766031307,Saturday,Christmas Eve
SWPP,2015-12-25,Christmas Day,Fri,2.9265324008956064,2.1269455035128666,3.6302750069124916,Saturday,Christmas Day
SWPP,2015-12-31,New Year's Eve,Thu,2.889930276787822,2.3826016017408596,3.51428226870956,Saturday,New Year's Eve
SWPP,2016-01-01,New Year's Day,Fri,4.866052985115321,3.564603576035684,4.176373904011977,Saturday,New Year's Day
SWPP,2016-01-18,MLK Day,Mon,4.206325458947575,3.678535478413157,3.69294072799005,Saturday,MLK Day
SWPP,2016-02-07,Super Bowl Sunday,Sun,2.4007187704697497,1.2331478068353432,2.4007187704697497,Saturday,Super Bowl Sunday
SWPP,2016-02-15,Presidents' Day,Mon,2.133671041799747,2.2224036346541536,3.6571609977647808,own weekday,Presidents' Day
SWPP,2016-05-30,Memorial Day,Mon,6.815276089785343,5.792514708998485,5.279136345634595,Sunday,Memorial Day
SWPP,2016-07-04,Independence Day,Mon,4.635683720470752,4.494471944583723,2.8998649232014393,Sunday,Independence Day
SWPP,2016-09-05,Labor Day,Mon,4.121309366984167,5.527220125242518,3.579177871097256,Sunday,Labor Day
SWPP,2016-10-10,Columbus Day,Mon,5.019338049284949,3.9665607031839287,6.465229636040309,Saturday,Columbus Day
SWPP,2016-11-11,Veterans Day,Fri,3.114720468891792,5.2753320562055155,5.48319597711801,own weekday,Veterans Day
SWPP,2016-11-24,Thanksgiving,Thu,8.254157710536415,7.305495818170647,9.854058185863478,Saturday,Thanksgiving
SWPP,2016-11-25,Day after Thanksgiving,Fri,4.349252456072519,3.3506377843325748,5.330979248993105,Saturday,Day after Thanksgiving
SWPP,2016-12-24,Christmas Eve,Sat,3.2957958471421014,3.2957958471421014,4.42344052088075,Saturday,Christmas Eve
SWPP,2016-12-25,Christmas Day,Sun,2.2626163703472413,1.3111773749378968,2.2626163703472413,Saturday,Christmas Day
SWPP,2016-12-26,Christmas Day (observed),Mon,3.5910005326163343,3.401243506176102,2.3507817860827225,Sunday,Christmas Day
SWPP,2016-12-31,New Year's Eve,Sat,1.9495266290949158,1.9495266290949158,3.0967424639337873,Saturday,New Year's Eve
SWPP,2017-01-01,New Year's Day,Sun,2.936268408977394,1.7405262235883874,2.936268408977394,Saturday,New Year's Day
SWPP,2017-01-02,New Year's Day (observed),Mon,3.026423046366403,3.1844216687220968,2.3338277104864966,Sunday,New Year's Day
SWPP,2017-01-16,MLK Day,Mon,1.7656866449724178,1.815737671741484,2.9348150586027932,own weekday,MLK Day
SWPP,2017-02-05,Super Bowl Sunday,Sun,2.1903525631732395,1.2072261126434918,2.1903525631732395,Saturday,Super Bowl Sunday
SWPP,2017-02-20,Presidents' Day,Mon,5.208219995055682,5.1367561598422515,4.344213041549585,Sunday,Presidents' Day
SWPP,2017-05-29,Memorial Day,Mon,7.311365043171379,6.817578778834961,6.418837137392701,Sunday,Memorial Day
SWPP,2017-07-04,Independence Day,Tue,3.7216268967209385,1.109754943057359,1.340607321787609,Saturday,Independence Day
SWPP,2017-09-04,Labor Day,Mon,3.4167334212910245,2.6487031993134376,2.314991357195613,Sunday,Labor Day
SWPP,2017-10-09,Columbus Day,Mon,1.6771764004160548,4.267699915181029,5.405555302877004,own weekday,Columbus Day
SWPP,2017-11-10,Veterans Day (observed),Fri,8.80012490024646,8.021022515751628,7.485701470063823,Sunday,Veterans Day
SWPP,2017-11-11,Veterans Day,Sat,8.030124309843654,8.030124309843654,7.25959152059445,Sunday,Veterans Day
SWPP,2017-11-23,Thanksgiving,Thu,11.446308683634802,11.707546629326089,10.65083540864989,Sunday,Thanksgiving
SWPP,2017-11-24,Day after Thanksgiving,Fri,5.219925692047175,4.866277629662448,3.6976698936095413,Sunday,Day after Thanksgiving
SWPP,2017-12-24,Christmas Eve,Sun,1.8280338755519117,1.45223069894695,1.8280338755519117,Saturday,Christmas Eve
SWPP,2017-12-25,Christmas Day,Mon,5.351729578295988,1.7020813936407702,3.9136937971377384,Saturday,Christmas Day
SWPP,2017-12-31,New Year's Eve,Sun,1.189129665552768,2.1073769085009078,1.189129665552768,Sunday,New Year's Eve
SWPP,2018-01-01,New Year's Day,Mon,6.015948915527504,2.4315945795950147,3.5913987008278436,Saturday,New Year's Day
SWPP,2018-02-04,Super Bowl Sunday,Sun,4.403203753984461,5.586442201377862,4.403203753984461,Sunday,Super Bowl Sunday
SWPP,2018-02-19,Presidents' Day,Mon,6.379751043163533,6.16653265110979,6.011908707545913,Sunday,Presidents' Day
SWPP,2018-05-28,Memorial Day,Mon,8.82319921171638,7.938695071858402,8.330367655241606,Saturday,Memorial Day
SWPP,2018-10-08,Columbus Day,Mon,2.9904458403671264,3.7024792398813946,4.9892454252753,own weekday,Columbus Day
SWPP,2018-11-11,Veterans Day,Sun,5.961267462253531,2.4735221891818515,5.961267462253531,Saturday,Veterans Day
SWPP,2018-11-12,Veterans Day (observed),Mon,1.8804949019609256,4.454651433919061,3.213694033496659,own weekday,Veterans Day
SWPP,2018-11-22,Thanksgiving,Thu,7.753999013923941,6.754633746427192,9.988903145724978,Saturday,Thanksgiving
SWPP,2018-11-23,Day after Thanksgiving,Fri,2.520213036384808,0.9796086989754444,3.2497860599761155,Saturday,Day after Thanksgiving
SWPP,2018-12-24,Christmas Eve,Mon,3.9017328736666004,3.3865731690904477,5.931350134102624,Saturday,Christmas Eve
SWPP,2018-12-25,Christmas Day,Tue,2.203230779568717,1.565136424047537,4.071561721156731,Saturday,Christmas Day
SWPP,2018-12-31,New Year's Eve,Mon,2.7607038947827265,3.1154627061467686,3.1648371866927203,own weekday,New Year's Eve
SWPP,2019-01-01,New Year's Day,Tue,3.5082280111797095,2.543054741643154,2.530898445392103,Sunday,New Year's Day
SWPP,2019-01-21,MLK Day,Mon,2.515496845778915,2.5201397087990256,3.5885591495783693,own weekday,MLK Day
SWPP,2019-02-03,Super Bowl Sunday,Sun,2.968462181269025,3.3671812059487944,2.968462181269025,Sunday,Super Bowl Sunday
SWPP,2019-02-18,Presidents' Day,Mon,2.6831427517475674,2.3191102059531175,2.4419562572434828,Saturday,Presidents' Day
SWPP,2019-05-27,Memorial Day,Mon,6.227599254731384,9.140595287495584,5.367712448736294,Sunday,Memorial Day
SWPP,2019-07-04,Independence Day,Thu,2.9742282294813873,1.7384569096777127,2.7292233692779373,Saturday,Independence Day
SWPP,2019-09-02,Labor Day,Mon,3.5115927831548275,5.008764463487633,4.412003765308576,own weekday,Labor Day
SWPP,2019-10-14,Columbus Day,Mon,8.085437625180088,4.979958875885916,6.842350668239147,Saturday,Columbus Day
SWPP,2019-11-11,Veterans Day,Mon,4.396021237765046,8.277433872910942,6.7181397406775885,own weekday,Veterans Day
SWPP,2019-11-28,Thanksgiving,Thu,6.545880266362865,2.606070338673287,3.7620690873525846,Saturday,Thanksgiving
SWPP,2019-11-29,Day after Thanksgiving,Fri,2.645940850423364,3.4650577362849133,1.98134602625049,Sunday,Day after Thanksgiving
SWPP,2019-12-24,Christmas Eve,Tue,2.870062040560339,2.8781287486805915,3.6619535659046307,own weekday,Christmas Eve
SWPP,2019-12-25,Christmas Day,Wed,3.808390428173795,0.9929490773877198,2.2835285651365305,Saturday,Christmas Day
SWPP,2019-12-31,New Year's Eve,Tue,3.9922351300554944,3.286140066225305,3.7018134557732347,Saturday,New Year's Eve
SWPP,2020-01-01,New Year's Day,Wed,2.273494691591797,2.3512593430564315,2.7862327785791297,own weekday,New Year's Day
SWPP,2020-01-20,MLK Day,Mon,3.108826751067986,2.54198886173154,3.4759300035911704,Saturday,MLK Day
SWPP,2020-02-02,Super Bowl Sunday,Sun,1.53045793085137,2.7167795702458624,1.53045793085137,Sunday,Super Bowl Sunday
SWPP,2020-02-17,Presidents' Day,Mon,2.620927655178676,5.156200484028195,4.319668197615986,own weekday,Presidents' Day
SWPP,2020-05-25,Memorial Day,Mon,4.0009020116863905,4.104733230426903,2.70842916232297,Sunday,Memorial Day
SWPP,2020-07-03,Independence Day (observed),Fri,2.7862396673494976,3.1806190580482214,1.9396553437399826,Sunday,Independence Day
SWPP,2020-07-04,Independence Day,Sat,2.0102269249814393,2.0102269249814393,1.1866048951278134,Sunday,Independence Day
SWPP,2020-09-07,Labor Day,Mon,3.181740705721621,0.948582625213144,0.7350791226437619,Sunday,Labor Day
SWPP,2020-10-12,Columbus Day,Mon,4.128406414770751,4.352098790053461,6.239544011946439,own weekday,Columbus Day
SWPP,2020-11-11,Veterans Day,Wed,8.577154372412377,3.839302836016229,5.526767680791133,Saturday,Veterans Day
SWPP,2020-11-26,Thanksgiving,Thu,7.874447479890195,6.899066411637668,8.987106450613963,Saturday,Thanksgiving
SWPP,2020-11-27,Day after Thanksgiving,Fri,3.6031057330223817,2.852227157186546,3.5826285391593737,Saturday,Day after Thanksgiving
SWPP,2020-12-24,Christmas Eve,Thu,3.9241843992842687,3.212257088949438,5.268763106492392,Saturday,Christmas Eve
SWPP,2020-12-25,Christmas Day,Fri,6.4031172942279735,7.276588310357478,9.439582230081044,own weekday,Christmas Day
SWPP,2020-12-31,New Year's Eve,Thu,1.3286421571357774,1.3877448126261323,2.8995982830117724,own weekday,New Year's Eve
SWPP,2021-01-01,New Year's Day,Fri,3.4107978192709423,1.2194691619831692,2.497171243783937,Saturday,New Year's Day
SWPP,2021-01-18,MLK Day,Mon,2.3272023471044623,2.626454770163158,3.7345875422228154,own weekday,MLK Day
SWPP,2021-02-07,Super Bowl Sunday,Sun,1.5884715846378943,1.9217489086213166,1.5884715846378943,Sunday,Super Bowl Sunday
SWPP,2021-02-15,Presidents' Day,Mon,2.2504446838174412,1.0533871408950986,2.667776737858064,Saturday,Presidents' Day
SWPP,2021-05-31,Memorial Day,Mon,3.791916602458338,1.131070664616432,1.4408593160415004,Saturday,Memorial Day
SWPP,2021-06-18,Juneteenth (observed),Fri,6.983254967444519,6.420835186303325,6.303486434540216,Sunday,Juneteenth
SWPP,2021-06-19,Juneteenth,Sat,5.354656419080324,5.354656419080324,5.136140441158918,Sunday,Juneteenth
SWPP,2021-07-04,Independence Day,Sun,4.246833610114932,5.058053525734923,4.246833610114932,Sunday,Independence Day
SWPP,2021-07-05,Independence Day (observed),Mon,7.093861397450234,7.686485953872505,5.786665268534813,Sunday,Independence Day
SWPP,2021-09-06,Labor Day,Mon,4.1166910256005025,5.954058867183526,5.4716535409378375,own weekday,Labor Day
SWPP,2021-10-11,Columbus Day,Mon,6.622359768807599,4.655419658719461,5.287437658307118,Saturday,Columbus Day
SWPP,2021-11-11,Veterans Day,Thu,3.5488571962392643,4.376615686610785,5.137489421296718,own weekday,Veterans Day
SWPP,2021-11-25,Thanksgiving,Thu,6.01441882874148,3.3971711745834563,5.251065082408544,Saturday,Thanksgiving
SWPP,2021-11-26,Day after Thanksgiving,Fri,5.623854345032727,4.329397608811508,6.542127360862815,Saturday,Day after Thanksgiving
SWPP,2021-12-24,Christmas Eve,Fri,2.5515668161706837,1.3926347701037753,1.8524756197229226,Saturday,Christmas Eve
SWPP,2021-12-25,Christmas Day,Sat,1.9076176741575104,1.9076176741575104,1.395052882331717,Sunday,Christmas Day
SWPP,2021-12-31,New Year's Day (observed),Fri,2.165130293710356,2.7825269981905802,1.6585064558358655,Sunday,New Year's Day
SWPP,2022-01-01,New Year's Day,Sat,8.85953256644342,8.85953256644342,6.862575006249553,Sunday,New Year's Day
SWPP,2022-01-17,MLK Day,Mon,2.643027333603112,5.0376774082949085,3.303093604800737,own weekday,MLK Day
SWPP,2022-02-13,Super Bowl Sunday,Sun,2.618225544942861,1.4803879344963065,2.618225544942861,Saturday,Super Bowl Sunday
SWPP,2022-02-21,Presidents' Day,Mon,5.670797449674675,7.6251467844854535,5.656780867079178,Sunday,Presidents' Day
SWPP,2022-05-30,Memorial Day,Mon,6.915489725402391,6.371522466000583,5.402218403912698,Sunday,Memorial Day
SWPP,2022-06-19,Juneteenth,Sun,2.7516871286212314,1.7872687944520738,2.7516871286212314,Saturday,Juneteenth
SWPP,2022-06-20,Juneteenth (observed),Mon,2.6611646351571983,3.3478179305954385,4.185177361301648,own weekday,Juneteenth
SWPP,2022-07-04,Independence Day,Mon,3.0685018901894967,3.113070503255506,4.0073152441492415,own weekday,Independence Day
SWPP,2022-09-05,Labor Day,Mon,2.704726251428558,2.2882639020532958,1.5500259499939872,Sunday,Labor Day
SWPP,2022-10-10,Columbus Day,Mon,3.6166350463778376,4.595113246840824,4.552712549355401,own weekday,Columbus Day
SWPP,2022-11-11,Veterans Day,Fri,3.1283624235477627,5.1223723771226615,5.394233895416754,own weekday,Veterans Day
SWPP,2022-11-24,Thanksgiving,Thu,4.866744782632972,2.848811559139294,4.596381946700248,Saturday,Thanksgiving
SWPP,2022-11-25,Day after Thanksgiving,Fri,3.889871314176394,2.1495574341705197,3.5502130979125655,Saturday,Day after Thanksgiving
SWPP,2022-12-24,Christmas Eve,Sat,5.29986767806701,5.29986767806701,5.691544785332633,Saturday,Christmas Eve
SWPP,2022-12-25,Christmas Day,Sun,6.480406200863219,5.949152533709352,6.480406200863219,Saturday,Christmas Day
SWPP,2022-12-26,Christmas Day (observed),Mon,3.806561594667548,2.5315414233878824,2.6949064527467166,Saturday,Christmas Day
SWPP,2022-12-31,New Year's Eve,Sat,2.4764367889381727,2.4764367889381727,2.3112076199553893,Sunday,New Year's Eve
SWPP,2023-01-01,New Year's Day,Sun,0.6195989696752127,1.324564595984818,0.6195989696752127,Sunday,New Year's Day
SWPP,2023-01-02,New Year's Day (observed),Mon,2.520475977887685,4.424417481173806,5.513653640242792,own weekday,New Year's Day
SWPP,2023-01-16,MLK Day,Mon,2.4886920835052946,2.6071252239243403,3.2934159455878307,own weekday,MLK Day
SWPP,2023-02-12,Super Bowl Sunday,Sun,3.4168966403608105,2.879187129732658,3.4168966403608105,Saturday,Super Bowl Sunday
SWPP,2023-02-20,Presidents' Day,Mon,2.563784604703372,4.2651267110780315,3.1425647215162527,own weekday,Presidents' Day
SWPP,2023-05-29,Memorial Day,Mon,8.644058581307936,9.856855449122314,8.513463862663983,Sunday,Memorial Day
SWPP,2023-06-19,Juneteenth,Mon,9.617785908914014,8.569849067638314,7.534169666484862,Sunday,Juneteenth
SWPP,2023-07-04,Independence Day,Tue,3.9415474202508136,6.016490780840675,4.122773939304709,own weekday,Independence Day
SWPP,2023-09-04,Labor Day,Mon,2.077833685081256,3.6750108850365137,1.511825056037172,Sunday,Labor Day
SWPP,2023-10-09,Columbus Day,Mon,3.91160130597221,4.727385314190688,5.4079827601735175,own weekday,Columbus Day
SWPP,2023-11-10,Veterans Day (observed),Fri,5.538952983282997,5.108047438460448,6.756537205893228,Saturday,Veterans Day
SWPP,2023-11-11,Veterans Day,Sat,5.397841322327455,5.397841322327455,7.010540922940529,Saturday,Veterans Day
SWPP,2023-11-23,Thanksgiving,Thu,8.631731135326676,5.850570155197538,7.599006647523153,Saturday,Thanksgiving
SWPP,2023-11-24,Day after Thanksgiving,Fri,3.771054523439988,2.7293457981345655,3.8699323896859705,Saturday,Day after Thanksgiving
SWPP,2023-12-24,Christmas Eve,Sun,3.2296644756974393,3.1899070236622094,3.2296644756974393,Saturday,Christmas Eve
SWPP,2023-12-25,Christmas Day,Mon,2.384512081831826,1.964150180473714,2.828212364380754,Saturday,Christmas Day
SWPP,2023-12-31,New Year's Eve,Sun,0.8791860526671537,0.8821264555326283,0.8791860526671537,Sunday,New Year's Eve
SWPP,2024-01-01,New Year's Day,Mon,3.750679213261606,2.440788774146724,1.6145464076309548,Sunday,New Year's Day
SWPP,2024-01-15,MLK Day,Mon,3.699492272580992,3.5661640129612406,2.1688862114018366,Sunday,MLK Day
SWPP,2024-02-11,Super Bowl Sunday,Sun,3.0221422271932985,1.0165326921030144,3.0221422271932985,Saturday,Super Bowl Sunday
SWPP,2024-02-19,Presidents' Day,Mon,4.335329583503559,4.948198294405402,3.144956361435156,Sunday,Presidents' Day
SWPP,2024-05-27,Memorial Day,Mon,6.150923779096105,7.608026780073052,7.12533214959928,own weekday,Memorial Day
SWPP,2024-06-19,Juneteenth,Wed,1.9714155539408023,2.42974421930354,1.584612337746893,Sunday,Juneteenth
SWPP,2024-07-04,Independence Day,Thu,3.7443442850668736,3.0955085209890068,2.7736889109704883,Sunday,Independence Day
SWPP,2024-09-02,Labor Day,Mon,2.800011512706569,0.922111229693106,1.717669809005128,Saturday,Labor Day
SWPP,2024-10-14,Columbus Day,Mon,6.298623973581417,5.646373994298193,5.930131200631866,Saturday,Columbus Day
SWPP,2024-11-11,Veterans Day,Mon,5.059243004321576,4.33773274421845,4.236834427999496,Sunday,Veterans Day
SWPP,2024-11-28,Thanksgiving,Thu,4.551312854603844,4.934302594128122,6.903875912874695,own weekday,Thanksgiving
SWPP,2024-11-29,Day after Thanksgiving,Fri,4.853414523560392,5.154174260295972,6.9673345385957,own weekday,Day after Thanksgiving
SWPP,2024-12-24,Christmas Eve,Tue,2.047212083405185,2.3065319085346605,2.1883175300222364,own weekday,Christmas Eve
SWPP,2024-12-25,Christmas Day,Wed,2.5531413533721166,1.2220236987994897,2.157948049965328,Saturday,Christmas Day
SWPP,2024-12-31,New Year's Eve,Tue,1.2965588208427803,2.8555820041590194,2.280089610507153,own weekday,New Year's Eve
SWPP,2025-01-01,New Year's Day,Wed,3.792601205982401,1.9611852828252088,2.7014133179302413,Saturday,New Year's Day
SWPP,2025-01-20,MLK Day,Mon,1.8682040890594034,1.1832253976133305,1.1313115377222411,Sunday,MLK Day
SWPP,2025-02-09,Super Bowl Sunday,Sun,1.3176888604683448,0.9582777957982119,1.3176888604683448,Saturday,Super Bowl Sunday
SWPP,2025-02-17,Presidents' Day,Mon,2.156703268847114,2.5665661249285128,2.097913225791895,Sunday,Presidents' Day
SWPP,2025-05-26,Memorial Day,Mon,2.6411273067526277,1.983142939209354,2.0698336681856837,Saturday,Memorial Day
SWPP,2025-06-19,Juneteenth,Thu,9.194523604158384,8.141809463090583,7.212461131420943,Sunday,Juneteenth
SWPP,2025-07-04,Independence Day,Fri,2.427663617274002,2.0244709446020024,1.6214711821839773,Sunday,Independence Day
SWPP,2025-09-01,Labor Day,Mon,2.622714172203605,1.6998051298133612,2.3851895302066417,Saturday,Labor Day
SWPP,2025-10-13,Columbus Day,Mon,5.8722083224792785,4.675409490895537,4.998569517270066,Saturday,Columbus Day
SWPP,2025-11-11,Veterans Day,Tue,9.00988360772012,10.024937662712164,7.981306154582823,Sunday,Veterans Day
SWPP,2025-11-27,Thanksgiving,Thu,6.2715234302800225,6.74423982703542,6.498944542763091,own weekday,Thanksgiving
SWPP,2025-11-28,Day after Thanksgiving,Fri,2.631333018975577,3.137699839290203,2.992098560303104,own weekday,Day after Thanksgiving
SWPP,2025-12-24,Christmas Eve,Wed,2.0888681561742795,1.6297365584214456,2.5174245019623136,Saturday,Christmas Eve
SWPP,2025-12-25,Christmas Day,Thu,2.3278428952762686,1.104643952249117,1.8812232464153078,Saturday,Christmas Day
SWPP,2025-12-31,New Year's Eve,Wed,4.814374311876265,6.233860438495997,6.499172821383061,own weekday,New Year's Eve
SWPP,2026-01-01,New Year's Day,Thu,2.738070531414809,3.3648934669110306,3.6477720582116144,own weekday,New Year's Day
SWPP,2026-01-19,MLK Day,Mon,1.323304229543894,1.9724656145509913,2.431199926636075,own weekday,MLK Day
SWPP,2026-02-08,Super Bowl Sunday,Sun,1.267929946403338,1.0470858885447596,1.267929946403338,Saturday,Super Bowl Sunday
SWPP,2026-02-16,Presidents' Day,Mon,4.707529346570361,3.054746838196548,4.319529002129208,Saturday,Presidents' Day
SWPP,2026-05-25,Memorial Day,Mon,6.0404103390732935,8.169046418745944,6.865650323730998,own weekday,Memorial Day
SWPP,2026-06-19,Juneteenth,Fri,2.60024908935804,1.2624340799513405,2.3474240458082645,Saturday,Juneteenth
TEC,2015-09-07,Labor Day,Mon,3.9684960256500346,4.442254218911044,5.1774957296483235,own weekday,Labor Day
TEC,2015-10-12,Columbus Day,Mon,2.3434687846952107,5.874627507551986,5.1208514484366585,own weekday,Columbus Day
TEC,2015-11-11,Veterans Day,Wed,3.4741569223080795,5.549047731661283,5.88737972217833,own weekday,Veterans Day
TEC,2015-11-26,Thanksgiving,Thu,8.596050661199973,7.347959363355215,7.86727174689717,Saturday,Thanksgiving
TEC,2015-11-27,Day after Thanksgiving,Fri,3.0631453866943414,3.3234143472739364,3.6007411402445837,own weekday,Day after Thanksgiving
TEC,2015-12-24,Christmas Eve,Thu,2.9650792000861634,1.9592536461128007,3.5548125247259295,Saturday,Christmas Eve
TEC,2015-12-25,Christmas Day,Fri,6.535020674942577,3.0456196829499746,3.7718410674487233,Saturday,Christmas Day
TEC,2015-12-31,New Year's Eve,Thu,3.2646848144165,2.879379670857027,3.8995038947289027,Saturday,New Year's Eve
TEC,2016-01-01,New Year's Day,Fri,7.246577329926053,3.3175972594894363,3.673358829647698,Saturday,New Year's Day
TEC,2016-01-18,MLK Day,Mon,10.00306226123751,10.785178744388704,11.319149198298122,own weekday,MLK Day
TEC,2016-02-07,Super Bowl Sunday,Sun,8.124678564599847,6.346834187652709,8.124678564599847,Saturday,Super Bowl Sunday
TEC,2016-02-15,Presidents' Day,Mon,2.8330850095049347,4.413830240271997,4.547735019509196,own weekday,Presidents' Day
TEC,2016-05-30,Memorial Day,Mon,4.778954048114411,5.185071714680614,3.1817474167887596,Sunday,Memorial Day
TEC,2016-07-04,Independence Day,Mon,4.7616709671700725,3.1139772319673535,2.4976628628751847,Sunday,Independence Day
TEC,2016-09-05,Labor Day,Mon,4.3391988927512175,3.557320448396522,2.9742460487331557,Sunday,Labor Day
TEC,2016-10-10,Columbus Day,Mon,3.1495800337334434,3.3291524407129733,4.113433515573077,own weekday,Columbus Day
TEC,2016-11-11,Veterans Day,Fri,5.11794312837576,5.998866798966759,7.62685291997645,own weekday,Veterans Day
TEC,2016-11-24,Thanksgiving,Thu,6.667896224271666,5.035378068243956,7.055752992175322,Saturday,Thanksgiving
TEC,2016-11-25,Day after Thanksgiving,Fri,2.2966907542624098,2.1481609658340184,3.565433249303165,Saturday,Day after Thanksgiving
TEC,2016-12-24,Christmas Eve,Sat,4.322738892823682,4.322738892823682,2.1280651772452672,Sunday,Christmas Eve
TEC,2016-12-25,Christmas Day,Sun,4.2117833843433985,3.704374958916914,4.2117833843433985,Saturday,Christmas Day
TEC,2016-12-26,Christmas Day (observed),Mon,4.56434731857466,7.341405816374914,2.1788003855832785,Sunday,Christmas Day
TEC,2016-12-31,New Year's Eve,Sat,14.978898119923583,14.978898119923583,20.282981448442104,Saturday,New Year's Eve
TEC,2017-01-01,New Year's Day,Sun,5.880513203648738,4.308345322636851,5.880513203648738,Saturday,New Year's Day
TEC,2017-01-02,New Year's Day (observed),Mon,5.853554757573216,8.700011704064815,4.051845938419301,Sunday,New Year's Day
TEC,2017-01-16,MLK Day,Mon,1.8189708339437258,3.1999085977959716,2.6946815578586985,own weekday,MLK Day
TEC,2017-02-05,Super Bowl Sunday,Sun,2.0430038932963033,1.141788276378297,2.0430038932963033,Saturday,Super Bowl Sunday
TEC,2017-02-20,Presidents' Day,Mon,9.055702790697257,8.593575881771105,6.09648551225078,Sunday,Presidents' Day
TEC,2017-05-29,Memorial Day,Mon,4.541007637993306,5.379210651122734,2.610582957082737,Sunday,Memorial Day
TEC,2017-07-04,Independence Day,Tue,4.793384044648082,5.0114157914509985,4.115363352413437,Sunday,Independence Day
TEC,2017-09-04,Labor Day,Mon,4.519461861827797,7.553451580262026,7.2676645346833,own weekday,Labor Day
TEC,2017-10-09,Columbus Day,Mon,1.2085730033596649,3.8980503057354587,3.568577684449761,own weekday,Columbus Day
TEC,2017-11-10,Veterans Day (observed),Fri,8.962472314030617,9.41891075410117,10.908178108735333,own weekday,Veterans Day
TEC,2017-11-11,Veterans Day,Sat,2.842967074103608,2.842967074103608,3.874270070113054,Saturday,Veterans Day
TEC,2017-11-23,Thanksgiving,Thu,9.510251782027987,6.883808490369832,8.417535049501543,Saturday,Thanksgiving
TEC,2017-11-24,Day after Thanksgiving,Fri,5.996668441670672,6.381513412596024,7.40627482902997,own weekday,Day after Thanksgiving
TEC,2017-12-24,Christmas Eve,Sun,4.322990700692012,3.0276894823305183,4.322990700692012,Saturday,Christmas Eve
TEC,2017-12-25,Christmas Day,Mon,6.657889329133128,4.588920762012821,4.386122730842111,Sunday,Christmas Day
TEC,2017-12-31,New Year's Eve,Sun,11.570799714969905,11.00635695971973,11.570799714969905,Saturday,New Year's Eve
TEC,2018-01-01,New Year's Day,Mon,10.879534387684856,11.978710083056454,11.481904733138144,own weekday,New Year's Day
TEC,2018-01-15,MLK Day,Mon,16.56117711197757,16.011345690980814,13.618458504457262,Sunday,MLK Day
TEC,2018-02-04,Super Bowl Sunday,Sun,5.753080360528317,3.861313823732143,5.753080360528317,Saturday,Super Bowl Sunday
TEC,2018-02-19,Presidents' Day,Mon,8.665003276970678,12.83747235147745,9.188943364532774,own weekday,Presidents' Day
TEC,2018-05-28,Memorial Day,Mon,4.681122093971662,2.1746534666561717,2.6419082085061825,Saturday,Memorial Day
TEC,2018-07-04,Independence Day,Wed,9.15600169168371,6.27252108917109,7.131729412975549,Saturday,Independence Day
TEC,2018-09-03,Labor Day,Mon,5.747656606244146,5.385206878299273,5.2643240237583075,Sunday,Labor Day
TEC,2018-10-08,Columbus Day,Mon,5.022587795996792,5.615159836179523,5.79815712441408,own weekday,Columbus Day
TEC,2018-11-11,Veterans Day,Sun,1.230098248264784,2.111911216002847,1.230098248264784,Sunday,Veterans Day
TEC,2018-11-12,Veterans Day (observed),Mon,3.362368009677735,4.629248250454113,4.660179344845529,own weekday,Veterans Day
TEC,2018-11-22,Thanksgiving,Thu,12.341601429137931,8.830203024786474,12.816686243934413,Saturday,Thanksgiving
TEC,2018-11-23,Day after Thanksgiving,Fri,2.742685878876949,3.5553682252830656,4.966295138483163,own weekday,Day after Thanksgiving
TEC,2018-12-24,Christmas Eve,Mon,19.10779180595984,14.165515304215656,16.284561083189196,Saturday,Christmas Eve
TEC,2018-12-25,Christmas Day,Tue,10.118654436774348,9.041658570353304,11.14352894062232,Saturday,Christmas Day
TEC,2018-12-31,New Year's Eve,Mon,4.619494370599723,5.3204718376407065,4.545537592779463,Sunday,New Year's Eve
TEC,2019-01-01,New Year's Day,Tue,8.576360145600969,6.126623688562167,5.376888174570701,Sunday,New Year's Day
TEC,2019-01-21,MLK Day,Mon,12.583380366744723,11.959275756535149,13.817867640055695,Saturday,MLK Day
TEC,2019-02-03,Super Bowl Sunday,Sun,2.1842273433628394,4.4159888001780505,2.1842273433628394,Sunday,Super Bowl Sunday
TEC,2019-02-18,Presidents' Day,Mon,10.068227047100832,9.351794636151476,5.514610736771046,Sunday,Presidents' Day
TEC,2019-05-27,Memorial Day,Mon,7.0780341989257005,2.5098021371779025,2.0450698784970056,Sunday,Memorial Day
TEC,2019-07-04,Independence Day,Thu,11.712876696311456,10.815169514017155,12.519452957969653,Saturday,Independence Day
TEC,2019-09-02,Labor Day,Mon,3.237181049513582,3.6432699138931555,4.4107043984391305,own weekday,Labor Day
TEC,2019-10-14,Columbus Day,Mon,1.429928584991317,3.544588884779925,4.185278294520764,own weekday,Columbus Day
TEC,2019-11-11,Veterans Day,Mon,2.685668533242043,5.243372445788502,5.030935632623109,own weekday,Veterans Day
TEC,2019-11-28,Thanksgiving,Thu,8.805468267412826,7.01275249594173,9.02887745985464,Saturday,Thanksgiving
TEC,2019-11-29,Day after Thanksgiving,Fri,2.86744728817409,3.130171063343696,4.119834410556978,own weekday,Day after Thanksgiving
TEC,2019-12-24,Christmas Eve,Tue,6.4621685538105975,2.9469375034651772,4.974245581107826,Saturday,Christmas Eve
TEC,2019-12-25,Christmas Day,Wed,4.876551230799638,2.044868187234557,2.519685566556169,Saturday,Christmas Day
TEC,2019-12-31,New Year's Eve,Tue,6.168810302296832,2.6026757155854425,4.453097737327223,Saturday,New Year's Eve
TEC,2020-01-01,New Year's Day,Wed,3.9285077708116423,4.412594049631649,6.431261312783931,own weekday,New Year's Day
TEC,2020-01-20,MLK Day,Mon,5.5606358256053205,6.840190600284771,6.563456625025848,own weekday,MLK Day
TEC,2020-02-02,Super Bowl Sunday,Sun,9.808012331298906,7.374238472134316,9.808012331298906,Saturday,Super Bowl Sunday
TEC,2020-02-17,Presidents' Day,Mon,9.165168232149412,8.629616662551843,6.211806666368528,Sunday,Presidents' Day
TEC,2020-05-25,Memorial Day,Mon,6.5369847893205675,9.153910985303447,6.284190937484256,Sunday,Memorial Day
TEC,2020-07-03,Independence Day (observed),Fri,5.386675883510114,4.428065097701564,4.559903511933247,Saturday,Independence Day
TEC,2020-07-04,Independence Day,Sat,5.787217708311193,5.787217708311193,5.82356458323344,Saturday,Independence Day
TEC,2020-09-07,Labor Day,Mon,4.095429560002087,2.9736348108511876,3.248091919248401,Saturday,Labor Day
TEC,2020-10-12,Columbus Day,Mon,4.518228397155599,3.581360476139851,4.8203849402167025,Saturday,Columbus Day
TEC,2020-11-11,Veterans Day,Wed,10.662832631692632,10.62260910412451,9.246539498249373,Sunday,Veterans Day
TEC,2020-11-26,Thanksgiving,Thu,7.421971293643397,8.004749486795767,7.8995251252428496,own weekday,Thanksgiving
TEC,2020-11-27,Day after Thanksgiving,Fri,2.8746935668403073,2.7349691549960125,2.7434414779655922,Saturday,Day after Thanksgiving
TEC,2020-12-24,Christmas Eve,Thu,2.882737425250839,3.5302510414032415,4.969334435805824,own weekday,Christmas Eve
TEC,2020-12-25,Christmas Day,Fri,8.305438064493547,10.421387910950166,12.24339124960179,own weekday,Christmas Day
TEC,2020-12-31,New Year's Eve,Thu,6.197665994750421,4.387312570155213,2.1673296602675096,Sunday,New Year's Eve
TEC,2021-01-01,New Year's Day,Fri,6.281367613180443,5.192112849845648,3.0532243580885385,Sunday,New Year's Day
TEC,2021-01-18,MLK Day,Mon,6.908048198663624,5.607359007019876,6.289185867888525,Saturday,MLK Day
TEC,2021-02-07,Super Bowl Sunday,Sun,6.957113019085885,9.764752146550004,6.957113019085885,Sunday,Super Bowl Sunday
TEC,2021-02-15,Presidents' Day,Mon,8.671111935412295,10.441017519185104,11.27755564160814,own weekday,Presidents' Day
TEC,2021-05-31,Memorial Day,Mon,2.9848378458664704,4.130909376131762,4.334448882170365,own weekday,Memorial Day
TEC,2021-06-18,Juneteenth (observed),Fri,3.956454836413587,4.7473507069806455,5.161286165949246,own weekday,Juneteenth
TEC,2021-06-19,Juneteenth,Sat,1.4183768411133555,1.4183768411133555,1.5535057326950013,Saturday,Juneteenth
TEC,2021-07-04,Independence Day,Sun,1.8088285478177295,2.476221049102378,1.8088285478177295,Sunday,Independence Day
TEC,2021-07-05,Independence Day (observed),Mon,3.8260057945158388,2.82962641624598,2.614583155521549,Sunday,Independence Day
TEC,2021-09-06,Labor Day,Mon,4.027790321396461,1.6154464066001346,1.735648528997145,Saturday,Labor Day
TEC,2021-10-11,Columbus Day,Mon,4.009875208054722,4.083125878411757,3.1985793469863535,Sunday,Columbus Day
TEC,2021-11-11,Veterans Day,Thu,3.403396007020426,5.202299878515641,5.142597759724727,own weekday,Veterans Day
TEC,2021-11-25,Thanksgiving,Thu,11.503393194222257,8.076828459225336,8.50850632074437,Saturday,Thanksgiving
TEC,2021-11-26,Day after Thanksgiving,Fri,3.181430719989189,4.79308187498329,4.583755585033531,own weekday,Day after Thanksgiving
TEC,2021-12-24,Christmas Eve,Fri,8.058821359521998,6.849620548209695,9.086449314787256,Saturday,Christmas Eve
TEC,2021-12-25,Christmas Day,Sat,2.733813897254773,2.733813897254773,5.0213182821677105,Saturday,Christmas Day
TEC,2021-12-31,New Year's Day (observed),Fri,5.9473820044856245,7.870974473977214,6.296773293039369,own weekday,New Year's Day
TEC,2022-01-01,New Year's Day,Sat,6.492443048686288,6.492443048686288,5.430172786162968,Sunday,New Year's Day
TEC,2022-01-17,MLK Day,Mon,5.311427120040102,4.624922543029727,6.979741179130193,Saturday,MLK Day
TEC,2022-02-13,Super Bowl Sunday,Sun,1.7763425744990697,3.3395122486144526,1.7763425744990697,Sunday,Super Bowl Sunday
TEC,2022-02-21,Presidents' Day,Mon,12.306330236665165,9.859407173695512,9.456263350213678,Sunday,Presidents' Day
TEC,2022-05-30,Memorial Day,Mon,5.027566830748325,4.579485097809562,1.9981980607911058,Sunday,Memorial Day
TEC,2022-06-19,Juneteenth,Sun,9.427299498127251,5.573598139899084,9.427299498127251,Saturday,Juneteenth
TEC,2022-06-20,Juneteenth (observed),Mon,4.246813680807851,5.175698654290422,5.731546672209294,own weekday,Juneteenth
TEC,2022-07-04,Independence Day,Mon,4.4500759367606895,7.139770767136036,2.8601399915719288,Sunday,Independence Day
TEC,2022-09-05,Labor Day,Mon,3.181063392376831,0.9986959962061648,2.2031931186664235,Saturday,Labor Day
TEC,2022-10-10,Columbus Day,Mon,3.312769141104246,4.514356723446414,2.859259115348087,Sunday,Columbus Day
TEC,2022-11-11,Veterans Day,Fri,6.95159628562549,7.596099955954375,10.509475219428811,own weekday,Veterans Day
TEC,2022-11-24,Thanksgiving,Thu,6.582846525737353,8.173705776793495,10.810736959649821,own weekday,Thanksgiving
TEC,2022-11-25,Day after Thanksgiving,Fri,3.814157520903568,3.7086396856544366,4.203736229515736,Saturday,Day after Thanksgiving
TEC,2022-12-24,Christmas Eve,Sat,12.417012095978714,12.417012095978714,13.492442457063921,Saturday,Christmas Eve
TEC,2022-12-25,Christmas Day,Sun,19.276611195276516,17.424381845217425,19.276611195276516,Saturday,Christmas Day
TEC,2022-12-26,Christmas Day (observed),Mon,16.328558526268854,16.360643574178145,17.24968628316254,own weekday,Christmas Day
TEC,2022-12-31,New Year's Eve,Sat,2.737553202662148,2.737553202662148,3.572769247242961,Saturday,New Year's Eve
TEC,2023-01-01,New Year's Day,Sun,3.295508971152316,2.3675271262201236,3.295508971152316,Saturday,New Year's Day
TEC,2023-01-02,New Year's Day (observed),Mon,6.767931765416709,5.783215819099255,4.9520838862425505,Sunday,New Year's Day
TEC,2023-01-16,MLK Day,Mon,20.494808917238835,20.231707335035345,20.228647134504094,Sunday,MLK Day
TEC,2023-02-12,Super Bowl Sunday,Sun,3.3896677454026567,5.440223883135201,3.3896677454026567,Sunday,Super Bowl Sunday
TEC,2023-02-20,Presidents' Day,Mon,6.495902306265731,11.506233146546101,4.068548041031812,Sunday,Presidents' Day
TEC,2023-05-29,Memorial Day,Mon,4.166171307969267,4.547031643157594,3.161351833980979,Sunday,Memorial Day
TEC,2023-06-19,Juneteenth,Mon,2.846955749285833,3.0322194177441855,3.1889046208977576,own weekday,Juneteenth
TEC,2023-07-04,Independence Day,Tue,2.9788700704950726,2.6984379870538766,1.6013825139642262,Sunday,Independence Day
TEC,2023-09-04,Labor Day,Mon,9.374201487494496,4.700538980312497,5.1758401377272225,Saturday,Labor Day
TEC,2023-10-09,Columbus Day,Mon,4.865240813022957,7.025750125526678,7.197137647906496,own weekday,Columbus Day
TEC,2023-11-10,Veterans Day (observed),Fri,5.592922791279195,5.188632668977349,6.766176663128946,Saturday,Veterans Day
TEC,2023-11-11,Veterans Day,Sat,4.753277003897294,4.753277003897294,5.801932453776834,Saturday,Veterans Day
TEC,2023-11-23,Thanksgiving,Thu,9.823245631924728,7.778583117346314,8.887998662049158,Saturday,Thanksgiving
TEC,2023-11-24,Day after Thanksgiving,Fri,5.719797753373914,6.4220540979898875,6.929014649236577,own weekday,Day after Thanksgiving
TEC,2023-12-24,Christmas Eve,Sun,7.154784417612168,3.1232597914825395,7.154784417612168,Saturday,Christmas Eve
TEC,2023-12-25,Christmas Day,Mon,4.744801027757273,3.004970981461342,6.568975383710181,Saturday,Christmas Day
TEC,2023-12-31,New Year's Eve,Sun,17.73344875187404,13.063014340303871,17.73344875187404,Saturday,New Year's Eve
TEC,2024-01-01,New Year's Day,Mon,11.084148422880151,11.03059260474402,15.326472237253256,Saturday,New Year's Day
TEC,2024-01-15,MLK Day,Mon,4.99094878942779,6.520628230562931,9.533971270168399,own weekday,MLK Day
TEC,2024-02-11,Super Bowl Sunday,Sun,10.737075321878544,11.25810313514175,10.737075321878544,Sunday,Super Bowl Sunday
TEC,2024-02-19,Presidents' Day,Mon,4.65209045610877,6.459766697843341,7.2591663983991275,own weekday,Presidents' Day
TEC,2024-05-27,Memorial Day,Mon,5.710611416825252,7.114050183233599,3.9895869557138717,Sunday,Memorial Day
TEC,2024-06-19,Juneteenth,Wed,10.366078631821672,7.020289847958273,10.200207193478494,Saturday,Juneteenth
TEC,2024-07-04,Independence Day,Thu,3.42898770890921,2.066045867474262,2.226037598878433,Saturday,Independence Day
TEC,2024-09-02,Labor Day,Mon,3.071864906449894,2.1653537741819937,2.062408797145309,Sunday,Labor Day
TEC,2024-10-14,Columbus Day,Mon,6.169255931749845,4.086094090886109,4.279840112495856,Saturday,Columbus Day
TEC,2024-11-11,Veterans Day,Mon,4.172618725490832,4.4413925662832785,5.2302236831428655,own weekday,Veterans Day
TEC,2024-11-28,Thanksgiving,Thu,5.284252367205436,5.427957143905563,6.334365808714064,own weekday,Thanksgiving
TEC,2024-11-29,Day after Thanksgiving,Fri,8.993371898041602,9.397463101572857,10.319122445067821,own weekday,Day after Thanksgiving
TEC,2024-12-24,Christmas Eve,Tue,7.994955594030808,2.9030249298617954,2.7929886224189864,Sunday,Christmas Eve
TEC,2024-12-25,Christmas Day,Wed,7.706551195548013,3.828369380213719,5.701105991953068,Saturday,Christmas Day
TEC,2024-12-31,New Year's Eve,Tue,3.684062338746493,6.402490880752984,4.4801459565588955,own weekday,New Year's Eve
TEC,2025-01-01,New Year's Day,Wed,5.046404996724239,5.7582983933961485,3.6629159168712726,Sunday,New Year's Day
TEC,2025-01-20,MLK Day,Mon,8.5243961287572,7.276368236360595,9.031656729531374,Saturday,MLK Day
TEC,2025-02-09,Super Bowl Sunday,Sun,15.935630181404804,11.907120520394066,15.935630181404804,Saturday,Super Bowl Sunday
TEC,2025-02-17,Presidents' Day,Mon,4.8612859516755735,5.093186798539459,6.306620778575589,own weekday,Presidents' Day
TEC,2025-05-26,Memorial Day,Mon,3.996461871374569,3.8992975941077335,2.51588120633284,Sunday,Memorial Day
TEC,2025-06-19,Juneteenth,Thu,10.82356762629887,10.094254436401478,11.579813341192082,Saturday,Juneteenth
TEC,2025-07-04,Independence Day,Fri,6.023196135809339,5.532434855046647,5.310816802956,Sunday,Independence Day
TEC,2025-09-01,Labor Day,Mon,4.896267327583472,5.344269945474077,4.181492359454323,Sunday,Labor Day
TEC,2025-10-13,Columbus Day,Mon,5.130906726904167,5.902388036746032,4.851719207724693,Sunday,Columbus Day
TEC,2025-11-11,Veterans Day,Tue,13.20658314761756,14.1674341884361,15.961903515401824,own weekday,Veterans Day
TEC,2025-11-27,Thanksgiving,Thu,13.006657024152519,14.832635759891987,15.404775782355395,own weekday,Thanksgiving
TEC,2025-11-28,Day after Thanksgiving,Fri,10.051807123277467,10.993782744630487,12.23995382771234,own weekday,Day after Thanksgiving
TEC,2025-12-24,Christmas Eve,Wed,3.4982829530481094,4.295344848799468,3.6354825567138946,own weekday,Christmas Eve
TEC,2025-12-25,Christmas Day,Thu,5.578120539460721,3.3740248089374156,3.164433725408259,Sunday,Christmas Day
TEC,2025-12-31,New Year's Eve,Wed,12.909043708806658,12.436493545095036,14.956594790690868,Saturday,New Year's Eve
TEC,2026-01-01,New Year's Day,Thu,17.413382762217275,18.24011524001101,20.79967909769406,own weekday,New Year's Day
TEC,2026-01-19,MLK Day,Mon,15.419457222180483,11.926163832808362,16.38197918091436,Saturday,MLK Day
TEC,2026-02-08,Super Bowl Sunday,Sun,16.98844716281098,13.720988155937322,16.98844716281098,Saturday,Super Bowl Sunday
TEC,2026-02-16,Presidents' Day,Mon,4.930059027121902,2.171521806856127,2.698634401009965,Saturday,Presidents' Day
TEC,2026-05-25,Memorial Day,Mon,3.1861151863180783,1.1510906766529807,1.3548795694594948,Saturday,Memorial Day
TEC,2026-06-19,Juneteenth,Fri,4.9110773485829196,3.513976124724542,3.423354965780328,Sunday,Juneteenth
TEPC,2015-09-07,Labor Day,Mon,2.7199364603126694,4.911708832170957,2.012531212063463,Sunday,Labor Day
TEPC,2015-10-12,Columbus Day,Mon,2.372708339821776,3.094335717013813,2.837313408760185,own weekday,Columbus Day
TEPC,2015-11-11,Veterans Day,Wed,9.99586385716143,9.50608982427261,10.23931264722851,Saturday,Veterans Day
TEPC,2015-11-26,Thanksgiving,Thu,5.0070171059349935,4.73394455223351,6.50198428258453,Saturday,Thanksgiving
TEPC,2015-11-27,Day after Thanksgiving,Fri,4.103901058854866,5.722646362643904,7.408965193157199,own weekday,Day after Thanksgiving
TEPC,2015-12-24,Christmas Eve,Thu,2.3367131508738597,1.3541960849909338,2.527267705483488,Saturday,Christmas Eve
TEPC,2015-12-25,Christmas Day,Fri,4.396851548836601,3.13551580494512,2.9720632199543835,Sunday,Christmas Day
TEPC,2015-12-31,New Year's Eve,Thu,4.006506323853612,5.3501600637756015,4.767528293632246,own weekday,New Year's Eve
TEPC,2016-01-01,New Year's Day,Fri,5.935579251675091,6.140778372020886,5.452009136958342,Sunday,New Year's Day
TEPC,2016-01-18,MLK Day,Mon,3.130269322956277,3.2799552254517574,4.002485123080071,own weekday,MLK Day
TEPC,2016-02-07,Super Bowl Sunday,Sun,2.5438904699324176,1.7496703280671493,2.5438904699324176,Saturday,Super Bowl Sunday
TEPC,2016-02-15,Presidents' Day,Mon,3.3483108350466493,3.945358503965235,3.527966254802876,own weekday,Presidents' Day
TEPC,2016-05-30,Memorial Day,Mon,7.024265888531396,7.019285607589685,6.675525091692712,Sunday,Memorial Day
TEPC,2016-07-04,Independence Day,Mon,2.409045973540778,2.456956110910293,2.5126173066492172,own weekday,Independence Day
TEPC,2016-09-05,Labor Day,Mon,4.415906271983886,5.60645134548072,4.9688726659613485,own weekday,Labor Day
TEPC,2016-10-10,Columbus Day,Mon,2.29532801607954,2.1324084763970146,2.098780825888451,Sunday,Columbus Day
TEPC,2016-11-11,Veterans Day,Fri,5.4757112989068695,5.934705761096712,6.612622834378658,own weekday,Veterans Day
TEPC,2016-11-24,Thanksgiving,Thu,10.327865482869143,11.053167137372066,11.572915448122345,own weekday,Thanksgiving
TEPC,2016-11-25,Day after Thanksgiving,Fri,9.380600780851088,9.71140556499656,9.972527922309643,own weekday,Day after Thanksgiving
TEPC,2016-12-24,Christmas Eve,Sat,3.2943488078793157,3.2943488078793157,3.2879776053996257,Sunday,Christmas Eve
TEPC,2016-12-25,Christmas Day,Sun,6.03990770063488,6.000926061322467,6.03990770063488,Saturday,Christmas Day
TEPC,2016-12-26,Christmas Day (observed),Mon,7.18128692132939,6.989669099113861,6.205354939776077,Sunday,Christmas Day
TEPC,2016-12-31,New Year's Eve,Sat,1.6441607446314164,1.6441607446314164,3.1839314171660327,Saturday,New Year's Eve
TEPC,2017-01-01,New Year's Day,Sun,2.246514704956863,2.0687532306935577,2.246514704956863,Saturday,New Year's Day
TEPC,2017-01-02,New Year's Day (observed),Mon,2.0491359226678707,1.8340115049741363,2.215507344180045,Saturday,New Year's Day
TEPC,2017-01-16,MLK Day,Mon,1.733208454017495,2.1561994886966667,2.2395178035859122,own weekday,MLK Day
TEPC,2017-02-05,Super Bowl Sunday,Sun,1.4497791615021127,1.8417371884361216,1.4497791615021127,Sunday,Super Bowl Sunday
TEPC,2017-02-20,Presidents' Day,Mon,1.9709904941795748,2.0102178246695215,1.8132713194348953,Sunday,Presidents' Day
TEPC,2017-05-29,Memorial Day,Mon,10.020963844956766,8.468481188428466,8.608235721871162,Saturday,Memorial Day
TEPC,2017-07-04,Independence Day,Tue,1.3496097750997285,2.0963699830810203,2.6113818939819082,own weekday,Independence Day
TEPC,2017-09-04,Labor Day,Mon,3.5637887621863555,3.431432802795776,2.285003597050993,Sunday,Labor Day
TEPC,2017-10-09,Columbus Day,Mon,3.592950823534259,3.4651526743209695,5.2911412243867115,Saturday,Columbus Day
TEPC,2017-11-10,Veterans Day (observed),Fri,5.074163563710797,3.81634452053612,5.508910211217088,Saturday,Veterans Day
TEPC,2017-11-11,Veterans Day,Sat,4.642320181710841,4.642320181710841,6.3154430367078795,Saturday,Veterans Day
TEPC,2017-11-23,Thanksgiving,Thu,5.366884075107941,3.3011425048000786,5.264539734550335,Saturday,Thanksgiving
TEPC,2017-11-24,Day after Thanksgiving,Fri,6.153158890352529,3.909556845612361,5.498632491838029,Saturday,Day after Thanksgiving
TEPC,2017-12-24,Christmas Eve,Sun,10.225687757024023,7.619173222095226,10.225687757024023,Saturday,Christmas Eve
TEPC,2017-12-25,Christmas Day,Mon,9.339520233963455,7.168719315773242,8.685230003463564,Saturday,Christmas Day
TEPC,2017-12-31,New Year's Eve,Sun,4.999706113035068,1.033824892752983,4.999706113035068,Saturday,New Year's Eve
TEPC,2018-01-01,New Year's Day,Mon,5.913666301323977,2.0958666670456423,5.957148570214033,Saturday,New Year's Day
TEPC,2018-01-15,MLK Day,Mon,1.9594195326332247,2.714219941620209,2.435470395001483,own weekday,MLK Day
TEPC,2018-02-04,Super Bowl Sunday,Sun,1.6055560927818278,1.3952803714387567,1.6055560927818278,Saturday,Super Bowl Sunday
TEPC,2018-02-19,Presidents' Day,Mon,2.1255047770653697,3.1831307039559364,2.689195820586848,own weekday,Presidents' Day
TEPC,2018-05-28,Memorial Day,Mon,5.145603770447896,5.370162710527052,4.35413770385302,Sunday,Memorial Day
TEPC,2018-09-03,Labor Day,Mon,8.281112957199548,9.896384056615853,11.66672733927733,own weekday,Labor Day
TEPC,2018-10-08,Columbus Day,Mon,27.771063990169036,27.168935719486033,26.56140498059718,Sunday,Columbus Day
TEPC,2018-11-11,Veterans Day,Sun,17.84707264052742,14.48951466332486,17.84707264052742,Saturday,Veterans Day
TEPC,2018-11-12,Veterans Day (observed),Mon,12.889408639504584,13.577010051286354,16.644258284658868,own weekday,Veterans Day
TEPC,2018-11-22,Thanksgiving,Thu,9.661220905198519,9.304673946418427,7.436820906871761,Sunday,Thanksgiving
TEPC,2018-11-23,Day after Thanksgiving,Fri,21.477845647394275,24.014362102054044,21.434251457915046,Sunday,Day after Thanksgiving
TEPC,2018-12-24,Christmas Eve,Mon,6.047473646005198,5.133754039925987,5.52923913045714,Saturday,Christmas Eve
TEPC,2018-12-25,Christmas Day,Tue,9.987063936749653,7.363255322011411,9.001787484481504,Saturday,Christmas Day
TEPC,2018-12-31,New Year's Eve,Mon,8.775029330915759,11.362247908858512,9.467276032270577,own weekday,New Year's Eve
TEPC,2019-01-01,New Year's Day,Tue,5.48367484745037,4.0643745991390015,4.569986622714079,Saturday,New Year's Day
TEPC,2019-01-21,MLK Day,Mon,9.2414782990352,11.352322456236715,7.618976085505678,Sunday,MLK Day
TEPC,2019-02-03,Super Bowl Sunday,Sun,23.62246995500609,28.057172746333066,23.62246995500609,Sunday,Super Bowl Sunday
TEPC,2019-02-18,Presidents' Day,Mon,7.8832798745713415,9.18566540406663,9.749959618419028,own weekday,Presidents' Day
TEPC,2019-05-27,Memorial Day,Mon,8.064651735324572,8.98033755262231,7.114340742695008,Sunday,Memorial Day
TEPC,2019-07-04,Independence Day,Thu,6.2020768268171995,5.6287900134521625,4.691348301850956,Sunday,Independence Day
TEPC,2019-09-02,Labor Day,Mon,8.187078518483618,8.874971145684523,6.120532953034272,Sunday,Labor Day
TEPC,2019-10-14,Columbus Day,Mon,5.8296182677746184,5.824748428660062,5.4715247935492535,Sunday,Columbus Day
TEPC,2019-11-11,Veterans Day,Mon,5.620920450374816,6.284601904211297,5.442569399643652,Sunday,Veterans Day
TEPC,2019-11-28,Thanksgiving,Thu,11.385867118548827,12.365196404473512,14.037663123197023,own weekday,Thanksgiving
TEPC,2019-11-29,Day after Thanksgiving,Fri,8.508582361978908,8.574882474900809,9.354088576799233,own weekday,Day after Thanksgiving
TEPC,2019-12-24,Christmas Eve,Tue,12.835030282838758,14.090205035342615,17.078588061515372,own weekday,Christmas Eve
TEPC,2019-12-25,Christmas Day,Wed,6.090287708980081,6.0097668190152245,8.385354150949846,Saturday,Christmas Day
TEPC,2019-12-31,New Year's Eve,Tue,9.21429700126647,10.431157302577537,11.185083703330427,own weekday,New Year's Eve
TEPC,2020-01-01,New Year's Day,Wed,7.770923805283515,7.540331025383831,7.7581050203565995,Saturday,New Year's Day
TEPC,2020-01-20,MLK Day,Mon,6.821298269072005,5.124097441225093,6.63087894546727,Saturday,MLK Day
TEPC,2020-02-02,Super Bowl Sunday,Sun,6.776210017553195,6.464902140141311,6.776210017553195,Saturday,Super Bowl Sunday
TEPC,2020-02-17,Presidents' Day,Mon,9.038791827333046,5.08644092711851,4.578755853189312,Sunday,Presidents' Day
TEPC,2020-05-25,Memorial Day,Mon,7.751173734456981,3.192338728397928,4.608028585693952,Saturday,Memorial Day
TEPC,2020-07-03,Independence Day (observed),Fri,8.19232849559411,8.823174638702218,10.646252943270461,own weekday,Independence Day
TEPC,2020-07-04,Independence Day,Sat,3.9569855159750125,3.9569855159750125,6.583486406047712,Saturday,Independence Day
TEPC,2020-09-07,Labor Day,Mon,7.415305392808273,4.967340459139715,4.287404922176152,Sunday,Labor Day
TEPC,2020-10-12,Columbus Day,Mon,6.062286596172747,5.1802613295176965,5.866820898818318,Saturday,Columbus Day
TEPC,2020-11-11,Veterans Day,Wed,26.47524312213681,23.47951466316422,21.584931055827635,Sunday,Veterans Day
TEPC,2020-11-26,Thanksgiving,Thu,20.565997708479603,18.88829296843594,16.52031530416079,Sunday,Thanksgiving
TEPC,2020-11-27,Day after Thanksgiving,Fri,27.06554474274271,25.91719467642559,21.904563296240894,Sunday,Day after Thanksgiving
TEPC,2020-12-24,Christmas Eve,Thu,17.862994425188635,15.6566962992254,11.735840743055554,Sunday,Christmas Eve
TEPC,2020-12-25,Christmas Day,Fri,14.140061065985385,13.692997246669494,11.747894318450834,Sunday,Christmas Day
TEPC,2020-12-31,New Year's Eve,Thu,17.064166553948258,14.096196855878437,12.728043342930157,Sunday,New Year's Eve
TEPC,2021-01-01,New Year's Day,Fri,12.345906481563594,7.897344963456655,9.114408311892785,Saturday,New Year's Day
TEPC,2021-01-18,MLK Day,Mon,9.458062879194822,8.570719344878409,9.050680894595821,Saturday,MLK Day
TEPC,2021-02-07,Super Bowl Sunday,Sun,4.706460896846266,3.722871203187894,4.706460896846266,Saturday,Super Bowl Sunday
TEPC,2021-02-15,Presidents' Day,Mon,20.202545600002342,16.626782633628988,17.947952746237572,Saturday,Presidents' Day
TEPC,2021-05-31,Memorial Day,Mon,7.833920936215366,8.731199838031452,7.9824541867905,own weekday,Memorial Day
TEPC,2021-06-18,Juneteenth (observed),Fri,6.07403248644055,9.452611886256674,10.47031083264782,own weekday,Juneteenth
TEPC,2021-06-19,Juneteenth,Sat,8.532613628139428,8.532613628139428,10.01723220830641,Saturday,Juneteenth
TEPC,2021-07-04,Independence Day,Sun,8.315076269677647,6.010172012323204,8.315076269677647,Saturday,Independence Day
TEPC,2021-07-05,Independence Day (observed),Mon,6.492473270004498,6.933041985622186,7.7205978482193,own weekday,Independence Day
TEPC,2021-09-06,Labor Day,Mon,7.816126174682789,9.151843344845599,10.016090134143726,own weekday,Labor Day
TEPC,2021-10-11,Columbus Day,Mon,20.00380701242177,19.481744716869773,20.54894703798517,Saturday,Columbus Day
TEPC,2021-11-11,Veterans Day,Thu,10.060429452798747,13.625262457508324,14.426523324491146,own weekday,Veterans Day
TEPC,2021-11-25,Thanksgiving,Thu,13.764006544160232,10.352833019706376,14.237995547764829,Saturday,Thanksgiving
TEPC,2021-11-26,Day after Thanksgiving,Fri,16.68310886721246,15.355111274801395,18.234577822843683,Saturday,Day after Thanksgiving
TEPC,2021-12-24,Christmas Eve,Fri,6.312819671285707,6.6655277503375725,6.397267743859124,own weekday,Christmas Eve
TEPC,2021-12-25,Christmas Day,Sat,6.644354815367288,6.644354815367288,6.163139743609191,Sunday,Christmas Day
TEPC,2021-12-31,New Year's Day (observed),Fri,6.1307954785439405,6.3496128541530386,5.757030349864136,Sunday,New Year's Day
TEPC,2022-01-01,New Year's Day,Sat,9.086603919185702,9.086603919185702,6.650727364288935,Sunday,New Year's Day
TEPC,2022-01-17,MLK Day,Mon,7.181135303542469,9.075492400248837,7.727608439533672,own weekday,MLK Day
TEPC,2022-02-13,Super Bowl Sunday,Sun,2.655658252265365,3.5522448398636426,2.655658252265365,Sunday,Super Bowl Sunday
TEPC,2022-02-21,Presidents' Day,Mon,6.068105767637816,7.273449415220011,6.741478792700197,own weekday,Presidents' Day
TEPC,2022-05-30,Memorial Day,Mon,3.78489172707777,2.770211191885005,3.229151964242837,Saturday,Memorial Day
TEPC,2022-06-19,Juneteenth,Sun,4.155155398345275,4.268497493561943,4.155155398345275,Sunday,Juneteenth
TEPC,2022-06-20,Juneteenth (observed),Mon,4.297360394186073,5.899783665798653,6.446121879991148,own weekday,Juneteenth
TEPC,2022-07-04,Independence Day,Mon,11.935976726434843,9.501611496745738,10.928759861234722,Saturday,Independence Day
TEPC,2022-09-05,Labor Day,Mon,8.11804959300332,8.392515383435118,7.687689979531907,Sunday,Labor Day
TEPC,2022-10-10,Columbus Day,Mon,6.109742294171933,6.893132903604313,6.625914112493743,own weekday,Columbus Day
TEPC,2022-11-11,Veterans Day,Fri,16.114854771298262,14.226763055166533,12.229133418763304,Sunday,Veterans Day
TEPC,2022-11-24,Thanksgiving,Thu,11.593290731355644,8.66542486116168,7.614243835333169,Sunday,Thanksgiving
TEPC,2022-11-25,Day after Thanksgiving,Fri,13.26181112982531,9.389790547105912,7.905028364729085,Sunday,Day after Thanksgiving
TEPC,2022-12-24,Christmas Eve,Sat,2.1264933662420282,2.1264933662420282,4.195313523896399,Saturday,Christmas Eve
TEPC,2022-12-25,Christmas Day,Sun,12.308016428328877,9.834990658006078,12.308016428328877,Saturday,Christmas Day
TEPC,2022-12-26,Christmas Day (observed),Mon,7.081500775037743,5.937966133082847,7.532282961173735,Saturday,Christmas Day
TEPC,2022-12-31,New Year's Eve,Sat,5.025175975609036,5.025175975609036,7.324881734696725,Saturday,New Year's Eve
TEPC,2023-01-01,New Year's Day,Sun,8.912370887005936,9.543407560843905,8.912370887005936,Sunday,New Year's Day
TEPC,2023-01-02,New Year's Day (observed),Mon,4.728388440577953,6.939261336520507,5.7328689647456015,own weekday,New Year's Day
TEPC,2023-01-16,MLK Day,Mon,8.66329497862357,7.8246659345183485,7.59281243484934,Sunday,MLK Day
TEPC,2023-02-12,Super Bowl Sunday,Sun,2.4220772058094484,2.6104596504832234,2.4220772058094484,Sunday,Super Bowl Sunday
TEPC,2023-02-20,Presidents' Day,Mon,3.628594710189919,6.078982636121622,4.379648227340002,own weekday,Presidents' Day
TEPC,2023-05-29,Memorial Day,Mon,5.901126237478672,8.181752107422051,5.265847481735245,Sunday,Memorial Day
TEPC,2023-06-19,Juneteenth,Mon,6.7654585369421065,6.750424975503154,4.161227258953528,Sunday,Juneteenth
TEPC,2023-07-04,Independence Day,Tue,4.469905984577038,6.990765890562743,6.532345544809316,own weekday,Independence Day
TEPC,2023-09-04,Labor Day,Mon,2.7647697707413017,2.4409361458132772,1.7989810494928815,Sunday,Labor Day
TEPC,2023-10-09,Columbus Day,Mon,2.5922959527235916,2.726823635366437,2.974495793211254,own weekday,Columbus Day
TEPC,2023-11-10,Veterans Day (observed),Fri,14.91052783325201,14.141019498914783,15.492720571176532,Saturday,Veterans Day
TEPC,2023-11-11,Veterans Day,Sat,14.06741369161854,14.06741369161854,15.42141895030748,Saturday,Veterans Day
TEPC,2023-11-23,Thanksgiving,Thu,9.863429327499729,11.292088494729196,13.4944633287085,own weekday,Thanksgiving
TEPC,2023-11-24,Day after Thanksgiving,Fri,10.59560826140154,10.832908585647038,12.017428642693172,own weekday,Day after Thanksgiving
TEPC,2023-12-24,Christmas Eve,Sun,3.403636639101473,2.023674117942435,3.403636639101473,Saturday,Christmas Eve
TEPC,2023-12-25,Christmas Day,Mon,5.768713992692317,5.005749364566359,5.356182829580444,Saturday,Christmas Day
TEPC,2023-12-31,New Year's Eve,Sun,1.8692669490431215,1.3293252296550409,1.8692669490431215,Saturday,New Year's Eve
TEPC,2024-01-01,New Year's Day,Mon,2.3394035987376114,2.096899278722315,3.085902074869775,Saturday,New Year's Day
TEPC,2024-01-15,MLK Day,Mon,3.576714899255308,2.701924271633359,3.8414268117595247,Saturday,MLK Day
TEPC,2024-02-11,Super Bowl Sunday,Sun,6.0913610133324605,4.672443786665158,6.0913610133324605,Saturday,Super Bowl Sunday
TEPC,2024-02-19,Presidents' Day,Mon,2.523766514929573,4.245367358722901,3.4748016804099344,own weekday,Presidents' Day
TEPC,2024-05-27,Memorial Day,Mon,12.083370238548223,10.687674726385293,9.475934157237216,Sunday,Memorial Day
TEPC,2024-06-19,Juneteenth,Wed,6.560379377100562,4.05302611371939,3.7422452999154996,Sunday,Juneteenth
TEPC,2024-07-04,Independence Day,Thu,2.020178520199633,1.5115993266478804,2.3634335207924932,Saturday,Independence Day
TEPC,2024-09-02,Labor Day,Mon,1.8029517872534286,3.299156320523444,2.2271797031303153,own weekday,Labor Day
TEPC,2024-10-14,Columbus Day,Mon,2.4930722730630612,2.171588841821436,2.7268824006714305,Saturday,Columbus Day
TEPC,2024-11-11,Veterans Day,Mon,12.44662488383517,10.990612630774226,13.78704671335283,Saturday,Veterans Day
TEPC,2024-11-28,Thanksgiving,Thu,7.803060371671247,5.130953897646923,6.6433016952329895,Saturday,Thanksgiving
TEPC,2024-11-29,Day after Thanksgiving,Fri,3.2454724885554613,3.4631600103909554,5.429743163439096,own weekday,Day after Thanksgiving
TEPC,2024-12-24,Christmas Eve,Tue,3.8386699671683324,1.909415801635667,2.36264064226273,Saturday,Christmas Eve
TEPC,2024-12-25,Christmas Day,Wed,2.7005705010193153,2.0060804883793555,2.3294189958605287,Saturday,Christmas Day
TEPC,2024-12-31,New Year's Eve,Tue,6.245543035076746,4.354883263948531,4.834890083228661,Saturday,New Year's Eve
TEPC,2025-01-01,New Year's Day,Wed,3.3765594876578318,3.725029282846836,3.938919056266284,own weekday,New Year's Day
TEPC,2025-01-20,MLK Day,Mon,4.145070218545797,4.253156794271448,4.335082823355782,own weekday,MLK Day
TEPC,2025-02-09,Super Bowl Sunday,Sun,3.432093321712691,3.881763202176674,3.432093321712691,Sunday,Super Bowl Sunday
TEPC,2025-02-17,Presidents' Day,Mon,3.2982906450556273,3.8466471775313202,2.907930157370933,Sunday,Presidents' Day
TEPC,2025-05-26,Memorial Day,Mon,10.723730093243754,6.598691060375075,9.517303078330432,Saturday,Memorial Day
TEPC,2025-06-19,Juneteenth,Thu,12.226574138790149,11.674491604946834,12.779425361357532,Saturday,Juneteenth
TEPC,2025-07-04,Independence Day,Fri,3.504704331094203,2.255504697033039,3.445780936423378,Saturday,Independence Day
TEPC,2025-09-01,Labor Day,Mon,2.6109364116418172,2.109530170944409,3.0604546883417685,Saturday,Labor Day
TEPC,2025-10-13,Columbus Day,Mon,9.375830039512557,7.768566410682398,10.910094670699326,Saturday,Columbus Day
TEPC,2025-11-11,Veterans Day,Tue,5.4202159675911945,2.4041534960619715,3.7249986499411096,Saturday,Veterans Day
TEPC,2025-11-27,Thanksgiving,Thu,7.828999415473781,7.349565423313938,8.932629865090231,Saturday,Thanksgiving
TEPC,2025-11-28,Day after Thanksgiving,Fri,7.521622224674919,7.282000471600056,8.382808826587905,Saturday,Day after Thanksgiving
TEPC,2025-12-24,Christmas Eve,Wed,7.730738845650772,7.953277448946985,7.731156845053692,own weekday,Christmas Eve
TEPC,2025-12-25,Christmas Day,Thu,3.079239873639197,2.913653134685547,2.868704650738232,Sunday,Christmas Day
TEPC,2025-12-31,New Year's Eve,Wed,7.666945474829949,7.700060443991906,8.0841769703351,own weekday,New Year's Eve
TEPC,2026-01-01,New Year's Day,Thu,6.140861432381455,5.4472763932034605,5.811343008397475,Saturday,New Year's Day
TEPC,2026-01-19,MLK Day,Mon,2.857434765078371,3.384792952752749,3.435651961102499,own weekday,MLK Day
TEPC,2026-02-08,Super Bowl Sunday,Sun,2.1139088840833176,2.1444662869617965,2.1139088840833176,Sunday,Super Bowl Sunday
TEPC,2026-02-16,Presidents' Day,Mon,6.224548259783874,7.114046358650805,7.88444210514941,own weekday,Presidents' Day
TEPC,2026-05-25,Memorial Day,Mon,5.048340210874224,4.031687746565842,3.4386441135841572,Sunday,Memorial Day
TEPC,2026-06-19,Juneteenth,Fri,4.750218606212514,4.2295109045058945,3.7157064311823,Sunday,Juneteenth
TPWR,2015-09-07,Labor Day,Mon,3.166458662095919,3.023320730225918,2.9249305200008227,Sunday,Labor Day
TPWR,2015-10-12,Columbus Day,Mon,2.0224627773560377,5.653159547775499,5.6163044763986845,own weekday,Columbus Day
TPWR,2015-11-11,Veterans Day,Wed,3.295798220910829,4.420234650183619,3.3298112155146278,own weekday,Veterans Day
TPWR,2015-11-26,Thanksgiving,Thu,8.737583339194753,9.419201888766075,10.86979115388777,own weekday,Thanksgiving
TPWR,2015-11-27,Day after Thanksgiving,Fri,5.18203369969126,5.909078921176878,6.6433213271844,own weekday,Day after Thanksgiving
TPWR,2015-12-24,Christmas Eve,Thu,4.47127404696091,3.8563364574556123,5.277554059249626,Saturday,Christmas Eve
TPWR,2015-12-25,Christmas Day,Fri,4.368977679903809,3.193855798964117,4.120396160405824,Saturday,Christmas Day
TPWR,2015-12-31,New Year's Eve,Thu,5.75255729846092,5.529184147937991,6.6148672607398,Saturday,New Year's Eve
TPWR,2016-01-01,New Year's Day,Fri,5.312381653203514,5.415071402776664,6.257083659852529,own weekday,New Year's Day
TPWR,2016-01-18,MLK Day,Mon,2.0038630594808646,3.419819829118931,2.651531723610965,own weekday,MLK Day
TPWR,2016-02-07,Super Bowl Sunday,Sun,5.74160295381217,4.047990028177284,5.74160295381217,Saturday,Super Bowl Sunday
TPWR,2016-02-15,Presidents' Day,Mon,3.947767054336584,3.385196913407271,2.6410684902055137,Sunday,Presidents' Day
TPWR,2016-05-30,Memorial Day,Mon,3.9309965675534366,2.3051687638174747,1.3623931399309035,Sunday,Memorial Day
TPWR,2016-07-04,Independence Day,Mon,5.647935568911429,2.5975217419663648,3.1463363966762894,Saturday,Independence Day
TPWR,2016-09-05,Labor Day,Mon,3.391238881061245,2.217771853896533,2.3603908640977096,Saturday,Labor Day
TPWR,2016-10-10,Columbus Day,Mon,3.867562545578974,5.8663580329813465,6.43892646258621,own weekday,Columbus Day
TPWR,2016-11-11,Veterans Day,Fri,2.3657445299987643,3.2799125408906935,4.024126488889538,own weekday,Veterans Day
TPWR,2016-11-24,Thanksgiving,Thu,6.465988005958881,3.887507053005454,5.461868277358797,Saturday,Thanksgiving
TPWR,2016-11-25,Day after Thanksgiving,Fri,2.7132340735610603,2.673207929928265,3.5634013739382304,Saturday,Day after Thanksgiving
TPWR,2016-12-24,Christmas Eve,Sat,2.4403554616324428,2.4403554616324428,4.845861121987979,Saturday,Christmas Eve
TPWR,2016-12-25,Christmas Day,Sun,7.238156077969428,5.192491108592049,7.238156077969428,Saturday,Christmas Day
TPWR,2016-12-26,Christmas Day (observed),Mon,3.7931209436384274,2.1586857744813654,4.1693817842550835,Saturday,Christmas Day
TPWR,2016-12-31,New Year's Eve,Sat,2.1761366857608206,2.1761366857608206,4.781889874025298,Saturday,New Year's Eve
TPWR,2017-01-01,New Year's Day,Sun,2.888478973646676,2.464803355919484,2.888478973646676,Saturday,New Year's Day
TPWR,2017-01-02,New Year's Day (observed),Mon,2.998103608070671,2.628502357148155,2.130742401868159,Sunday,New Year's Day
TPWR,2017-01-16,MLK Day,Mon,4.584389407747883,3.2760538281836853,5.897275569599833,Saturday,MLK Day
TPWR,2017-02-05,Super Bowl Sunday,Sun,5.183451273616437,7.772582529902876,5.183451273616437,Sunday,Super Bowl Sunday
TPWR,2017-02-20,Presidents' Day,Mon,2.1140953902103865,3.991340016818633,2.424971311402088,own weekday,Presidents' Day
TPWR,2017-05-29,Memorial Day,Mon,7.492997037099071,7.519924041707982,6.629797376463357,Sunday,Memorial Day
TPWR,2017-07-04,Independence Day,Tue,4.30938030105589,3.086911573184712,2.6621029142257617,Sunday,Independence Day
TPWR,2017-09-04,Labor Day,Mon,4.130994882343804,3.7113504760282003,2.896728188992292,Sunday,Labor Day
TPWR,2017-10-09,Columbus Day,Mon,7.627699799385533,6.982992708255105,8.434049566695094,Saturday,Columbus Day
TPWR,2017-11-10,Veterans Day (observed),Fri,2.147568435142938,3.089428704289769,3.678993067020655,own weekday,Veterans Day
TPWR,2017-11-11,Veterans Day,Sat,2.945068637362888,2.945068637362888,5.472399538525675,Saturday,Veterans Day
TPWR,2017-11-23,Thanksgiving,Thu,6.658718037029253,5.909666102118682,5.323386849581279,Sunday,Thanksgiving
TPWR,2017-11-24,Day after Thanksgiving,Fri,3.7623097226081197,3.5853598921543153,2.721769805573207,Sunday,Day after Thanksgiving
TPWR,2017-12-24,Christmas Eve,Sun,4.486555372194035,2.2177660243230872,4.486555372194035,Saturday,Christmas Eve
TPWR,2017-12-25,Christmas Day,Mon,5.376140087889311,1.6892565176858807,3.7553437331351756,Saturday,Christmas Day
TPWR,2017-12-31,New Year's Eve,Sun,1.7047044404646243,2.021363638946544,1.7047044404646243,Sunday,New Year's Eve
TPWR,2018-01-01,New Year's Day,Mon,3.78083027300316,2.0292251931616883,2.5227615470330726,Saturday,New Year's Day
TPWR,2018-01-15,MLK Day,Mon,3.5116559283018614,2.87034050179492,4.929129425723704,Saturday,MLK Day
TPWR,2018-02-04,Super Bowl Sunday,Sun,1.7529854027100464,2.918059656411997,1.7529854027100464,Sunday,Super Bowl Sunday
TPWR,2018-02-19,Presidents' Day,Mon,5.389461929605658,4.520708519183536,5.965965941292872,Saturday,Presidents' Day
TPWR,2018-05-28,Memorial Day,Mon,7.244668409667544,5.225888189841213,2.7549765743828853,Sunday,Memorial Day
TPWR,2018-07-04,Independence Day,Wed,5.562514378342942,2.9565792825398507,4.037432875818117,Saturday,Independence Day
TPWR,2018-09-03,Labor Day,Mon,3.474448491057903,1.9968803666153132,2.5625573216905453,Saturday,Labor Day
TPWR,2018-10-08,Columbus Day,Mon,2.275851185808297,4.780386597179835,4.6260334938337255,own weekday,Columbus Day
TPWR,2018-11-11,Veterans Day,Sun,5.908218542842636,3.8479523579894197,5.908218542842636,Saturday,Veterans Day
TPWR,2018-11-12,Veterans Day (observed),Mon,5.250014222729772,5.052094772732337,6.478720093368592,Saturday,Veterans Day
TPWR,2018-11-22,Thanksgiving,Thu,6.226577553167919,4.462429311521317,4.597344534402547,Saturday,Thanksgiving
TPWR,2018-11-23,Day after Thanksgiving,Fri,3.403542246696966,2.7817238848426333,2.4507352626828753,Sunday,Day after Thanksgiving
TPWR,2018-12-24,Christmas Eve,Mon,4.204171482279655,1.0873530337670922,3.2119201698477697,Saturday,Christmas Eve
TPWR,2018-12-25,Christmas Day,Tue,4.828148240406603,1.1480481514292935,3.1640362027116224,Saturday,Christmas Day
TPWR,2018-12-31,New Year's Eve,Mon,2.747407414258199,2.953851743780236,3.2788385910342437,own weekday,New Year's Eve
TPWR,2019-01-01,New Year's Day,Tue,4.498104942386419,3.0007495104640443,3.0571066093446304,Saturday,New Year's Day
TPWR,2019-01-21,MLK Day,Mon,2.238394201917571,2.5116889924203063,3.1684617616480053,own weekday,MLK Day
TPWR,2019-02-03,Super Bowl Sunday,Sun,4.532311904256668,6.954693499229658,4.532311904256668,Sunday,Super Bowl Sunday
TPWR,2019-02-18,Presidents' Day,Mon,3.078249275190571,3.1541995967292147,3.7261610630331057,own weekday,Presidents' Day
TPWR,2019-05-27,Memorial Day,Mon,7.302648786050263,6.525963435608402,5.708512193405486,Sunday,Memorial Day
TPWR,2019-07-04,Independence Day,Thu,4.920850032715193,2.5033331602438684,3.539804070082574,Saturday,Independence Day
TPWR,2019-09-02,Labor Day,Mon,3.192484501144582,4.184995474077337,2.0707302365806735,Sunday,Labor Day
TPWR,2019-10-14,Columbus Day,Mon,5.7850044660177495,6.102027602228493,7.374748963709936,own weekday,Columbus Day
TPWR,2019-11-11,Veterans Day,Mon,2.1214720527734223,4.2652105306460655,3.336835288629838,own weekday,Veterans Day
TPWR,2019-11-28,Thanksgiving,Thu,5.245828939822155,2.6880609725754665,5.831123692221428,Saturday,Thanksgiving
TPWR,2019-11-29,Day after Thanksgiving,Fri,2.9814699314542223,4.357273229498709,4.541111976150837,own weekday,Day after Thanksgiving
TPWR,2019-12-24,Christmas Eve,Tue,4.151061275563432,2.819966523459459,5.384836367663414,Saturday,Christmas Eve
TPWR,2019-12-25,Christmas Day,Wed,4.044400702323543,2.5290084492409663,4.120883960833352,Saturday,Christmas Day
TPWR,2019-12-31,New Year's Eve,Tue,4.025364629395298,3.266118027106188,4.052873085634416,Saturday,New Year's Eve
TPWR,2020-01-01,New Year's Day,Wed,5.2328359336612955,4.5249219962302165,2.155846852724586,Sunday,New Year's Day
TPWR,2020-01-20,MLK Day,Mon,1.5548546093171376,2.487550542839717,2.4357880519573,own weekday,MLK Day
TPWR,2020-02-02,Super Bowl Sunday,Sun,5.441776572187696,5.10132403976248,5.441776572187696,Saturday,Super Bowl Sunday
TPWR,2020-02-17,Presidents' Day,Mon,3.7514215430477984,4.610058641085421,4.279138881910052,own weekday,Presidents' Day
TPWR,2020-05-25,Memorial Day,Mon,6.687666415731962,3.8345215868323055,5.659414440366722,Saturday,Memorial Day
TPWR,2020-07-03,Independence Day (observed),Fri,2.775182772332329,1.7270537504824417,1.6218618968967826,Sunday,Independence Day
TPWR,2020-07-04,Independence Day,Sat,1.9380408949132881,1.9380408949132881,2.3354665062190643,Saturday,Independence Day
TPWR,2020-09-07,Labor Day,Mon,2.8739091454168766,3.8888855233431388,1.775755920874326,Sunday,Labor Day
TPWR,2020-10-12,Columbus Day,Mon,2.8262535092314076,4.8674470221077435,4.877393795813443,own weekday,Columbus Day
TPWR,2020-11-11,Veterans Day,Wed,2.5779571308950575,3.5735578142092903,3.493470104739696,own weekday,Veterans Day
TPWR,2020-11-26,Thanksgiving,Thu,4.7233340981415,4.0249567113647,3.6912563701563434,Sunday,Thanksgiving
TPWR,2020-11-27,Day after Thanksgiving,Fri,3.668098959837155,1.9142033456164016,2.6270981141933705,Saturday,Day after Thanksgiving
TPWR,2020-12-24,Christmas Eve,Thu,4.6117863028556405,3.2330252675100057,4.832933082428421,Saturday,Christmas Eve
TPWR,2020-12-25,Christmas Day,Fri,5.198288534538729,4.076247575229442,5.4144018779464265,Saturday,Christmas Day
TPWR,2020-12-31,New Year's Eve,Thu,2.4348454883278494,1.736144014490547,3.04267257612279,Saturday,New Year's Eve
TPWR,2021-01-01,New Year's Day,Fri,3.763454484866792,2.3541887126935364,2.336186560367992,Sunday,New Year's Day
TPWR,2021-01-18,MLK Day,Mon,1.5506736817605593,3.0424506391013004,2.846823713161621,own weekday,MLK Day
TPWR,2021-02-07,Super Bowl Sunday,Sun,3.551335754911221,3.9699960202919202,3.551335754911221,Sunday,Super Bowl Sunday
TPWR,2021-02-15,Presidents' Day,Mon,3.6613004999639385,1.9726910335265218,3.0202155922080665,Saturday,Presidents' Day
TPWR,2021-05-31,Memorial Day,Mon,6.617975684908563,7.47373034599282,5.846698396021231,Sunday,Memorial Day
TPWR,2021-06-18,Juneteenth (observed),Fri,4.577629615741378,4.597286520268773,3.918551415348376,Sunday,Juneteenth
TPWR,2021-06-19,Juneteenth,Sat,4.749343009329859,4.749343009329859,2.5038170768927626,Sunday,Juneteenth
TPWR,2021-07-04,Independence Day,Sun,3.175205174666254,4.685824696798996,3.175205174666254,Sunday,Independence Day
TPWR,2021-07-05,Independence Day (observed),Mon,6.879134740107682,5.434079037708395,3.167123318406869,Sunday,Independence Day
TPWR,2021-09-06,Labor Day,Mon,2.814738726312423,2.7411959318604167,1.6718946483803028,Sunday,Labor Day
TPWR,2021-10-11,Columbus Day,Mon,4.559584997704949,5.8685176804211325,5.78184105397212,own weekday,Columbus Day
TPWR,2021-11-11,Veterans Day,Thu,2.959745475498891,3.6934018368729027,4.723418017634537,own weekday,Veterans Day
TPWR,2021-11-25,Thanksgiving,Thu,5.415666269478084,4.310912912741768,5.396045617809177,Saturday,Thanksgiving
TPWR,2021-11-26,Day after Thanksgiving,Fri,3.0936813141604085,1.3096166825856523,2.761215811097266,Saturday,Day after Thanksgiving
TPWR,2021-12-24,Christmas Eve,Fri,3.1364110828223164,1.801384068830325,2.8675705453832023,Saturday,Christmas Eve
TPWR,2021-12-25,Christmas Day,Sat,1.5825430656633312,1.5825430656633312,2.1895506726363863,Saturday,Christmas Day
TPWR,2021-12-31,New Year's Day (observed),Fri,4.020886295578711,2.2089221335670874,2.705361808877516,Saturday,New Year's Day
TPWR,2022-01-01,New Year's Day,Sat,5.794339921131279,5.794339921131279,6.8923350309904805,Saturday,New Year's Day
TPWR,2022-01-17,MLK Day,Mon,1.774854630648184,3.0095530782074955,3.1045827497434177,own weekday,MLK Day
TPWR,2022-02-13,Super Bowl Sunday,Sun,9.470889526353163,6.343190939777103,9.470889526353163,Saturday,Super Bowl Sunday
TPWR,2022-02-21,Presidents' Day,Mon,4.2861642960853725,4.747761237294112,3.5478618736455503,Sunday,Presidents' Day
TPWR,2022-05-30,Memorial Day,Mon,3.8944406417292896,2.92224286291186,1.3525074574365554,Sunday,Memorial Day
TPWR,2022-06-19,Juneteenth,Sun,1.3918200512603067,1.7782661800340098,1.3918200512603067,Sunday,Juneteenth
TPWR,2022-06-20,Juneteenth (observed),Mon,2.5281272324784467,5.306712177032247,3.203787601627612,own weekday,Juneteenth
TPWR,2022-07-04,Independence Day,Mon,4.799436154917982,2.199400436836768,2.814933818024777,Saturday,Independence Day
TPWR,2022-09-05,Labor Day,Mon,3.1498953312879934,3.6627823347983965,2.3334366209436865,Sunday,Labor Day
TPWR,2022-10-10,Columbus Day,Mon,3.5435536415826605,4.554695355169431,4.72880951337477,own weekday,Columbus Day
TPWR,2022-11-11,Veterans Day,Fri,4.878862399084037,4.7503456531342945,7.250738066948294,Saturday,Veterans Day
TPWR,2022-11-24,Thanksgiving,Thu,7.84146524380533,7.79013578934788,10.208902480223008,Saturday,Thanksgiving
TPWR,2022-11-25,Day after Thanksgiving,Fri,4.122188156646939,4.515492159997015,2.899413968400941,Sunday,Day after Thanksgiving
TPWR,2022-12-24,Christmas Eve,Sat,5.705351606678859,5.705351606678859,8.76696641881211,Saturday,Christmas Eve
TPWR,2022-12-25,Christmas Day,Sun,3.3325239416422807,2.9345406579729243,3.3325239416422807,Saturday,Christmas Day
TPWR,2022-12-26,Christmas Day (observed),Mon,5.514237685078268,8.137368357384613,3.682063717446283,Sunday,Christmas Day
TPWR,2022-12-31,New Year's Eve,Sat,2.4697815372874055,2.4697815372874055,2.398886359501989,Sunday,New Year's Eve
TPWR,2023-01-01,New Year's Day,Sun,1.9536010480824313,5.649487947115093,1.9536010480824313,Sunday,New Year's Day
TPWR,2023-01-02,New Year's Day (observed),Mon,2.7545730783358002,2.955945445024255,3.056484353471191,own weekday,New Year's Day
TPWR,2023-01-16,MLK Day,Mon,2.2239502061989502,3.671840147613631,2.9236297478683158,own weekday,MLK Day
TPWR,2023-02-12,Super Bowl Sunday,Sun,7.739081167753804,5.946724293719938,7.739081167753804,Saturday,Super Bowl Sunday
TPWR,2023-02-20,Presidents' Day,Mon,3.8292981566341875,4.184367863893828,2.8900805046544797,Sunday,Presidents' Day
TPWR,2023-05-29,Memorial Day,Mon,5.377727714742816,3.0151948650967726,1.5108185955919886,Sunday,Memorial Day
TPWR,2023-06-19,Juneteenth,Mon,1.4399417527694893,3.0604627015531256,3.839317478702008,own weekday,Juneteenth
TPWR,2023-07-04,Independence Day,Tue,7.627460993299068,5.0096208316532165,4.650752932726632,Sunday,Independence Day
TPWR,2023-09-04,Labor Day,Mon,2.8225987344506676,3.4319070954314537,4.32675408675251,own weekday,Labor Day
TPWR,2023-10-09,Columbus Day,Mon,1.0436758407453126,4.881817110037978,4.687150502527609,own weekday,Columbus Day
TPWR,2023-11-10,Veterans Day (observed),Fri,3.139074027090125,4.655921276444105,6.183966621471938,own weekday,Veterans Day
TPWR,2023-11-11,Veterans Day,Sat,2.139859052545494,2.139859052545494,4.034856028334828,Saturday,Veterans Day
TPWR,2023-11-23,Thanksgiving,Thu,4.967582907047591,3.8902023628458946,6.274418859791868,Saturday,Thanksgiving
TPWR,2023-11-24,Day after Thanksgiving,Fri,4.151343190194059,5.289657081734949,6.242068268379305,own weekday,Day after Thanksgiving
TPWR,2023-12-24,Christmas Eve,Sun,4.22335945119113,3.395738372351981,4.22335945119113,Saturday,Christmas Eve
TPWR,2023-12-25,Christmas Day,Mon,5.410756010610173,3.7095246505546347,4.838364348250257,Saturday,Christmas Day
TPWR,2023-12-31,New Year's Eve,Sun,1.3010364193213027,2.933948687484343,1.3010364193213027,Sunday,New Year's Eve
TPWR,2024-01-01,New Year's Day,Mon,3.1693785651402884,4.49074817273852,2.4813970385397495,Sunday,New Year's Day
TPWR,2024-01-15,MLK Day,Mon,4.740972100118266,4.052859243198336,3.585873693230981,Sunday,MLK Day
TPWR,2024-02-11,Super Bowl Sunday,Sun,2.5580974875702536,1.9198666157397875,2.5580974875702536,Saturday,Super Bowl Sunday
TPWR,2024-02-19,Presidents' Day,Mon,1.8663626059206768,3.8946901729472683,2.860027744601903,own weekday,Presidents' Day
TPWR,2024-05-27,Memorial Day,Mon,5.0629811290719315,1.8676094369356016,1.9958568431901313,Saturday,Memorial Day
TPWR,2024-06-19,Juneteenth,Wed,7.391023968120279,4.274390997981071,2.705385936226179,Sunday,Juneteenth
TPWR,2024-07-04,Independence Day,Thu,7.459043345592066,4.623120851755044,3.278473592011002,Sunday,Independence Day
TPWR,2024-09-02,Labor Day,Mon,3.176992730913771,3.0042215152250167,2.6086054975102257,Sunday,Labor Day
TPWR,2024-10-14,Columbus Day,Mon,1.4450061851970122,4.252965612590706,4.226316899653434,own weekday,Columbus Day
TPWR,2024-11-11,Veterans Day,Mon,4.788539648881664,6.599651985640182,3.989921617602283,Sunday,Veterans Day
TPWR,2024-11-28,Thanksgiving,Thu,5.058672404409484,3.436843200811831,6.570492751244437,Saturday,Thanksgiving
TPWR,2024-11-29,Day after Thanksgiving,Fri,3.2592699709723623,2.4722162263637677,3.7489681626462863,Saturday,Day after Thanksgiving
TPWR,2024-12-24,Christmas Eve,Tue,3.6344087024747536,2.1693648755024304,2.5967361706102543,Saturday,Christmas Eve
TPWR,2024-12-25,Christmas Day,Wed,4.798945000213559,3.3467854719419217,3.483047473692131,Saturday,Christmas Day
TPWR,2024-12-31,New Year's Eve,Tue,2.749847453894086,4.264487222795346,4.323556432122192,own weekday,New Year's Eve
TPWR,2025-01-01,New Year's Day,Wed,3.6003918739027494,1.7025160421196543,2.145745747035962,Saturday,New Year's Day
TPWR,2025-01-20,MLK Day,Mon,4.593953999196177,4.878867164551492,5.236636735574319,own weekday,MLK Day
TPWR,2025-02-09,Super Bowl Sunday,Sun,2.0047768223593914,1.133534676625586,2.0047768223593914,Saturday,Super Bowl Sunday
TPWR,2025-02-17,Presidents' Day,Mon,1.9798996304872356,2.2456842822834737,1.582291877046877,Sunday,Presidents' Day
TPWR,2025-05-26,Memorial Day,Mon,6.596127889373083,6.031612214466225,4.542498361217818,Sunday,Memorial Day
TPWR,2025-06-19,Juneteenth,Thu,4.397674055990802,3.6523858090631323,2.6362488749583997,Sunday,Juneteenth
TPWR,2025-07-04,Independence Day,Fri,5.043457345348157,4.231993958446143,3.85501400623759,Sunday,Independence Day
TPWR,2025-09-01,Labor Day,Mon,4.049120774909622,1.792472081594992,2.6481078141961407,Saturday,Labor Day
TPWR,2025-10-13,Columbus Day,Mon,5.259903977174751,6.255178285696224,6.697542277963084,own weekday,Columbus Day
TPWR,2025-11-11,Veterans Day,Tue,1.6496916211962365,4.542356034529202,5.1139746156866295,own weekday,Veterans Day
TPWR,2025-11-27,Thanksgiving,Thu,5.967928259455313,4.466222832787362,6.303127600824715,Saturday,Thanksgiving
TPWR,2025-11-28,Day after Thanksgiving,Fri,3.5593354516898343,2.8804826636474363,2.7972883259689625,Sunday,Day after Thanksgiving
TPWR,2025-12-24,Christmas Eve,Wed,3.646973181407086,2.4585298076941404,3.4953091685010067,Saturday,Christmas Eve
TPWR,2025-12-25,Christmas Day,Thu,4.353023932770403,3.186498890210022,4.360186100330869,Saturday,Christmas Day
TPWR,2025-12-31,New Year's Eve,Wed,3.1372912292428556,2.934874689170444,3.6384637057114553,Saturday,New Year's Eve
TPWR,2026-01-01,New Year's Day,Thu,4.996425395682619,3.9807411436107034,4.328977593981101,Saturday,New Year's Day
TPWR,2026-01-19,MLK Day,Mon,3.3230026868554545,3.2604672713029803,3.7663485898469364,Saturday,MLK Day
TPWR,2026-02-08,Super Bowl Sunday,Sun,4.279033401103211,4.691358466155485,4.279033401103211,Sunday,Super Bowl Sunday
TPWR,2026-02-16,Presidents' Day,Mon,2.0280887665182212,2.8339899393037977,2.1877952996518877,own weekday,Presidents' Day
TPWR,2026-05-25,Memorial Day,Mon,7.827343539090063,9.380568280727196,7.1437367461200285,Sunday,Memorial Day
TPWR,2026-06-19,Juneteenth,Fri,6.775032465508886,8.277848156401836,6.362514297637113,Sunday,Juneteenth
TVA,2015-09-07,Labor Day,Mon,4.04231724408791,2.357810817797256,2.3697460871933567,Saturday,Labor Day
TVA,2015-10-12,Columbus Day,Mon,2.007839284135555,4.64683544189823,4.43391225113028,own weekday,Columbus Day
TVA,2015-11-11,Veterans Day,Wed,5.840444155556909,4.686529576732552,5.482284971751565,Saturday,Veterans Day
TVA,2015-11-26,Thanksgiving,Thu,11.43559531424835,8.841999663488531,10.655447762163279,Saturday,Thanksgiving
TVA,2015-11-27,Day after Thanksgiving,Fri,3.0492894199102816,2.113984520262468,1.8396379223392219,Sunday,Day after Thanksgiving
TVA,2015-12-24,Christmas Eve,Thu,4.82500219700667,6.155935433024248,6.0094451731823675,own weekday,Christmas Eve
TVA,2015-12-25,Christmas Day,Fri,5.5130154438419865,5.245371293735475,5.771903751504237,Saturday,Christmas Day
TVA,2015-12-31,New Year's Eve,Thu,2.3410321483504135,3.9418506253801686,3.776208565059045,own weekday,New Year's Eve
TVA,2016-01-01,New Year's Day,Fri,3.4010120943442863,2.375629417819984,2.6853894207773967,Saturday,New Year's Day
TVA,2016-01-18,MLK Day,Mon,3.7306480208055657,4.5340112912046715,3.7619134036045407,own weekday,MLK Day
TVA,2016-02-07,Super Bowl Sunday,Sun,9.020134013954726,6.207444067862408,9.020134013954726,Saturday,Super Bowl Sunday
TVA,2016-02-15,Presidents' Day,Mon,3.8283121842265455,5.37616644257413,3.8803307732898933,own weekday,Presidents' Day
TVA,2016-05-30,Memorial Day,Mon,10.49169563478726,10.684494935713325,7.430455557728802,Sunday,Memorial Day
TVA,2016-07-04,Independence Day,Mon,4.787286616316018,1.8742308492360475,3.358000501870307,Saturday,Independence Day
TVA,2016-09-05,Labor Day,Mon,3.8576919980934488,4.74590605472425,2.0192369555241685,Sunday,Labor Day
TVA,2016-10-10,Columbus Day,Mon,5.8701794305249795,5.807388400964814,6.130131182482424,Saturday,Columbus Day
TVA,2016-11-11,Veterans Day,Fri,8.298361865107802,9.312760816028426,11.980741320346382,own weekday,Veterans Day
TVA,2016-11-24,Thanksgiving,Thu,7.813614202873008,6.724525887261885,8.236661790272889,Saturday,Thanksgiving
TVA,2016-11-25,Day after Thanksgiving,Fri,4.784784664920436,3.343150400471489,3.362179001888441,Saturday,Day after Thanksgiving
TVA,2016-12-24,Christmas Eve,Sat,3.5647403454901556,3.5647403454901556,6.1210224596420275,Saturday,Christmas Eve
TVA,2016-12-25,Christmas Day,Sun,4.197505709377915,1.8825718986003133,4.197505709377915,Saturday,Christmas Day
TVA,2016-12-26,Christmas Day (observed),Mon,5.599260292585638,6.946304455898845,10.293714641573713,own weekday,Christmas Day
TVA,2016-12-31,New Year's Eve,Sat,4.307287120342378,4.307287120342378,5.85746126486037,Saturday,New Year's Eve
TVA,2017-01-01,New Year's Day,Sun,4.7761265855025465,2.8941690751038376,4.7761265855025465,Saturday,New Year's Day
TVA,2017-01-02,New Year's Day (observed),Mon,3.897579214284878,4.73941616005335,7.953230527766181,own weekday,New Year's Day
TVA,2017-01-16,MLK Day,Mon,4.665650895908103,5.4528911110658465,10.433294904939233,own weekday,MLK Day
TVA,2017-02-05,Super Bowl Sunday,Sun,3.961583836254718,1.7030059415209897,3.961583836254718,Saturday,Super Bowl Sunday
TVA,2017-02-20,Presidents' Day,Mon,4.666485713894205,4.094521950336383,3.4244805124882607,Sunday,Presidents' Day
TVA,2017-05-29,Memorial Day,Mon,6.105474790154978,4.3181141271498475,4.506614182648952,Saturday,Memorial Day
TVA,2017-07-04,Independence Day,Tue,3.139830320587026,2.092364123823286,2.3654600433120914,Saturday,Independence Day
TVA,2017-09-04,Labor Day,Mon,4.3541279346583295,5.859675828769342,2.2614156530942675,Sunday,Labor Day
TVA,2017-10-09,Columbus Day,Mon,3.9337876492296564,3.4573736468710083,4.411411854378699,Saturday,Columbus Day
TVA,2017-11-10,Veterans Day (observed),Fri,12.118955473364823,12.004920943473657,10.816711787778486,Sunday,Veterans Day
TVA,2017-11-11,Veterans Day,Sat,17.39144771138692,17.39144771138692,16.416144159696312,Sunday,Veterans Day
TVA,2017-11-23,Thanksgiving,Thu,15.6879941083745,18.08976571816947,19.021395373338827,own weekday,Thanksgiving
TVA,2017-11-24,Day after Thanksgiving,Fri,12.865651671684564,15.236978867123128,16.107909463987077,own weekday,Day after Thanksgiving
TVA,2017-12-24,Christmas Eve,Sun,3.408480677660033,5.218870743003334,3.408480677660033,Sunday,Christmas Eve
TVA,2017-12-25,Christmas Day,Mon,2.879678635847709,1.3511740803495942,1.8010166235807337,Saturday,Christmas Day
TVA,2017-12-31,New Year's Eve,Sun,2.966094518040467,3.9966086375079204,2.966094518040467,Sunday,New Year's Eve
TVA,2018-01-01,New Year's Day,Mon,5.608836660759913,3.1641443371606313,3.525206687923327,Saturday,New Year's Day
TVA,2018-01-15,MLK Day,Mon,4.193560382597294,4.683024521673373,1.9142501495220403,Sunday,MLK Day
TVA,2018-02-04,Super Bowl Sunday,Sun,5.538654547155735,3.8356707270104033,5.538654547155735,Saturday,Super Bowl Sunday
TVA,2018-02-19,Presidents' Day,Mon,2.51492329984703,4.859371675788519,7.56734295890922,own weekday,Presidents' Day
TVA,2018-05-28,Memorial Day,Mon,8.138741611856853,6.067930409534334,3.709384218680847,Sunday,Memorial Day
TVA,2018-09-03,Labor Day,Mon,3.1574684820315384,3.0117599413008818,1.6596337243995907,Sunday,Labor Day
TVA,2018-10-08,Columbus Day,Mon,2.475946486032897,2.8182172060927555,3.348181917554941,own weekday,Columbus Day
TVA,2018-11-11,Veterans Day,Sun,17.484407842340122,13.437768880206722,17.484407842340122,Saturday,Veterans Day
TVA,2018-11-12,Veterans Day (observed),Mon,2.912564423060562,2.405102980903218,4.275088481441855,Saturday,Veterans Day
TVA,2018-11-22,Thanksgiving,Thu,14.473212699960552,14.791844974829491,14.049341671457894,Sunday,Thanksgiving
TVA,2018-11-23,Day after Thanksgiving,Fri,4.945123214432194,5.4081897460262764,4.660409920199588,Sunday,Day after Thanksgiving
TVA,2018-12-24,Christmas Eve,Mon,9.070191183147978,7.803617955074199,8.101739742954656,Saturday,Christmas Eve
TVA,2018-12-25,Christmas Day,Tue,7.8312278869451735,6.888233548904639,7.462156265208504,Saturday,Christmas Day
TVA,2018-12-31,New Year's Eve,Mon,4.757330108217512,3.456686454959707,3.3433269476809073,Sunday,New Year's Eve
TVA,2019-01-01,New Year's Day,Tue,4.492420523416007,5.853173790410071,6.235051857746243,own weekday,New Year's Day
TVA,2019-01-21,MLK Day,Mon,7.484131710410756,7.526244823690854,7.005923968855107,Sunday,MLK Day
TVA,2019-02-03,Super Bowl Sunday,Sun,3.85679128208144,1.7060902412068215,3.85679128208144,Saturday,Super Bowl Sunday
TVA,2019-02-18,Presidents' Day,Mon,4.746412019356879,5.870259406611599,4.5851276253491635,Sunday,Presidents' Day
TVA,2019-05-27,Memorial Day,Mon,11.5022381497137,12.771510102176375,11.06788361448976,Sunday,Memorial Day
TVA,2019-07-04,Independence Day,Thu,4.312948499398893,3.025395304728547,4.708505354268186,Saturday,Independence Day
TVA,2019-09-02,Labor Day,Mon,3.821192851634297,3.838541341959887,3.5947357641942346,Sunday,Labor Day
TVA,2019-10-14,Columbus Day,Mon,11.868390773370201,10.72436057653542,13.452365517648179,Saturday,Columbus Day
TVA,2019-11-11,Veterans Day,Mon,5.752077914575585,5.582220946756091,5.645320265613634,Saturday,Veterans Day
TVA,2019-11-28,Thanksgiving,Thu,8.567888004573703,7.169759068625699,7.351455426945251,Saturday,Thanksgiving
TVA,2019-11-29,Day after Thanksgiving,Fri,2.7575282016161533,2.051443858669546,2.74309371560265,Saturday,Day after Thanksgiving
TVA,2019-12-24,Christmas Eve,Tue,4.9044576714173855,2.8674091077510915,3.5191889498775044,Saturday,Christmas Eve
TVA,2019-12-25,Christmas Day,Wed,2.809894090305393,2.202441073499223,2.7849190653482894,Saturday,Christmas Day
TVA,2019-12-31,New Year's Eve,Tue,2.0231180448853125,1.6226354687605475,2.3142231603130656,Saturday,New Year's Eve
TVA,2020-01-01,New Year's Day,Wed,2.2453920239824052,4.662905066670956,3.72459901737304,own weekday,New Year's Day
TVA,2020-01-20,MLK Day,Mon,1.361895538623103,1.68684331801489,1.8854444147446674,own weekday,MLK Day
TVA,2020-02-02,Super Bowl Sunday,Sun,8.142600483838597,10.302224752769218,8.142600483838597,Sunday,Super Bowl Sunday
TVA,2020-02-17,Presidents' Day,Mon,3.1703999752095964,5.229747127160979,3.8186229803445473,own weekday,Presidents' Day
TVA,2020-05-25,Memorial Day,Mon,11.500836761932742,12.43968044730644,9.612532733594737,Sunday,Memorial Day
TVA,2020-07-03,Independence Day (observed),Fri,6.043017757532929,2.8276374183168267,3.897542808701608,Saturday,Independence Day
TVA,2020-07-04,Independence Day,Sat,3.5882936633248876,3.5882936633248876,4.04921818294262,Saturday,Independence Day
TVA,2020-09-07,Labor Day,Mon,5.126047587840229,5.490808876345811,3.300209614929359,Sunday,Labor Day
TVA,2020-10-12,Columbus Day,Mon,1.8358013335096544,3.6847267048615415,4.6554796486329675,own weekday,Columbus Day
TVA,2020-11-11,Veterans Day,Wed,2.17999747271437,2.1930540903120925,3.1934933802533116,own weekday,Veterans Day
TVA,2020-11-26,Thanksgiving,Thu,5.958181030449965,3.2950868684477395,6.1937370304431605,Saturday,Thanksgiving
TVA,2020-11-27,Day after Thanksgiving,Fri,4.562003894255094,2.695017013789419,7.561601664934832,Saturday,Day after Thanksgiving
TVA,2020-12-24,Christmas Eve,Thu,11.992680655667444,12.578314137015347,7.507762090966352,Sunday,Christmas Eve
TVA,2020-12-25,Christmas Day,Fri,3.9273290492964725,3.248399555907962,4.3283802469728165,Saturday,Christmas Day
TVA,2020-12-31,New Year's Eve,Thu,6.643179526722674,5.41462947861992,3.641286861652376,Sunday,New Year's Eve
TVA,2021-01-01,New Year's Day,Fri,4.947991968098811,4.2010480796627565,3.153404104341061,Sunday,New Year's Day
TVA,2021-01-18,MLK Day,Mon,4.834335405597625,3.2487625872414863,2.4196984264120456,Sunday,MLK Day
TVA,2021-02-07,Super Bowl Sunday,Sun,2.824090708808246,7.177912523513465,2.824090708808246,Sunday,Super Bowl Sunday
TVA,2021-02-15,Presidents' Day,Mon,2.6639135573199035,2.612038582701762,2.6942989597439984,Saturday,Presidents' Day
TVA,2021-05-31,Memorial Day,Mon,6.445431930769086,8.440855428410817,6.254073544284326,Sunday,Memorial Day
TVA,2021-06-18,Juneteenth (observed),Fri,9.388790636344979,9.173047786802107,9.43835431705265,Saturday,Juneteenth
TVA,2021-06-19,Juneteenth,Sat,4.8742242052600755,4.8742242052600755,4.995026011480072,Saturday,Juneteenth
TVA,2021-07-04,Independence Day,Sun,4.818082566922011,4.354307282198836,4.818082566922011,Saturday,Independence Day
TVA,2021-07-05,Independence Day (observed),Mon,8.226960148707864,6.973677823887611,4.236617621238934,Sunday,Independence Day
TVA,2021-09-06,Labor Day,Mon,3.9601925155587256,1.7299582518564647,2.252948782735743,Saturday,Labor Day
TVA,2021-10-11,Columbus Day,Mon,1.7857794941888379,2.9579499751946865,3.9222069691006793,own weekday,Columbus Day
TVA,2021-11-11,Veterans Day,Thu,5.486401929943359,3.2317767946195217,5.5214146830249256,Saturday,Veterans Day
TVA,2021-11-25,Thanksgiving,Thu,11.329600814790293,6.929664797968778,7.6967453890850575,Saturday,Thanksgiving
TVA,2021-11-26,Day after Thanksgiving,Fri,6.259237317747261,6.743535337603889,6.087990344556457,Sunday,Day after Thanksgiving
TVA,2021-12-24,Christmas Eve,Fri,5.551498143280983,6.390641130746746,5.371774336943883,Sunday,Christmas Eve
TVA,2021-12-25,Christmas Day,Sat,3.3120538977651077,3.3120538977651077,5.69288743012111,Saturday,Christmas Day
TVA,2021-12-31,New Year's Day (observed),Fri,4.7280708607122515,4.563427537706316,5.920349349297186,Saturday,New Year's Day
TVA,2022-01-01,New Year's Day,Sat,6.611009652531834,6.611009652531834,7.771812953799047,Saturday,New Year's Day
TVA,2022-01-17,MLK Day,Mon,4.138134497829621,1.1070585394905068,4.417814743808916,Saturday,MLK Day
TVA,2022-02-13,Super Bowl Sunday,Sun,8.722682549980744,1.884503625232376,8.722682549980744,Saturday,Super Bowl Sunday
TVA,2022-02-21,Presidents' Day,Mon,6.856778594103531,7.627787747783166,10.329590274615612,own weekday,Presidents' Day
TVA,2022-05-30,Memorial Day,Mon,11.911451402987284,8.642085441563205,8.27445827197121,Sunday,Memorial Day
TVA,2022-06-19,Juneteenth,Sun,2.0955069308452425,3.705958544454534,2.0955069308452425,Sunday,Juneteenth
TVA,2022-06-20,Juneteenth (observed),Mon,8.348949149323138,7.296560958882875,4.340287965953489,Sunday,Juneteenth
TVA,2022-07-04,Independence Day,Mon,6.2711398991148455,4.150746386852105,3.062620178625316,Sunday,Independence Day
TVA,2022-09-05,Labor Day,Mon,3.070239255761514,2.5306726945227376,1.8837906633187604,Sunday,Labor Day
TVA,2022-10-10,Columbus Day,Mon,8.784634642070206,8.206957874803052,8.723130410514658,Saturday,Columbus Day
TVA,2022-11-11,Veterans Day,Fri,1.673716668802821,2.2402271631405086,3.3780987074628137,own weekday,Veterans Day
TVA,2022-11-24,Thanksgiving,Thu,11.46883903073501,11.493206301146019,13.888779061084245,own weekday,Thanksgiving
TVA,2022-11-25,Day after Thanksgiving,Fri,3.8964379281898056,2.312290902563686,2.9995347646724495,Saturday,Day after Thanksgiving
TVA,2022-12-24,Christmas Eve,Sat,9.997092779999749,9.997092779999749,11.353907389013441,Saturday,Christmas Eve
TVA,2022-12-25,Christmas Day,Sun,12.965662179329641,12.184703344777846,12.965662179329641,Saturday,Christmas Day
TVA,2022-12-26,Christmas Day (observed),Mon,4.903426206562753,6.8211263183745094,6.396291296515975,own weekday,Christmas Day
TVA,2022-12-31,New Year's Eve,Sat,2.0530940036886203,2.0530940036886203,3.842858771032002,Saturday,New Year's Eve
TVA,2023-01-01,New Year's Day,Sun,2.694461812764484,1.9743591302712322,2.694461812764484,Saturday,New Year's Day
TVA,2023-01-02,New Year's Day (observed),Mon,6.5228047383096195,4.039019587244442,5.299972682960612,Saturday,New Year's Day
TVA,2023-01-16,MLK Day,Mon,4.940292615197261,5.833180282067898,7.786950830762198,own weekday,MLK Day
TVA,2023-02-12,Super Bowl Sunday,Sun,2.126980455548751,5.243474950652274,2.126980455548751,Sunday,Super Bowl Sunday
TVA,2023-02-20,Presidents' Day,Mon,5.146448599901748,9.173272138841062,3.917437864313412,Sunday,Presidents' Day
TVA,2023-05-29,Memorial Day,Mon,9.539814944056813,5.325463688389318,4.083048506197488,Sunday,Memorial Day
TVA,2023-06-19,Juneteenth,Mon,1.74018521709202,2.4703693473532407,3.1994828184673425,own weekday,Juneteenth
TVA,2023-07-04,Independence Day,Tue,3.731887534996223,1.8367452941759561,1.5122217084448824,Sunday,Independence Day
TVA,2023-09-04,Labor Day,Mon,3.111049992706634,5.773615532531482,3.6213912133807007,own weekday,Labor Day
TVA,2023-10-09,Columbus Day,Mon,10.044770965823577,8.97547889560239,10.045718679156861,Saturday,Columbus Day
TVA,2023-11-10,Veterans Day (observed),Fri,2.9186561796554376,3.873189781378853,4.186789455666962,own weekday,Veterans Day
TVA,2023-11-11,Veterans Day,Sat,6.0994706315738085,6.0994706315738085,6.615844560387769,Saturday,Veterans Day
TVA,2023-11-23,Thanksgiving,Thu,13.44687590855017,12.579765415911695,12.453163378928977,Sunday,Thanksgiving
TVA,2023-11-24,Day after Thanksgiving,Fri,8.436850611353663,7.247938864361646,6.6788338496487745,Sunday,Day after Thanksgiving
TVA,2023-12-24,Christmas Eve,Sun,7.446550571993399,2.341479161307697,7.446550571993399,Saturday,Christmas Eve
TVA,2023-12-25,Christmas Day,Mon,4.403389417493467,5.401701447386937,2.634204880219971,Sunday,Christmas Day
TVA,2023-12-31,New Year's Eve,Sun,9.816380944019444,7.659406738506223,9.816380944019444,Saturday,New Year's Eve
TVA,2024-01-01,New Year's Day,Mon,3.0905865106210015,3.161759086557895,1.799863285857511,Sunday,New Year's Day
TVA,2024-01-15,MLK Day,Mon,4.299068744614132,3.0415458488626452,3.5644869568572912,Saturday,MLK Day
TVA,2024-02-11,Super Bowl Sunday,Sun,3.178777520568753,4.130979380283779,3.178777520568753,Sunday,Super Bowl Sunday
TVA,2024-02-19,Presidents' Day,Mon,7.576690039923091,10.679671879289343,11.04661980409085,own weekday,Presidents' Day
TVA,2024-05-27,Memorial Day,Mon,7.912882731752364,6.585615224059269,4.547461036045462,Sunday,Memorial Day
TVA,2024-06-19,Juneteenth,Wed,2.1785460651554973,2.7482544065701293,2.9230792730076147,own weekday,Juneteenth
TVA,2024-07-04,Independence Day,Thu,4.380467985709644,2.721937090203327,2.9599542576436035,Saturday,Independence Day
TVA,2024-09-02,Labor Day,Mon,2.961119281088607,1.7913239865522808,1.8222113651649374,Saturday,Labor Day
TVA,2024-10-14,Columbus Day,Mon,7.734371238766624,6.827813663817782,8.629654930716073,Saturday,Columbus Day
TVA,2024-11-11,Veterans Day,Mon,1.2732050277926112,3.016771840490249,3.9027054599375064,own weekday,Veterans Day
TVA,2024-11-28,Thanksgiving,Thu,4.4818708374474925,4.085531398694612,4.857857262276193,Saturday,Thanksgiving
TVA,2024-11-29,Day after Thanksgiving,Fri,6.902015380164634,6.759131016169019,7.304322062399674,Saturday,Day after Thanksgiving
TVA,2024-12-24,Christmas Eve,Tue,11.74937889483937,5.295112487872719,7.045845236146868,Saturday,Christmas Eve
TVA,2024-12-25,Christmas Day,Wed,10.373990909730578,4.394115290070125,6.042853879766796,Saturday,Christmas Day
TVA,2024-12-31,New Year's Eve,Tue,2.740976462001128,7.676468932152609,6.257074724814276,own weekday,New Year's Eve
TVA,2025-01-01,New Year's Day,Wed,4.245561831829617,8.81377169313007,7.288132988724201,own weekday,New Year's Day
TVA,2025-01-20,MLK Day,Mon,5.536153746322933,2.278347691039488,4.048448251627165,Saturday,MLK Day
TVA,2025-02-09,Super Bowl Sunday,Sun,10.635927752191249,8.597766999019218,10.635927752191249,Saturday,Super Bowl Sunday
TVA,2025-02-17,Presidents' Day,Mon,3.694493966894009,4.445867946700497,5.682176579871449,own weekday,Presidents' Day
TVA,2025-05-26,Memorial Day,Mon,3.1581547595972417,2.9754507544145508,1.6505451019292343,Sunday,Memorial Day
TVA,2025-06-19,Juneteenth,Thu,2.926354816832921,2.4717298656219038,2.7533887737159928,Saturday,Juneteenth
TVA,2025-07-04,Independence Day,Fri,9.473246660340024,6.759546946188387,4.555773552704453,Sunday,Independence Day
TVA,2025-09-01,Labor Day,Mon,3.232614902575453,2.474778052829062,1.634017768786462,Sunday,Labor Day
TVA,2025-10-13,Columbus Day,Mon,2.773647877988207,4.536600783480683,5.6837877229955165,own weekday,Columbus Day
TVA,2025-11-11,Veterans Day,Tue,15.938278529643442,17.83413104180788,17.42560139692511,own weekday,Veterans Day
TVA,2025-11-27,Thanksgiving,Thu,7.497458436208204,8.274867487023764,8.735169980015177,own weekday,Thanksgiving
TVA,2025-11-28,Day after Thanksgiving,Fri,8.95879581199593,10.450371098184725,10.438017680082892,own weekday,Day after Thanksgiving
TVA,2025-12-24,Christmas Eve,Wed,4.882541574312365,5.083982867417866,5.160830171040471,own weekday,Christmas Eve
TVA,2025-12-25,Christmas Day,Thu,4.4107687792449894,6.03582722960968,3.575557682751971,Sunday,Christmas Day
TVA,2025-12-31,New Year's Eve,Wed,6.634926329892258,8.668290633151503,13.435631141389399,own weekday,New Year's Eve
TVA,2026-01-01,New Year's Day,Thu,8.114425338268958,8.903464961788925,13.463136147584606,own weekday,New Year's Day
TVA,2026-01-19,MLK Day,Mon,3.6737546765298092,3.7438863878097646,5.753390460332619,own weekday,MLK Day
TVA,2026-02-08,Super Bowl Sunday,Sun,9.629040529820804,10.048320544929332,9.629040529820804,Sunday,Super Bowl Sunday
TVA,2026-02-16,Presidents' Day,Mon,4.961360798854727,3.081218162905991,3.9599333542323403,Saturday,Presidents' Day
TVA,2026-05-25,Memorial Day,Mon,4.49469306205548,2.559286720201609,1.6762769644394122,Sunday,Memorial Day
TVA,2026-06-19,Juneteenth,Fri,5.685078029907967,3.235457745960719,3.0745449913414085,Sunday,Juneteenth
WACM,2015-09-07,Labor Day,Mon,2.7754079225969024,1.9676842773163068,1.5468473176261517,Sunday,Labor Day
WACM,2015-10-12,Columbus Day,Mon,2.404207044768551,2.9063143518586037,3.557554379549203,own weekday,Columbus Day
WACM,2015-11-11,Veterans Day,Wed,4.652611435735887,2.763079945047946,3.221755514485907,Saturday,Veterans Day
WACM,2015-11-26,Thanksgiving,Thu,3.605960795448635,2.243573770337848,2.8198226776809965,Saturday,Thanksgiving
WACM,2015-11-27,Day after Thanksgiving,Fri,3.2869055055227365,1.746078118222299,1.0895392225939537,Sunday,Day after Thanksgiving
WACM,2015-12-24,Christmas Eve,Thu,1.6349075529047838,0.6599984615815031,1.5919459353740502,Saturday,Christmas Eve
WACM,2015-12-25,Christmas Day,Fri,2.5963627744614413,1.0299433830773748,1.3021304444049016,Saturday,Christmas Day
WACM,2015-12-31,New Year's Eve,Thu,1.3518138394083756,1.1459322785496793,1.8158489441787131,Saturday,New Year's Eve
WACM,2016-01-01,New Year's Day,Fri,3.211487354152747,2.1484550765012465,2.2538273918001916,Saturday,New Year's Day
WACM,2016-01-18,MLK Day,Mon,1.7935267400807733,2.1840020932793736,2.713162340897787,own weekday,MLK Day
WACM,2016-02-07,Super Bowl Sunday,Sun,1.8138291751666782,1.4986950405883492,1.8138291751666782,Saturday,Super Bowl Sunday
WACM,2016-02-15,Presidents' Day,Mon,0.945972045016549,1.950367367019537,2.2574155940847764,own weekday,Presidents' Day
WACM,2016-05-30,Memorial Day,Mon,3.0945162545717815,2.4461133029112907,1.927413094712312,Sunday,Memorial Day
WACM,2016-07-04,Independence Day,Mon,8.225512930455762,6.363061073541062,5.873885061551288,Sunday,Independence Day
WACM,2016-09-05,Labor Day,Mon,4.281783017238616,2.198710154137347,1.3584844645761889,Sunday,Labor Day
WACM,2016-10-10,Columbus Day,Mon,2.2520074199139333,4.181250352468841,4.638943218245414,own weekday,Columbus Day
WACM,2016-11-11,Veterans Day,Fri,3.9136146541082732,3.505589517467168,4.24983433438404,Saturday,Veterans Day
WACM,2016-11-24,Thanksgiving,Thu,5.36205597710673,4.258716247774263,5.200205035270361,Saturday,Thanksgiving
WACM,2016-11-25,Day after Thanksgiving,Fri,5.461488014559529,4.200961222813881,5.0403266090394085,Saturday,Day after Thanksgiving
WACM,2016-12-24,Christmas Eve,Sat,1.4194948600984796,1.4194948600984796,2.2427231489074995,Saturday,Christmas Eve
WACM,2016-12-25,Christmas Day,Sun,1.901049684128297,2.4411177744987658,1.901049684128297,Sunday,Christmas Day
WACM,2016-12-26,Christmas Day (observed),Mon,4.3881946745618094,1.9048669259981734,1.6122194263739213,Sunday,Christmas Day
WACM,2016-12-31,New Year's Eve,Sat,1.4029470423632255,1.4029470423632255,1.3511505550917473,Sunday,New Year's Eve
WACM,2017-01-01,New Year's Day,Sun,1.9527708736668976,1.7021862662706566,1.9527708736668976,Saturday,New Year's Day
WACM,2017-01-02,New Year's Day (observed),Mon,1.9040009661154298,3.1395167463544142,2.3842953808239824,own weekday,New Year's Day
WACM,2017-01-16,MLK Day,Mon,1.7323173363403448,2.195041280398791,2.5000584002018478,own weekday,MLK Day
WACM,2017-02-05,Super Bowl Sunday,Sun,1.3771194047784563,0.8331902661209402,1.3771194047784563,Saturday,Super Bowl Sunday
WACM,2017-02-20,Presidents' Day,Mon,1.4323212052164058,3.245227104545492,2.250015744361185,own weekday,Presidents' Day
WACM,2017-05-29,Memorial Day,Mon,3.0439230215597957,2.1071586372302313,1.381404577259629,Sunday,Memorial Day
WACM,2017-07-04,Independence Day,Tue,4.372023763939834,3.9208250279171013,3.3907813799746145,Sunday,Independence Day
WACM,2017-09-04,Labor Day,Mon,1.9610304100819966,1.107715749005643,1.7570537489841678,Saturday,Labor Day
WACM,2017-10-09,Columbus Day,Mon,4.884523905176066,3.7837637031032982,4.566476376438533,Saturday,Columbus Day
WACM,2017-11-10,Veterans Day (observed),Fri,3.2215594932133698,2.3134961789883572,3.3555077980170442,Saturday,Veterans Day
WACM,2017-11-11,Veterans Day,Sat,2.236595317629762,2.236595317629762,2.96522963856277,Saturday,Veterans Day
WACM,2017-11-23,Thanksgiving,Thu,2.9305802293062873,3.2479659893652375,4.026607523786344,own weekday,Thanksgiving
WACM,2017-11-24,Day after Thanksgiving,Fri,3.506178143043013,3.421017460104419,3.4372730716275806,Saturday,Day after Thanksgiving
WACM,2017-12-24,Christmas Eve,Sun,1.7614328697023867,1.5255866064666053,1.7614328697023867,Saturday,Christmas Eve
WACM,2017-12-25,Christmas Day,Mon,3.26094649716649,1.3316781948991046,1.8544393613531944,Saturday,Christmas Day
WACM,2017-12-31,New Year's Eve,Sun,1.6015072736319536,1.4522309937059519,1.6015072736319536,Saturday,New Year's Eve
WACM,2018-01-01,New Year's Day,Mon,3.132085774666118,1.6070654674974008,1.668982084983928,Saturday,New Year's Day
WACM,2018-01-15,MLK Day,Mon,1.9229786245858753,2.7413294225745832,3.089172583065139,own weekday,MLK Day
WACM,2018-02-04,Super Bowl Sunday,Sun,2.5139973374497266,2.0509621452012876,2.5139973374497266,Saturday,Super Bowl Sunday
WACM,2018-02-19,Presidents' Day,Mon,3.703765549133991,4.020436287391557,3.841340854939432,own weekday,Presidents' Day
WACM,2018-05-28,Memorial Day,Mon,3.3003858553816983,4.424679248504659,3.869277107838677,own weekday,Memorial Day
WACM,2018-07-04,Independence Day,Wed,2.740037794760081,3.5888106743253108,5.469516617665002,own weekday,Independence Day
WACM,2018-09-03,Labor Day,Mon,3.2873110181110032,1.9031557087033222,1.6932991518596199,Sunday,Labor Day
WACM,2018-10-08,Columbus Day,Mon,5.300867071889673,4.011640086937331,4.89225358274662,Saturday,Columbus Day
WACM,2018-11-11,Veterans Day,Sun,2.7732337817260726,2.3098177107325664,2.7732337817260726,Saturday,Veterans Day
WACM,2018-11-12,Veterans Day (observed),Mon,4.206705554553508,2.7513418825402898,4.078214132246407,Saturday,Veterans Day
WACM,2018-11-22,Thanksgiving,Thu,3.7792640895672864,2.4957817674745923,2.950168008787037,Saturday,Thanksgiving
WACM,2018-11-23,Day after Thanksgiving,Fri,4.747227688201231,1.952131645629843,2.9937266776879095,Saturday,Day after Thanksgiving
WACM,2018-12-24,Christmas Eve,Mon,2.5347932048661437,2.102034977558331,2.9440192085155563,Saturday,Christmas Eve
WACM,2018-12-25,Christmas Day,Tue,2.298709751861765,1.239163592844303,1.3269025881267054,Saturday,Christmas Day
WACM,2018-12-31,New Year's Eve,Mon,3.567161167528024,3.9401702320235246,4.130433810625586,own weekday,New Year's Eve
WACM,2019-01-01,New Year's Day,Tue,3.0103915730753283,1.8012662645382798,1.701737414624692,Sunday,New Year's Day
WACM,2019-01-21,MLK Day,Mon,3.372142278413886,3.4164228462786115,2.916452717056429,Sunday,MLK Day
WACM,2019-02-03,Super Bowl Sunday,Sun,4.143629032520068,3.733828060169358,4.143629032520068,Saturday,Super Bowl Sunday
WACM,2019-02-18,Presidents' Day,Mon,1.338328506028954,2.111406423343069,2.4776607246127234,own weekday,Presidents' Day
WACM,2019-05-27,Memorial Day,Mon,3.603679444770421,3.6960407918916203,3.637425207912934,own weekday,Memorial Day
WACM,2019-07-04,Independence Day,Thu,2.2303596445487988,4.036660001183589,3.8392545174428583,own weekday,Independence Day
WACM,2019-09-02,Labor Day,Mon,3.865911541666309,5.48764455853793,4.353691496037525,own weekday,Labor Day
WACM,2019-10-14,Columbus Day,Mon,7.327223882911762,4.940091366957745,5.186063109358853,Saturday,Columbus Day
WACM,2019-11-11,Veterans Day,Mon,3.425088340689574,3.6651735111900736,3.2341961796542975,Sunday,Veterans Day
WACM,2019-11-28,Thanksgiving,Thu,3.6486723464383677,2.3990919754015696,4.232467564082001,Saturday,Thanksgiving
WACM,2019-11-29,Day after Thanksgiving,Fri,4.631033122130152,4.20065631919517,1.5413605345719708,Sunday,Day after Thanksgiving
WACM,2019-12-24,Christmas Eve,Tue,3.0703559671928273,3.1942434917627613,2.8229863992071715,Sunday,Christmas Eve
WACM,2019-12-25,Christmas Day,Wed,1.6555238427682213,1.6889592305330947,1.6805649744574598,own weekday,Christmas Day
WACM,2019-12-31,New Year's Eve,Tue,1.7477804616187482,2.2422516992830377,3.2131247971719836,own weekday,New Year's Eve
WACM,2020-01-01,New Year's Day,Wed,2.335849405591618,1.632918980362969,1.7843927007676514,Saturday,New Year's Day
WACM,2020-01-20,MLK Day,Mon,3.89910433073621,2.853225384354027,3.7218211672956767,Saturday,MLK Day
WACM,2020-02-02,Super Bowl Sunday,Sun,1.2945751606298386,1.2067393546297984,1.2945751606298386,Saturday,Super Bowl Sunday
WACM,2020-02-17,Presidents' Day,Mon,1.644172639732489,2.7951989494346474,3.173060407528812,own weekday,Presidents' Day
WACM,2020-05-25,Memorial Day,Mon,3.620961609464686,2.159042970612865,1.9762850649612616,Sunday,Memorial Day
WACM,2020-07-03,Independence Day (observed),Fri,4.495486724921049,6.4136555267200785,3.277831289841205,Sunday,Independence Day
WACM,2020-07-04,Independence Day,Sat,4.4796646691072475,4.4796646691072475,2.117485475909629,Sunday,Independence Day
WACM,2020-09-07,Labor Day,Mon,2.6546407348820686,1.756396641429578,1.791818700739684,Saturday,Labor Day
WACM,2020-10-12,Columbus Day,Mon,4.369574831039902,3.820695595506838,4.631248292682399,Saturday,Columbus Day
WACM,2020-11-11,Veterans Day,Wed,4.395235853400747,3.1314502537634556,3.4264868559567128,Saturday,Veterans Day
WACM,2020-11-26,Thanksgiving,Thu,3.8929574378171203,3.1135537216239326,3.485882433403757,Saturday,Thanksgiving
WACM,2020-11-27,Day after Thanksgiving,Fri,2.44620501448151,2.5069860442876384,2.861277413780219,own weekday,Day after Thanksgiving
WACM,2020-12-24,Christmas Eve,Thu,3.4865488247302907,3.2976526204569714,3.229421367372369,Sunday,Christmas Eve
WACM,2020-12-25,Christmas Day,Fri,3.1823760096719003,3.2912754576455123,3.0692712491910035,Sunday,Christmas Day
WACM,2020-12-31,New Year's Eve,Thu,3.567048292431275,3.4264951788487865,3.9324220581602876,Saturday,New Year's Eve
WACM,2021-01-01,New Year's Day,Fri,3.702983057544288,2.7150724054674673,2.396969992764793,Sunday,New Year's Day
WACM,2021-01-18,MLK Day,Mon,4.6601593866952635,4.110065879523148,4.036493444063274,Sunday,MLK Day
WACM,2021-02-07,Super Bowl Sunday,Sun,3.6739425801491996,3.2135232280739023,3.6739425801491996,Saturday,Super Bowl Sunday
WACM,2021-02-15,Presidents' Day,Mon,1.3195138022555857,2.7133311572535046,2.5585144506423405,own weekday,Presidents' Day
WACM,2021-05-31,Memorial Day,Mon,7.731082439684596,9.06121069390015,6.693315068286497,Sunday,Memorial Day
WACM,2021-06-18,Juneteenth (observed),Fri,6.76060458614718,7.241561173789375,5.718670869867603,Sunday,Juneteenth
WACM,2021-06-19,Juneteenth,Sat,9.660481520146638,9.660481520146638,7.335615910101895,Sunday,Juneteenth
WACM,2021-07-04,Independence Day,Sun,13.387889139786418,14.158284570790904,13.387889139786418,Sunday,Independence Day
WACM,2021-07-05,Independence Day (observed),Mon,7.496525310674605,13.164812369433546,11.98588737958477,own weekday,Independence Day
WACM,2021-09-06,Labor Day,Mon,5.814312616642667,4.689143154613705,5.201296500429155,Saturday,Labor Day
WACM,2021-10-11,Columbus Day,Mon,4.842018109206806,3.0391803448636874,5.1075985324801625,Saturday,Columbus Day
WACM,2021-11-11,Veterans Day,Thu,4.656861563403019,4.810153306700835,5.547477126551149,own weekday,Veterans Day
WACM,2021-11-25,Thanksgiving,Thu,5.005320537012774,4.5871489491602535,7.942908787863274,Saturday,Thanksgiving
WACM,2021-11-26,Day after Thanksgiving,Fri,2.6304261438241956,2.7075080144078263,4.415373375033569,own weekday,Day after Thanksgiving
WACM,2021-12-24,Christmas Eve,Fri,1.5937718321741905,1.342587839405659,2.2629713640121754,Saturday,Christmas Eve
WACM,2021-12-25,Christmas Day,Sat,1.7540130560791702,1.7540130560791702,2.3685311337818664,Saturday,Christmas Day
WACM,2021-12-31,New Year's Day (observed),Fri,1.8087093614623146,1.8745010567500064,1.965546571689935,own weekday,New Year's Day
WACM,2022-01-01,New Year's Day,Sat,3.4028365238331326,3.4028365238331326,3.122818541356161,Sunday,New Year's Day
WACM,2022-01-17,MLK Day,Mon,0.9139306658846836,1.4410663381935445,2.2492144261548,own weekday,MLK Day
WACM,2022-02-13,Super Bowl Sunday,Sun,3.2434232271355827,1.9941687468385854,3.2434232271355827,Saturday,Super Bowl Sunday
WACM,2022-02-21,Presidents' Day,Mon,8.695744916848524,8.269184238788961,7.837583115667367,Sunday,Presidents' Day
WACM,2022-05-30,Memorial Day,Mon,2.2459312173498276,2.096541644202903,1.5956598007683982,Sunday,Memorial Day
WACM,2022-06-19,Juneteenth,Sun,5.689204052125301,4.561874196512615,5.689204052125301,Saturday,Juneteenth
WACM,2022-06-20,Juneteenth (observed),Mon,6.038711525225327,5.451986209033817,5.8720169349866795,Saturday,Juneteenth
WACM,2022-07-04,Independence Day,Mon,5.446098193862398,4.587003872145381,5.893698161922241,Saturday,Independence Day
WACM,2022-09-05,Labor Day,Mon,4.931388628682134,6.1823210276953615,6.6562288682015875,own weekday,Labor Day
WACM,2022-10-10,Columbus Day,Mon,4.18385217333345,3.2435106621116647,4.075341405881865,Saturday,Columbus Day
WACM,2022-11-11,Veterans Day,Fri,4.40637829354163,3.2769808102276192,5.090533341891715,Saturday,Veterans Day
WACM,2022-11-24,Thanksgiving,Thu,5.046545298270208,2.8029466714447877,4.860797146545373,Saturday,Thanksgiving
WACM,2022-11-25,Day after Thanksgiving,Fri,5.570824185535224,3.3741692123508007,5.779958858829473,Saturday,Day after Thanksgiving
WACM,2022-12-24,Christmas Eve,Sat,1.699180365701336,1.699180365701336,2.741710904079684,Saturday,Christmas Eve
WACM,2022-12-25,Christmas Day,Sun,1.9101486152805411,2.319621417003656,1.9101486152805411,Sunday,Christmas Day
WACM,2022-12-26,Christmas Day (observed),Mon,3.8959392053789963,5.075994679485155,3.4332835738380134,Sunday,Christmas Day
WACM,2022-12-31,New Year's Eve,Sat,4.333971720450943,4.333971720450943,3.9833340658229015,Sunday,New Year's Eve
WACM,2023-01-01,New Year's Day,Sun,3.728377159917176,5.205945551261418,3.728377159917176,Sunday,New Year's Day
WACM,2023-01-02,New Year's Day (observed),Mon,4.193948001964086,5.74758368345434,4.564035767124047,own weekday,New Year's Day
WACM,2023-01-16,MLK Day,Mon,4.338131229704908,5.027997412088929,4.730429945251668,own weekday,MLK Day
WACM,2023-02-12,Super Bowl Sunday,Sun,4.129092599765906,3.5928488448391027,4.129092599765906,Saturday,Super Bowl Sunday
WACM,2023-02-20,Presidents' Day,Mon,3.137481234459046,2.5765729122079972,3.422907014097533,Saturday,Presidents' Day
WACM,2023-05-29,Memorial Day,Mon,3.0908118842051953,2.866298918651872,2.919965817920892,Saturday,Memorial Day
WACM,2023-06-19,Juneteenth,Mon,8.41559275171594,8.709382037922904,7.237059818916443,Sunday,Juneteenth
WACM,2023-07-04,Independence Day,Tue,4.871751405956968,5.04850774057318,5.200683857232566,own weekday,Independence Day
WACM,2023-09-04,Labor Day,Mon,1.172101588736864,2.8900410894936406,2.5545999104676436,own weekday,Labor Day
WACM,2023-10-09,Columbus Day,Mon,20.361370907736422,21.33557286167917,20.58468981949244,own weekday,Columbus Day
WACM,2023-11-10,Veterans Day (observed),Fri,3.911081518120327,3.994886920471558,5.516882754174824,own weekday,Veterans Day
WACM,2023-11-11,Veterans Day,Sat,3.6500681822995618,3.6500681822995618,5.1355880572026145,Saturday,Veterans Day
WACM,2023-11-23,Thanksgiving,Thu,2.5307150996942527,2.5820086446611112,2.3588516264281214,Sunday,Thanksgiving
WACM,2023-11-24,Day after Thanksgiving,Fri,4.330118124089242,2.4681302469299835,1.824707994353821,Sunday,Day after Thanksgiving
WACM,2023-12-24,Christmas Eve,Sun,2.1917685199063994,1.5050148753652006,2.1917685199063994,Saturday,Christmas Eve
WACM,2023-12-25,Christmas Day,Mon,1.9179804681343215,1.5341606093035034,1.3048337480846384,Sunday,Christmas Day
WACM,2023-12-31,New Year's Eve,Sun,1.7847642871371072,0.9378079013441494,1.7847642871371072,Saturday,New Year's Eve
WACM,2024-01-01,New Year's Day,Mon,2.4945010755929666,1.741835799362304,0.8438876500371985,Sunday,New Year's Day
WACM,2024-01-15,MLK Day,Mon,2.6841620263501142,2.3578908252690534,2.3880153654459058,Saturday,MLK Day
WACM,2024-02-11,Super Bowl Sunday,Sun,2.094372820965965,2.0003097916974157,2.094372820965965,Saturday,Super Bowl Sunday
WACM,2024-02-19,Presidents' Day,Mon,16.25411964055484,16.71199768920275,16.862522424953745,own weekday,Presidents' Day
WACM,2024-05-27,Memorial Day,Mon,3.6192092265435063,3.858088141494164,2.736529156227631,Sunday,Memorial Day
WACM,2024-06-19,Juneteenth,Wed,4.044264107395095,3.0190773509017568,3.2322230339328226,Saturday,Juneteenth
WACM,2024-07-04,Independence Day,Thu,5.352303233153314,4.043851182491625,5.317862163433152,Saturday,Independence Day
WACM,2024-09-02,Labor Day,Mon,2.039248466087361,1.2707165170022143,0.9063716223930102,Sunday,Labor Day
WACM,2024-10-14,Columbus Day,Mon,4.089855315793136,5.676499283840226,6.254281595191438,own weekday,Columbus Day
WACM,2024-11-11,Veterans Day,Mon,5.280505942641937,4.019522144165694,4.130253445582634,Saturday,Veterans Day
WACM,2024-11-28,Thanksgiving,Thu,4.408182749417355,3.301615283337569,5.613003378465688,Saturday,Thanksgiving
WACM,2024-11-29,Day after Thanksgiving,Fri,5.088202657957877,4.352747906510485,5.1888463894915695,Saturday,Day after Thanksgiving
WACM,2024-12-24,Christmas Eve,Tue,2.8522645612335435,3.2736907692446615,2.217385925208525,Sunday,Christmas Eve
WACM,2024-12-25,Christmas Day,Wed,3.745160641597333,2.7205652059340872,1.987266871579744,Sunday,Christmas Day
WACM,2024-12-31,New Year's Eve,Tue,2.8553661162538146,1.2446114693311658,1.73860180191419,Saturday,New Year's Eve
WACM,2025-01-01,New Year's Day,Wed,2.7341331144726255,2.0864447482466035,1.346255065381282,Sunday,New Year's Day
WACM,2025-01-20,MLK Day,Mon,1.9561201502174461,2.803400187591039,3.4869040700339395,own weekday,MLK Day
WACM,2025-02-09,Super Bowl Sunday,Sun,2.5472604585784695,2.8093442108716995,2.5472604585784695,Sunday,Super Bowl Sunday
WACM,2025-02-17,Presidents' Day,Mon,2.5568200039676103,2.6345481990844664,2.2956225673367245,Sunday,Presidents' Day
WACM,2025-05-26,Memorial Day,Mon,2.2564690795297895,2.2426107863933344,1.7221461252628185,Sunday,Memorial Day
WACM,2025-06-19,Juneteenth,Thu,7.082582295850042,5.865569464889054,4.401951618171754,Sunday,Juneteenth
WACM,2025-07-04,Independence Day,Fri,2.7631056690115856,1.8214654661201743,1.4960033685385878,Sunday,Independence Day
WACM,2025-09-01,Labor Day,Mon,2.0968697251592894,1.8847303036668877,1.5207660052937029,Sunday,Labor Day
WACM,2025-10-13,Columbus Day,Mon,2.827778486388714,3.788486944129784,4.073851378718294,own weekday,Columbus Day
WACM,2025-11-11,Veterans Day,Tue,2.520516849495331,2.523258404353128,3.263093902227438,own weekday,Veterans Day
WACM,2025-11-27,Thanksgiving,Thu,4.575573631527651,3.06313203394234,4.6487565790894,Saturday,Thanksgiving
WACM,2025-11-28,Day after Thanksgiving,Fri,2.9628827730219065,2.4792447385793115,3.329838108162157,Saturday,Day after Thanksgiving
WACM,2025-12-24,Christmas Eve,Wed,10.695382096812223,10.774116094995795,9.808510357034805,Sunday,Christmas Eve
WACM,2025-12-25,Christmas Day,Thu,12.518492299997167,12.839974503736304,11.859631648278746,Sunday,Christmas Day
WACM,2025-12-31,New Year's Eve,Wed,2.9416769286162023,3.5980474498741346,4.677938439145357,own weekday,New Year's Eve
WACM,2026-01-01,New Year's Day,Thu,3.4363610008917327,2.6283476878676995,3.607433237776935,Saturday,New Year's Day
WACM,2026-01-19,MLK Day,Mon,2.3801048136299374,3.2461592336534277,3.5369480118023757,own weekday,MLK Day
WACM,2026-02-08,Super Bowl Sunday,Sun,2.94368461856012,2.1634294266651586,2.94368461856012,Saturday,Super Bowl Sunday
WACM,2026-02-16,Presidents' Day,Mon,2.668973788247148,3.5333135774818154,2.979568999731347,own weekday,Presidents' Day
WALC,2015-09-07,Labor Day,Mon,3.7013637500252448,4.9672103050774465,2.222223942879223,Sunday,Labor Day
WALC,2015-10-12,Columbus Day,Mon,6.970761523420989,6.322273476924837,5.653299076822052,Sunday,Columbus Day
WALC,2015-11-11,Veterans Day,Wed,11.331874089838946,9.02242039429022,12.945353357078899,Saturday,Veterans Day
WALC,2015-11-26,Thanksgiving,Thu,4.351415186627327,6.169207835997503,7.061996679390751,own weekday,Thanksgiving
WALC,2015-11-27,Day after Thanksgiving,Fri,5.6379520084655415,6.426399801183874,10.608140841825588,own weekday,Day after Thanksgiving
WALC,2015-12-24,Christmas Eve,Thu,3.1878874209450916,3.44638946189767,3.183796460725636,Sunday,Christmas Eve
WALC,2015-12-25,Christmas Day,Fri,2.7401678627167136,2.987796811047249,3.096375146874488,own weekday,Christmas Day
WALC,2015-12-31,New Year's Eve,Thu,2.670857784907243,3.0261333629705534,4.950010702142599,own weekday,New Year's Eve
WALC,2016-01-01,New Year's Day,Fri,4.163175649160764,3.8641184151424874,1.5379026133185663,Sunday,New Year's Day
WALC,2016-01-18,MLK Day,Mon,2.6649826271040347,2.236192403763016,1.9099553889705512,Sunday,MLK Day
WALC,2016-02-07,Super Bowl Sunday,Sun,5.664639543966335,4.91102504446487,5.664639543966335,Saturday,Super Bowl Sunday
WALC,2016-02-15,Presidents' Day,Mon,5.6258921805672175,6.15509148663688,5.124821532391052,Sunday,Presidents' Day
WALC,2016-05-30,Memorial Day,Mon,3.9084501825600344,5.176292374535897,3.9008518239226313,Sunday,Memorial Day
WALC,2016-07-04,Independence Day,Mon,2.7403253827732788,2.9950612336575824,3.508114664116508,own weekday,Independence Day
WALC,2016-09-05,Labor Day,Mon,6.005852801070284,7.282366553303102,6.793111452132659,own weekday,Labor Day
WALC,2016-10-10,Columbus Day,Mon,2.9782889142804008,3.04977188534354,2.225813084617818,Sunday,Columbus Day
WALC,2016-11-11,Veterans Day,Fri,6.28584191111081,6.252704930602164,6.759854027652898,Saturday,Veterans Day
WALC,2016-11-24,Thanksgiving,Thu,8.417840914585282,8.028839293277375,8.96895885637085,Saturday,Thanksgiving
WALC,2016-11-25,Day after Thanksgiving,Fri,8.706190884199781,8.080578544271075,8.227223740270592,Saturday,Day after Thanksgiving
WALC,2016-12-24,Christmas Eve,Sat,1.8950553086534694,1.8950553086534694,2.0283088850320308,Saturday,Christmas Eve
WALC,2016-12-25,Christmas Day,Sun,10.967686999774985,8.115011257381322,10.967686999774985,Saturday,Christmas Day
WALC,2016-12-26,Christmas Day (observed),Mon,5.492462252070995,3.8817584853523797,6.156397378595116,Saturday,Christmas Day
WALC,2016-12-31,New Year's Eve,Sat,2.658057693719468,2.658057693719468,2.6714026026367934,Saturday,New Year's Eve
WALC,2017-01-01,New Year's Day,Sun,2.639869808242384,5.046258139160275,2.639869808242384,Sunday,New Year's Day
WALC,2017-01-02,New Year's Day (observed),Mon,2.366998150663368,3.2787035631368013,1.7572256702107727,Sunday,New Year's Day
WALC,2017-01-16,MLK Day,Mon,2.510666653018395,3.5144941261800136,2.7131317716979813,own weekday,MLK Day
WALC,2017-02-05,Super Bowl Sunday,Sun,3.299145272363243,4.206487833426185,3.299145272363243,Sunday,Super Bowl Sunday
WALC,2017-02-20,Presidents' Day,Mon,5.834761994966533,4.776732398928105,5.285519677543935,Saturday,Presidents' Day
WALC,2017-05-29,Memorial Day,Mon,7.029532029802589,5.0864982068202815,6.202928800960823,Saturday,Memorial Day
WALC,2017-07-04,Independence Day,Tue,1.6090972825137095,1.8331636151935986,2.245283639217621,own weekday,Independence Day
WALC,2017-09-04,Labor Day,Mon,2.7841936341024454,2.464489080848828,3.131636740433362,Saturday,Labor Day
WALC,2017-10-09,Columbus Day,Mon,3.416909980856885,2.055505878862342,2.5408712469018875,Saturday,Columbus Day
WALC,2017-11-10,Veterans Day (observed),Fri,2.981853597447559,3.301453392234801,4.30453548362783,own weekday,Veterans Day
WALC,2017-11-11,Veterans Day,Sat,3.6891728268133686,3.6891728268133686,4.517950134624938,Saturday,Veterans Day
WALC,2017-11-23,Thanksgiving,Thu,4.764994933766284,5.851102416285805,6.402209800482815,own weekday,Thanksgiving
WALC,2017-11-24,Day after Thanksgiving,Fri,4.5153787069711635,3.9845438968139164,4.320544657731207,Saturday,Day after Thanksgiving
WALC,2017-12-24,Christmas Eve,Sun,9.747998677990783,6.708425265780542,9.747998677990783,Saturday,Christmas Eve
WALC,2017-12-25,Christmas Day,Mon,6.975613781967849,5.18151036167625,7.3801752742559295,Saturday,Christmas Day
WALC,2017-12-31,New Year's Eve,Sun,7.970588952775411,3.2868567116415304,7.970588952775411,Saturday,New Year's Eve
WALC,2018-01-01,New Year's Day,Mon,4.335973352608632,2.781180178064563,4.842625162735819,Saturday,New Year's Day
WALC,2018-01-15,MLK Day,Mon,4.162002346711579,3.889830250399024,3.4782872621427723,Sunday,MLK Day
WALC,2018-02-04,Super Bowl Sunday,Sun,4.065587527103315,3.362969851897308,4.065587527103315,Saturday,Super Bowl Sunday
WALC,2018-02-19,Presidents' Day,Mon,2.466854365771398,6.6744838628241165,5.864640014087447,own weekday,Presidents' Day
WALC,2018-07-04,Independence Day,Wed,1.3094968881153544,1.3323339124724538,1.6259836049515655,own weekday,Independence Day
WALC,2018-09-03,Labor Day,Mon,3.55027960184953,1.3915841132410707,1.8871384928630455,Saturday,Labor Day
WALC,2018-10-08,Columbus Day,Mon,8.919335386826937,6.640159855304471,7.62435415594374,Saturday,Columbus Day
WALC,2018-11-11,Veterans Day,Sun,10.039703512692421,8.804704019099145,10.039703512692421,Saturday,Veterans Day
WALC,2018-11-12,Veterans Day (observed),Mon,6.906406898659366,8.342660462491146,8.744586348445266,own weekday,Veterans Day
WALC,2018-11-22,Thanksgiving,Thu,4.811620845938816,5.1264780020887635,5.756239149629919,own weekday,Thanksgiving
WALC,2018-11-23,Day after Thanksgiving,Fri,3.9236182615242803,5.433328446020791,5.718721719064971,own weekday,Day after Thanksgiving
WALC,2018-12-24,Christmas Eve,Mon,2.911769273746242,2.705273960851273,3.143019836448832,Saturday,Christmas Eve
WALC,2018-12-25,Christmas Day,Tue,3.3969566360972627,3.4280042687046257,3.687647680765185,own weekday,Christmas Day
WALC,2018-12-31,New Year's Eve,Mon,2.563631414629745,2.1526651942254613,2.654716857889267,Saturday,New Year's Eve
WALC,2019-01-01,New Year's Day,Tue,2.584685534201827,2.3466776901850452,1.7422844361051844,Sunday,New Year's Day
WALC,2019-01-21,MLK Day,Mon,6.353759045070341,7.838539761922885,7.218129913918848,own weekday,MLK Day
WALC,2019-02-03,Super Bowl Sunday,Sun,3.6275638113942277,2.694584864336703,3.6275638113942277,Saturday,Super Bowl Sunday
WALC,2019-02-18,Presidents' Day,Mon,1.9708556402396593,1.3898714240945675,1.6829261550304428,Saturday,Presidents' Day
WALC,2019-07-04,Independence Day,Thu,3.4355394180639576,2.8478305955572267,2.749222553200509,Sunday,Independence Day
WALC,2019-09-02,Labor Day,Mon,2.0787091000821833,1.5858146779139457,1.1896449161385714,Sunday,Labor Day
WALC,2019-10-14,Columbus Day,Mon,2.443871893258497,2.224502863964643,2.546020590840874,Saturday,Columbus Day
WALC,2019-11-11,Veterans Day,Mon,3.0357345435681338,2.376677990630308,2.2596256080150687,Sunday,Veterans Day
WALC,2019-11-28,Thanksgiving,Thu,11.30058912245165,11.937983820529565,12.519632144687707,own weekday,Thanksgiving
WALC,2019-11-29,Day after Thanksgiving,Fri,7.686279591569021,8.287819418057243,8.550159771670476,own weekday,Day after Thanksgiving
WALC,2019-12-24,Christmas Eve,Tue,8.483137288381776,7.707921213117849,7.814458566710275,Saturday,Christmas Eve
WALC,2019-12-25,Christmas Day,Wed,5.894900120438966,5.483434109790322,6.323991051812534,Saturday,Christmas Day
WALC,2019-12-31,New Year's Eve,Tue,7.077283833693117,4.979035658055329,7.340382940977934,Saturday,New Year's Eve
WALC,2020-01-01,New Year's Day,Wed,6.222495498690569,4.510374563636244,5.594552434261091,Saturday,New Year's Day
WALC,2020-01-20,MLK Day,Mon,6.2787627969898026,7.855755418401386,6.652626475187291,own weekday,MLK Day
WALC,2020-02-02,Super Bowl Sunday,Sun,3.813345748375648,3.1386119365199106,3.813345748375648,Saturday,Super Bowl Sunday
WALC,2020-02-17,Presidents' Day,Mon,3.17515562602659,2.28364681703763,2.5268389235562116,Saturday,Presidents' Day
WALC,2020-05-25,Memorial Day,Mon,3.2287852727252395,2.2194878350318974,2.5853054529982997,Saturday,Memorial Day
WALC,2020-07-03,Independence Day (observed),Fri,3.587963738148566,4.80164558976597,4.472671338787912,own weekday,Independence Day
WALC,2020-07-04,Independence Day,Sat,4.426135998697989,4.426135998697989,4.1219513077945455,Sunday,Independence Day
WALC,2020-09-07,Labor Day,Mon,1.818694980895628,2.393001808407061,1.8138651460601345,Sunday,Labor Day
WALC,2020-10-12,Columbus Day,Mon,1.9426609139086928,2.5491232867599587,2.531423951542099,own weekday,Columbus Day
WALC,2020-11-11,Veterans Day,Wed,13.85196347109227,11.163286144362505,13.825088339749922,Saturday,Veterans Day
WALC,2020-11-26,Thanksgiving,Thu,8.199885011781745,6.2281405768643765,6.442748133037914,Saturday,Thanksgiving
WALC,2020-11-27,Day after Thanksgiving,Fri,11.964576456031695,10.187061820786091,13.233734255511967,Saturday,Day after Thanksgiving
WALC,2020-12-24,Christmas Eve,Thu,6.1522773110213445,3.0410157851468487,12.397509982768733,Saturday,Christmas Eve
WALC,2020-12-25,Christmas Day,Fri,5.761080808409315,6.810139805757159,4.013927983568389,Sunday,Christmas Day
WALC,2020-12-31,New Year's Eve,Thu,4.865377749835051,5.790809032608581,3.5719951383033646,Sunday,New Year's Eve
WALC,2021-01-01,New Year's Day,Fri,7.102070167636053,7.524105327699557,2.389190977056868,Sunday,New Year's Day
WALC,2021-01-18,MLK Day,Mon,2.642887812542503,3.5551973534147367,7.363462844585494,own weekday,MLK Day
WALC,2021-02-07,Super Bowl Sunday,Sun,1.0304169543864754,8.244060235771379,1.0304169543864754,Sunday,Super Bowl Sunday
WALC,2021-02-15,Presidents' Day,Mon,7.542076886923753,7.3922691372842175,6.642552553088689,Sunday,Presidents' Day
WALC,2021-05-31,Memorial Day,Mon,5.44969311274387,6.0620770524042165,3.4307195901715533,Sunday,Memorial Day
WALC,2021-06-18,Juneteenth (observed),Fri,4.295705082171981,4.621091242248732,3.0079642070897092,Sunday,Juneteenth
WALC,2021-06-19,Juneteenth,Sat,4.628745237670761,4.628745237670761,4.109293219099319,Sunday,Juneteenth
WALC,2021-07-04,Independence Day,Sun,1.6998126171217864,2.9357593868725953,1.6998126171217864,Sunday,Independence Day
WALC,2021-07-05,Independence Day (observed),Mon,3.950206198063863,4.572296086542558,1.84418401421699,Sunday,Independence Day
WALC,2021-09-06,Labor Day,Mon,3.410551501794324,4.204543318200101,4.348033446159097,own weekday,Labor Day
WALC,2021-10-11,Columbus Day,Mon,11.529234384239373,8.783237445077619,10.767273532253405,Saturday,Columbus Day
WALC,2021-11-11,Veterans Day,Thu,7.859240721709501,6.967619375718548,6.466738435083454,Sunday,Veterans Day
WALC,2021-11-25,Thanksgiving,Thu,6.44763292644522,6.223145876670789,7.083152125905114,Saturday,Thanksgiving
WALC,2021-11-26,Day after Thanksgiving,Fri,6.321009127225967,6.008859662425,6.640429277800247,Saturday,Day after Thanksgiving
WALC,2021-12-24,Christmas Eve,Fri,6.405489529333617,7.129317983149671,8.040181769816018,own weekday,Christmas Eve
WALC,2021-12-25,Christmas Day,Sat,3.9747885279864086,3.9747885279864086,4.937307293825658,Saturday,Christmas Day
WALC,2021-12-31,New Year's Day (observed),Fri,3.088932799440317,5.239806169795075,6.2130285509669525,own weekday,New Year's Day
WALC,2022-01-01,New Year's Day,Sat,5.798870428077502,5.798870428077502,6.530532486496855,Saturday,New Year's Day
WALC,2022-01-17,MLK Day,Mon,3.7970371576999513,3.285074614024899,3.9938935178862685,Saturday,MLK Day
WALC,2022-02-13,Super Bowl Sunday,Sun,4.2182408556034146,2.9835293814850092,4.2182408556034146,Saturday,Super Bowl Sunday
WALC,2022-02-21,Presidents' Day,Mon,3.4025743428724096,3.6650284171298875,3.9935578385625345,own weekday,Presidents' Day
WALC,2022-05-30,Memorial Day,Mon,2.8619105884761282,2.6463944323540582,2.0912523046580906,Sunday,Memorial Day
WALC,2022-06-19,Juneteenth,Sun,2.733516148631908,4.3463689108840855,2.733516148631908,Sunday,Juneteenth
WALC,2022-06-20,Juneteenth (observed),Mon,4.243405129901722,4.93850512699938,4.573317413373285,own weekday,Juneteenth
WALC,2022-07-04,Independence Day,Mon,4.289155887060417,4.250178828109713,3.348049516773441,Sunday,Independence Day
WALC,2022-09-05,Labor Day,Mon,5.57504267540846,5.488669798768825,7.808376953747391,Saturday,Labor Day
WALC,2022-10-10,Columbus Day,Mon,2.9489874721953386,4.4749287303908165,4.801448776133876,own weekday,Columbus Day
WALC,2022-11-11,Veterans Day,Fri,10.788762756284823,9.22474230382042,12.414285658780626,Saturday,Veterans Day
WALC,2022-11-24,Thanksgiving,Thu,4.970260180485543,5.206301128180848,5.196049408845034,own weekday,Thanksgiving
WALC,2022-11-25,Day after Thanksgiving,Fri,9.90322556231709,5.828541060900891,8.98417427540698,Saturday,Day after Thanksgiving
WALC,2022-12-24,Christmas Eve,Sat,10.581844833921174,10.581844833921174,12.709662460153487,Saturday,Christmas Eve
WALC,2022-12-25,Christmas Day,Sun,6.1437904556872445,3.887890587878154,6.1437904556872445,Saturday,Christmas Day
WALC,2022-12-26,Christmas Day (observed),Mon,5.549547813273323,6.1163175645427375,1.2854570348870042,Sunday,Christmas Day
WALC,2022-12-31,New Year's Eve,Sat,5.234628059506102,5.234628059506102,7.367473244547093,Saturday,New Year's Eve
WALC,2023-01-01,New Year's Day,Sun,6.821904015863928,9.630780309598915,6.821904015863928,Sunday,New Year's Day
WALC,2023-01-02,New Year's Day (observed),Mon,8.635755361972013,8.235398313886378,5.397724007944027,Sunday,New Year's Day
WALC,2023-01-16,MLK Day,Mon,13.97764360556765,10.20807119197267,12.739523355594532,Saturday,MLK Day
WALC,2023-02-12,Super Bowl Sunday,Sun,2.761941087173743,2.486818361055236,2.761941087173743,Saturday,Super Bowl Sunday
WALC,2023-02-20,Presidents' Day,Mon,6.3592589041489695,7.547657863982218,4.301754945411526,Sunday,Presidents' Day
WALC,2023-05-29,Memorial Day,Mon,4.614064151440748,5.735008680108644,4.387164156353205,Sunday,Memorial Day
WALC,2023-06-19,Juneteenth,Mon,8.148364245473399,8.581481750362796,5.662392387426979,Sunday,Juneteenth
WALC,2023-07-04,Independence Day,Tue,4.531224959486256,3.5230131410371297,2.539892774387929,Sunday,Independence Day
WALC,2023-09-04,Labor Day,Mon,6.444285892132124,4.489156071276976,4.520985378456364,Saturday,Labor Day
WALC,2023-10-09,Columbus Day,Mon,3.852975720501833,4.096876094091241,2.7607123185891065,Sunday,Columbus Day
WALC,2023-11-10,Veterans Day (observed),Fri,5.719682866773158,5.050348986706902,9.33086335529705,Saturday,Veterans Day
WALC,2023-11-11,Veterans Day,Sat,4.396455406250625,4.396455406250625,8.857537050187988,Saturday,Veterans Day
WALC,2023-11-23,Thanksgiving,Thu,8.587473473564113,9.490635177902096,13.500492227535352,own weekday,Thanksgiving
WALC,2023-11-24,Day after Thanksgiving,Fri,6.722041951696848,6.922679834063731,9.633828031556495,own weekday,Day after Thanksgiving
WALC,2023-12-24,Christmas Eve,Sun,10.100301840638569,9.498092014571974,10.100301840638569,Saturday,Christmas Eve
WALC,2023-12-31,New Year's Eve,Sun,14.88259786921233,12.214034359603177,14.88259786921233,Saturday,New Year's Eve
WALC,2024-01-01,New Year's Day,Mon,7.47570790526216,4.387054232723273,6.250378446565459,Saturday,New Year's Day
WALC,2024-01-15,MLK Day,Mon,4.882619373009182,4.024974632445304,5.319350599661237,Saturday,MLK Day
WALC,2024-02-11,Super Bowl Sunday,Sun,4.3831127379277275,5.9583535743463,4.3831127379277275,Sunday,Super Bowl Sunday
WALC,2024-02-19,Presidents' Day,Mon,8.583834872011305,10.39635298657035,7.286948607074768,Sunday,Presidents' Day
WALC,2024-05-27,Memorial Day,Mon,6.0511368119608795,6.035449327620731,4.886820314391911,Sunday,Memorial Day
WALC,2024-06-19,Juneteenth,Wed,8.68065788750352,9.247176472001211,8.095919883660102,Sunday,Juneteenth
WALC,2024-07-04,Independence Day,Thu,5.2916695126105555,4.663807530258187,3.591066724910562,Sunday,Independence Day
WALC,2024-10-14,Columbus Day,Mon,4.32905234269872,5.142787852875203,6.8113021730527175,own weekday,Columbus Day
WALC,2024-11-11,Veterans Day,Mon,9.148860589137877,7.623681729464206,9.173054308087154,Saturday,Veterans Day
WALC,2024-11-28,Thanksgiving,Thu,8.388468511092743,7.017400546982835,11.510827802448926,Saturday,Thanksgiving
WALC,2024-11-29,Day after Thanksgiving,Fri,5.072685158199432,5.635077949029773,9.182110615456278,own weekday,Day after Thanksgiving
WALC,2024-12-24,Christmas Eve,Tue,4.858862555894144,6.697676444858698,5.220644943748075,own weekday,Christmas Eve
WALC,2024-12-31,New Year's Eve,Tue,7.543272685521312,8.145949853228862,6.254094285804469,Sunday,New Year's Eve
WALC,2025-01-01,New Year's Day,Wed,7.37253908242443,6.852484384844558,6.928635324373984,Saturday,New Year's Day
WALC,2025-01-20,MLK Day,Mon,14.466609199245536,15.918972445346594,13.478165245920284,Sunday,MLK Day
WALC,2025-02-09,Super Bowl Sunday,Sun,11.452196544595328,7.416429055295184,11.452196544595328,Saturday,Super Bowl Sunday
WALC,2025-02-17,Presidents' Day,Mon,6.183740816635655,8.504440262215601,7.606820793122925,own weekday,Presidents' Day
WALC,2025-05-26,Memorial Day,Mon,10.050935833150039,8.442447654880915,6.756484422919661,Sunday,Memorial Day
WALC,2025-06-19,Juneteenth,Thu,23.222206867953,18.89111001776654,13.943509949011792,Sunday,Juneteenth
WALC,2025-07-04,Independence Day,Fri,7.070013732546265,6.118852419559605,5.279735826729962,Sunday,Independence Day
WALC,2025-09-01,Labor Day,Mon,4.9644244531092685,2.8516043964495736,3.9841938203011322,Saturday,Labor Day
WALC,2025-10-13,Columbus Day,Mon,8.699892063173733,8.600179350005293,8.74994882253655,Saturday,Columbus Day
WALC,2025-11-11,Veterans Day,Tue,6.2446360548603534,6.837282705418211,6.077746180769079,Sunday,Veterans Day
WALC,2025-11-27,Thanksgiving,Thu,11.758349132968533,11.497315018170848,11.977151353109932,Saturday,Thanksgiving
WALC,2025-11-28,Day after Thanksgiving,Fri,10.80502999720446,10.884974805113028,11.445676650198406,own weekday,Day after Thanksgiving
WALC,2025-12-24,Christmas Eve,Wed,8.603534052756956,9.206379676619884,7.949785711050645,Sunday,Christmas Eve
WALC,2025-12-25,Christmas Day,Thu,9.103605853097807,9.275072062104801,8.619735181040692,Sunday,Christmas Day
WALC,2025-12-31,New Year's Eve,Wed,6.199229150862651,5.624549741152074,5.15829745076112,Sunday,New Year's Eve
WALC,2026-01-01,New Year's Day,Thu,10.75556306822793,12.090670386425543,11.163101783818965,own weekday,New Year's Day
WALC,2026-01-19,MLK Day,Mon,4.792277013949367,5.982588914225822,6.063405688196247,own weekday,MLK Day
WALC,2026-02-08,Super Bowl Sunday,Sun,7.177680775949215,6.509179432412897,7.177680775949215,Saturday,Super Bowl Sunday
WALC,2026-02-16,Presidents' Day,Mon,5.135032592779684,5.893278759503378,5.734407718595174,own weekday,Presidents' Day
WALC,2026-05-25,Memorial Day,Mon,11.663736392906259,13.328633726317344,12.766983033299226,own weekday,Memorial Day
WALC,2026-06-19,Juneteenth,Fri,14.588263866019302,15.207217870536253,13.522379960882338,Sunday,Juneteenth
