ba,year,offset_h,h01,h02,h03,h04,h05,h06,h07,h08,h09,h10,h11,h12,h13,h14,h15,h16,h17,h18,h19,h20,h21,h22,h23,h24
AEC,2016,6.0,7.474546580157826,11.217885687083463,13.713084372694773,16.883444241822133,17.857238750573543,21.183219775654607,21.30533185962038,19.522275775751453,9.006789756901279,1.5031715935271972,-4.490041025006586,-7.026676113802877,-11.552017404249638,-12.067177633335557,-15.628085740364273,-15.484499455874335,-16.44087954306159,-20.05538382070401,-16.43232604899091,-10.976719131383938,-8.492350980929508,2.6806575851967995,5.77057698074932,5.9899133272316885
AEC,2017,6.0,19.516820918558764,20.002057329525293,22.57317012624337,21.801600368896466,21.58039988542113,22.110345065455295,20.754032318369564,18.567921847376212,11.285131730998966,5.419314804943509,0.4477989542924554,-7.149386821984061,-11.915072238287417,-12.662064647489292,-12.038862753615632,-13.362438738501526,-14.350080821327015,-24.574248511462383,-17.11487219038641,-15.3788433959684,-12.588884964776293,-11.991130195035549,-10.917196324359224,-10.052028221805287
AEC,2018,6.0,12.998848850019318,11.355773125082003,9.208688307101475,9.700616520985717,4.679132365323624,2.035638759686409,-2.3974534801179392,-6.871800280110674,-5.028207093742987,-3.2524046836047704,-0.07623045906892667,-4.029315813828605,-2.188580873882373,-2.577544794289055,-3.6727090303622756,-4.795729030236739,-5.558028012422833,-4.004787577225888,-6.684272371710387,-4.962425118483971,-1.931133040913502,2.4432702302357834,3.993705611875187,6.118029688638416
AEC,2019,6.0,1.2345443836832892,1.4719269282397085,2.7065747465829237,6.21678508354978,5.3204720378619115,7.117183798305171,8.017582513060562,11.257747301902654,7.967600295272392,4.978698062763631,0.9670937172487903,-0.4382693352421807,-4.604411386274454,-2.237151688588712,-3.9098875397170274,-4.915418583081321,-2.3057170647140968,0.5527272081758294,-3.4559069311624,-4.867310114668277,-2.5105490325562085,-2.3180570276841728,-2.081072745394008,-2.8599498360541986
AEC,2020,6.0,14.436648203488623,14.780672692479191,14.779483323071041,14.944020529255075,15.034327912286983,16.5048402041855,20.454709690646844,20.821420025122528,12.064320761628,2.1939334109278175,-4.063438021268495,-7.433733183511626,-8.839323498799079,-12.301033116839744,-13.734296777634004,-19.34472102054574,-19.006864897897202,-19.384459739325454,-15.714737951858371,-13.749397456103985,-8.561770659369728,-5.644235439517753,-2.058841654766419,-1.2673943193748038
AEC,2021,6.0,0.12241416329160648,-2.016581272352802,-2.854380789813027,-4.6801974395636154,-2.9450248121169365,-3.774194446394463,-3.258428292254001,-2.688089746843003,-3.5092507770858816,1.1053114809764342,5.321036386313671,4.062776769377985,3.051183027233284,-0.9957612899753165,-2.0520036158828914,-7.561419037717787,-7.170266500319411,-7.475365704178582,-2.423333697013663,2.9710695087429295,5.781483723912917,12.099798575332565,16.00775440374883,17.622724028119553
AECI,2016,6.0,0.9097888829843415,1.6988613934506902,1.3838549528813915,2.192276431848328,2.767475027084776,1.7983927853327142,3.7808763106209176,4.275355742065523,1.8290776222877447,1.0324442925044863,0.7220975787121775,0.4611550070907633,-1.7472474376948766,-1.5312469061194545,-3.0294012800962666,-3.665295819067349,-0.10462819720583605,-4.821216951753793,-5.2939719694670595,-6.62558674564333,-5.7722997946327625,-2.5356576180415757,2.263820942970507,2.3094860328074285
AECI,2017,6.0,16.203547898238103,17.943401834992112,15.781833198888107,18.46076505486559,14.421952465904841,14.85286293673841,11.5273164490723,11.24685767949769,7.515608339391222,3.9024118848322242,-1.299992957357743,-6.880682154984575,-8.007653058506325,-9.528847232694904,-12.2755883975867,-12.561079747359017,-13.052333054726262,-10.621579986561535,-14.533422103524963,-12.93691163278805,-10.705753270222196,-8.69394460662839,-0.8338519041357628,-4.341272980966671
AECI,2018,6.0,-17.98411699742386,-19.44576103920991,-17.2404876221939,-16.2484004290538,-14.32050037823619,-14.422079178441571,-11.06347652563262,-14.089467540936873,-10.81363941180824,-8.270005847497197,-4.039530226377652,-1.3513843127611058,-0.31094032713057107,5.073708511801145,9.509159940887224,10.827621119461451,10.998502019362045,10.829839925441064,11.628124442106547,12.804433318587227,14.125105291066763,17.20117719815315,19.642223374907807,19.17221773065204
AECI,2019,6.0,6.169664281166676,4.067586903696984,2.539703190670184,1.5297504488817615,-0.8173768276727333,-0.8768963708913224,-1.856428622318429,-3.5969871196315895,1.5842651883965386,2.26194766480432,-0.3704982433156756,0.7151511015378142,0.07107134306610918,0.3010401869713797,0.4684768500503922,0.5381050276744292,-0.45823095808649184,-1.538720546099337,-2.1360954576181035,-2.679451927763976,-2.63696430261835,-2.453765020732368,-2.6992445532424414,-5.744145369874998
AECI,2020,6.0,8.955013034266578,7.947485900014872,7.8637159174034466,7.608131005055374,7.924066210995218,7.858312066446027,8.048634839240343,7.7230077989467905,4.791847910736924,2.427706782571426,-0.40628932975481646,-3.8778798881320076,-3.005219510656165,-2.6869988847601722,-0.9395038426739277,-1.2865170815034022,-4.498176455642843,-8.397366106202353,-10.46524479512787,-9.517049178751213,-10.049595030425396,-7.152042589702479,-0.8683599847768897,-3.3952777782955357
AECI,2021,6.0,-6.321013285970123,-4.897013344859868,-2.2731236012283107,-2.6466258250810504,-1.6317610061939547,2.1739892033686314,0.015902496339115224,0.14417773972710268,0.20556561209292834,2.0350654942266955,4.106081045169385,4.453318700775033,3.186108777070751,2.8969666379381365,4.369259844198781,5.300311621419995,4.015094685786358,-0.24786838423271895,-2.0302769532398512,-2.515797617362603,-1.6894465957075333,0.40379883543424366,-1.071583416938493,-3.22741028425515
AECI,2022,6.0,2.6427407438225803,3.3837579360891157,3.8337727932852728,2.7498848354309713,4.036938692484826,2.0113121949692836,-0.28646657434470146,-2.9942658364748853,-1.833646050803961,-4.006430978382736,-3.4164919557231332,-2.8349826838998005,-0.7805635356550322,-0.14854651636392324,1.10473454711002,1.2226106495193512,0.26052564795028266,-4.061824825398497,-3.4252564668092678,-2.5331926077375444,-0.8190485466999853,4.399599519006614,4.165634583125854,3.895148393137915
AECI,2023,6.0,12.844200599660716,14.262724658835646,15.61963318762466,14.8417673132759,14.721330458936798,14.431684364172748,15.823565003493044,14.634298948693392,7.495161567876019,1.8915019932423949,-3.5639826672633212,-6.79703741074309,-7.796928642768874,-8.231266567697293,-9.432987804558213,-9.505687908342464,-10.689823631268048,-15.522785194982259,-15.668272412331552,-15.440840207156526,-11.245527372531306,-6.791280974886482,-5.713706320203949,-7.357740291758452
AECI,2024,6.0,-4.226773263199046,-3.7920779459950094,-3.3150771612478147,-1.3918283760230854,-1.2801127949569335,-1.4152038168853576,-0.21105382722095278,0.8057383815033514,-1.0837262597136688,0.5112228796246399,2.0550461741397186,1.1178109131675162,2.8046766272962653,4.027821548036381,5.555843072814859,6.7485410062465,6.591537450130991,1.2607069411077476,-2.554032675141893,-2.305151253599802,-0.8416484484519149,1.6632000303665295,6.968300634302171,2.877779572885708
AECI,2025,6.0,-3.050422648038187,-3.039908522237156,-2.4459490048561516,-2.833474813864023,-1.9963636734543044,-2.547737987695331,-3.1677277746862575,-4.8648920606712,-3.1742439681973877,1.8485380421964681,3.8696457576629317,4.245922445150341,4.947573519062343,5.893699531411157,6.579263790231849,6.412285913004201,5.834385007829834,0.22983126440796475,-4.147558611326019,-4.275025569414037,-1.3508609703868357,0.8331712615857523,1.2743905206477057,2.5472644846271653
AECI,2026,6.0,6.687239766768993,7.052369253504809,5.914788295784512,5.277941386382179,5.404739713349538,5.594922148395987,4.49291340587914,5.065769074148174,5.174253634054238,5.2058824940900195,4.0330756244954635,1.742024820871113,-0.1077535278282693,-2.5953784368826005,-3.9335559374942375,-3.9990372909190386,-4.7849416689969555,-8.174249676650014,-9.28673513746433,-9.765784760983243,-7.038328055076015,-4.3284092826137766,-3.348746679561043,-4.41651687395278
AVA,2016,8.0,2.8692714185330037,2.848035826893791,3.472680419762375,3.8637202501879075,4.272942558841497,4.3046507424351566,5.232314553968309,5.777650433260706,4.221189093854116,2.101051226110928,1.7420979149888494,-0.3013277674752013,0.10053123594104818,-0.15759748024275488,-0.9825514511679678,-4.415382031123805,-8.694400298465045,-7.7684067857395345,-7.432745595550649,-6.92184673942402,-1.0233472028613022,-0.4715267738186535,0.41640925063664014,0.40786460656994095
AVA,2017,8.0,-0.1983893251766844,-0.6500497917776515,-1.2726605414629333,-1.7064478062777777,-2.613993001388426,-2.560167992362594,-2.320202874766597,-2.4182696340297682,-0.9184991700220024,0.1283085410918039,1.9200559453130372,3.6488415441272792,4.308557406259239,4.494328428734162,5.880038761568196,4.01572406486006,0.890510255676169,-1.5003607732309243,-4.551799875463169,-3.5241200351052493,-0.6126995210085528,-0.45845519779845745,-2.080463023564594,-2.0608165496952324
AVA,2018,8.0,-2.199451436824429,-2.8669212345421635,-3.6666701579831096,-3.595879359423926,-3.4553306323370947,-3.225749359065855,-3.35271238430509,-3.443476329979833,-0.7383357452477535,0.8725619913798832,3.30522417041319,4.8742750006827595,7.023488426628699,7.714876182532082,7.875230570285363,4.516588319280435,-4.094478898838005,-4.888747524428783,-4.673997124461993,-1.9630571661540586,2.485743554020736,1.6309071842157463,1.8854177928035676,0.9736472503260263
AVA,2019,8.0,-3.0329491368381034,-3.688857197014783,-3.163989931742095,-5.555594054360946,-4.202099364059886,-4.505303221237167,-4.139747102253688,-3.638685274467257,-1.943944712292489,-0.35674888597221344,2.3191064461506317,4.197607043612939,6.663687012989983,7.449128812972838,6.91189711246325,3.929076622308658,-0.2966004364894248,-2.761188105626866,-2.648014447297764,1.3237990906700636,3.6274016788532037,3.209418932777086,3.5737389282297416,2.1723358265009485
AVA,2020,8.0,-3.866816154245001,-2.581153142806869,-3.1982819016600827,-1.6533899695247989,-2.1524405206124197,-0.8983964823618629,0.6619500882026452,2.1203230451834143,1.391195349354768,-0.28194292048004943,-2.2058300485389815,-2.8188702563527013,-3.273537866246623,-2.9614957337366743,-2.1975644595880084,-3.6508972037272214,-5.3207525585359905,-2.6209186570684606,-0.7969534673614165,2.9947783831929753,7.552292913210779,8.822790227643583,7.800072165876393,8.511468572477765
AVA,2021,8.0,-3.7434006787216423,-4.341091872124025,-4.319621455576527,-3.7523820070097247,-3.6016390776901996,-3.0112584004275633,-1.6443473431052458,-0.9039300664537842,-0.3394315822793148,0.9492951886079348,0.5216269580028188,1.0264080612593096,3.3502649772947812,4.029278373153078,2.8539303447558506,1.5748847607341077,-1.4799309712906883,-0.9211564246056403,-1.5450177807417642,0.9140061717137105,3.8041118476646485,4.288114072124083,3.8033487639466568,4.582753803127126
AVA,2022,8.0,2.836308411698396,3.5560495540687187,3.679428577473043,4.3303736628192535,5.1616393120793465,6.118667569368896,6.748877994373359,7.496391945558223,6.0714069334443455,2.9864948224785026,1.1884900677121557,0.12688739766968382,-1.6839855096020484,-2.8899536612784105,-4.1507623054267135,-7.4164247903955705,-9.852926406239138,-7.639764200402577,-8.299905777733564,-4.498749307071703,-1.361281322865393,-1.5527968376870427,-0.4780137308281085,-1.8811671644445083
AVA,2023,8.0,3.1317462551171737,4.068871655216055,3.1869200595506353,3.79622441832721,5.1531699001869935,5.580798949902944,5.902892136800908,6.448710864918161,4.676590656469415,3.0545499828499523,0.046608386823465686,-0.684530258377003,-2.006273269919001,-2.988786768535312,-2.6154657118456104,-3.2932554163516814,-5.024534145569993,-5.855786327292867,-6.415654536569404,-5.533230025719793,-2.600639086197054,-0.48341511393470427,-1.966025546324346,-1.3711024846112974
AVA,2024,8.0,-3.759967129261521,-1.6194531730174933,-0.37363694497337674,-1.805028378410234,-0.38555689503386725,-0.34891528544716,0.5322288284091314,0.31723644310952537,0.5126989945128502,1.261309403503641,2.518054204737896,4.074443979042153,5.419848228827728,4.624197261451113,4.448238098636392,2.5746962246640637,-2.5728775580474705,-4.002599802027618,-4.903079263285082,-3.804738664389906,0.019207544623789374,1.3928802258723394,-0.5651993916149456,-1.4639558092625182
AVA,2025,8.0,0.6616862713636262,0.8795458911837417,1.5080172945230563,1.7024956508484457,2.156628787638415,2.3612109984409213,2.6622241831576132,3.8483882413077986,2.387935813198516,1.8661782461638632,0.39459238298629185,-1.1757195675794252,-2.996457694528276,-3.3210745501344285,-4.296640685543229,-5.582267009455977,-7.060797301281118,-5.926653930111692,-3.857107111824498,-1.0325912603623033,3.433736130540699,4.510218985710934,5.524140980436531,7.137143328967587
AVA,2026,8.0,-0.1603406876511615,0.2676215046538588,-1.2522220986220134,-2.999548692303522,-2.302660510078036,-3.5162455814387483,-3.0488386204036932,-3.0839882271955776,-0.2963763618384796,0.9176688813759881,3.836741696313606,4.4939545852649365,4.98992334320445,4.505862126261251,4.828785987075945,1.799960319395355,-2.4708954209937017,-3.7115186258786625,-4.412386579891003,-3.3713093691420504,1.5479919912934736,1.5539039816198974,1.0929512458912383,0.8707589675283067
AZPS,2016,7.0,2.0252307965612615,3.7852771067682367,3.8093491392783507,4.292519335997813,5.947571467689383,6.527327006649197,8.932217223843386,9.685290644035515,8.089679227113567,5.284905863265488,1.580287632212618,1.5393961133096767,-0.3721759897534649,-1.4122240340263104,-2.889491302253777,-3.148909593575866,-7.074119265403922,-9.83110789704984,-10.418846162649341,-9.671911846411184,-6.827659774294803,-3.162051595419668,-3.9400022438142113,-4.123834153749472
AZPS,2017,7.0,1.2031564078559986,1.3848120516258278,2.2245960105739315,3.2859998931268564,3.6880045448618892,5.944562909254536,7.790188359699557,8.817175020945122,5.111662464340183,-2.0897608387042688,-2.480050436499659,-4.636655937583933,-3.834522085953118,-4.137040113890245,-1.441616494948006,2.357803636192446,2.0957937809293115,-2.0867258146243683,-3.0913439633737605,-3.447382631227902,-2.470892521131418,0.6989303243182254,0.0744604851620867,-1.4662909935403867
AZPS,2018,7.0,-1.1447186478944826,-1.2248244667942387,-1.7710973438701094,-1.8871305678677341,-1.8697804842237153,-1.936971259426401,-2.1354508131314898,-1.3212486421960712,1.3232620314372445,0.30195865580999737,0.5384567943809149,1.1261344704220133,3.3577949502058835,4.118795925730412,5.591346586518952,6.415777087747387,3.6966206940970747,1.0376705517819662,-0.9596606503538663,-3.6433457162021288,-1.751011655002599,0.031630419825878775,-1.3420424372772022,-1.8953103241811653
AZPS,2019,7.0,-3.8632034678854565,-4.8383989554987235,-7.011041885112745,-8.568948193461168,-10.279174720637997,-12.927115139176347,-15.712589579484815,-14.716246368683061,-8.310376216796044,2.550672938298204,10.362132030799431,15.980814957670809,16.55659151237907,16.16661394036879,14.288913738994857,9.12967802546466,3.901499349164428,0.716313471438812,-1.9722115569104748,-1.6330459523579366,1.2328616760931554,0.7976667213688948,0.05528198744280122,-0.7498668852281898
AZPS,2020,7.0,-2.476178664912154,-2.1123557279465577,-2.5848188025350383,-2.7252629750539326,-3.1007194867491927,-2.458170546696392,-2.5488735255969175,-1.754861076001979,-1.6513780400433609,-1.4142746889903135,-0.49001159582606757,0.9085355907548109,3.1049424239539603,3.3159784991565466,4.76255947645412,5.590534312067319,3.7495560075230805,0.2969803922733938,-1.4205897912506815,-3.397347417208607,-0.5334858926018482,2.2798963605290323,1.4484761284105474,0.06814756684080381
AZPS,2021,7.0,1.2725686673679792,0.6315192431222139,1.6783528202395814,1.23651998444948,1.497719223727112,1.8559761435585242,1.4554665021994762,2.737181664945787,4.066169960484234,1.4161021359827108,-0.020607200579281226,-0.8234942270619605,-0.6423704164022714,1.3028665037357667,1.0723479306298245,1.7191763817592132,0.6675460414772516,-0.9268880970545013,-4.8506757392224875,-4.206579207174377,-2.6540757378243685,-0.41149733473040406,-0.7215593610865989,-1.1779529344131845
AZPS,2022,7.0,-1.0196931523002717,-1.142764013577402,-2.459241220404962,-2.6289004279434702,-3.260239659915465,-4.182511917745413,-4.445948854529869,-3.285700583386464,-3.02518127033653,-2.268923206804918,-1.5858344386231016,-0.5337156203445104,0.16128541984223865,2.5695638721931813,5.088140136586383,5.088346839620572,5.606829069440833,2.2693174708051433,-0.14812849726679733,-1.0399500631306458,1.245190397692686,2.0561075425797437,1.3888930157414991,-0.12869218165325602
AZPS,2023,7.0,0.9816674730331987,0.8792675215327117,7.1496287675192,1.485985366289222,2.3428870617976605,2.580454613814842,3.008869218041532,2.7665542968864587,0.7198045359726457,-1.7973772355998952,-0.12994441796813083,3.015323530667735,1.5855861115178893,1.9130226639750947,-0.2935181601675829,0.0047487898478526525,-2.0232280820698167,-4.67526583556872,-5.468829575909284,-7.051781476685082,-4.651131444887691,-1.427032065082967,-0.9052807517620831,-2.35141591793826
AZPS,2024,7.0,3.9551827954392715,4.544713874396411,5.4731329696413145,6.855098821936522,8.284024699592097,10.009047894816936,-1.953284017575685,17.378488933160853,24.884743337599403,5.425511507595782,2.2090296673550225,-1.7973271805098334,-3.6986689037521114,-6.1450657818349015,-8.009310347870446,-9.970656379907773,-14.250114170885608,-14.335097055858082,-12.23446653587985,-9.359841627097353,-5.833157146414303,-0.48467814534944864,1.0653178171861288,1.9788753777544743
AZPS,2025,7.0,-0.6666573902265327,-1.4991107387472002,-3.960645153820852,-5.283240422559087,-6.007723806701792,-6.085019053015928,-5.07162811014501,-4.759040245555246,-5.311255138180027,-8.080053879638927,-6.148048696967134,3.444750562169485,4.811930888024174,6.066999338493084,6.165371984853218,13.195143418303058,7.251386641587199,7.0036929482502845,-2.648650248172979,-1.41926079833814,0.49163988779297174,0.5242581184046191,1.611559587058653,0.6303933713187382
AZPS,2026,7.0,1.0762544844537425,4.699748813368831,5.008470499291073,4.6025131112790385,4.7598088086941,2.1325338220777867,0.1750529197905415,-6.529434776993637,-3.6862097830963503,-0.05716576361511905,1.1937272095967066,-2.6025478703720295,4.037040858919571,5.212842719757771,6.63291494093603,5.036747690343413,-0.10087086954693181,-1.0806224619553495,-6.19267657744047,-8.881472253781752,-10.050700202602169,-3.637514571601197,-5.245383046829066,-4.1816290294343865
BANC,2016,8.0,2.043263202111123,1.9557453940857839,1.450500990551351,3.054759345925906,2.8146869188490853,3.800045355377779,5.527965242681587,6.204020465069848,4.457427328035413,1.9054335812787482,1.610266604939592,0.09675421052361965,1.8941159363522475,2.2872520284780373,1.2375942326922407,-1.6078443000148268,-4.798760965823911,-8.90340245861536,-6.587741331550401,-7.018120327135291,-3.520561116562515,-2.148749059771693,-1.5054257387461911,-1.1834572321705705
BANC,2017,8.0,-1.7271632084623678,-1.871605337776916,-2.055285942883811,-1.974600384848757,-2.0968151447066874,-2.1723787117259086,-0.619308213214087,-0.4380036523501496,0.28093950243077703,1.5632282043072543,4.07769232278159,3.6108884114868345,4.641040446405864,6.52163026472099,1.9891312458378607,4.498882485877386,3.3619226718146544,-0.19222156956784087,-2.916631292381333,-2.518300558032327,0.19073275579630788,0.3876786273574684,-0.9037639046738821,-1.0471375750803258
BANC,2018,8.0,-1.0536177096159505,-1.745837320425625,-1.9811005558905581,-2.040177785500674,-2.5895719889289515,-2.8695026800333423,-3.1002845388408806,-4.535124333889495,-0.9142583706406082,0.077095655588022,0.7351695404900438,3.6384717577669146,4.874662046879652,5.671519201869691,5.365388943444738,6.235185872372606,2.680256192527053,0.8073566981894098,-1.6262688445367157,-2.117340721572769,0.5475201023580123,0.24343116290046485,0.11643066456148432,-1.7402007315878376
BANC,2019,8.0,-1.7052291502286487,-1.5983983840188398,-2.5395665655899125,-1.6386645560532709,-2.6209271355069785,-3.1889444487566587,-3.005855033263105,-3.681125451406697,-1.856095760038956,1.683997848711094,5.522634676526583,6.636878363133647,9.94127992800392,9.66652028892353,6.153088423834552,1.606941382381999,-0.17946999736608849,-3.6598271280257055,-3.5428158141088906,-2.7371915632907085,-0.9352298374151191,-0.8812708217650345,-1.2324934745507887,-2.0292914612052626
BANC,2020,8.0,-1.8817787984960477,-0.9420873931234697,-0.9863740371976681,-1.1876569887944721,-1.4678484650391677,-2.302974116859957,-1.985911960410447,-1.5219789342303502,0.7341043882162168,1.2790234418195157,1.3995947904645645,5.509304968504569,4.429118372590701,3.8338297862667847,1.4277015614511779,-0.5398788161797063,-4.813286666665406,-4.917160013609245,-5.714058285127033,-3.6167852231759445,2.2833336074292276,4.414301145145072,3.9070824009064253,4.550185885264391
BANC,2021,8.0,1.895551234660664,2.110466392099841,2.162243504533301,2.0743715772780447,2.57288169554436,3.4788998487752187,3.9909298316056385,3.521363607664063,6.607664604106711,1.16456033000778,-0.2593295508426907,-0.4450096146654037,-1.0201486785577862,-1.6233797598653177,-2.0577095291213765,-4.4003120386077565,-5.668669167202989,-5.665595062502882,-4.339149899612704,-3.909378267543606,-1.6451393448198237,-0.22048295439880405,0.03864667034800817,0.0464664280848015
BANC,2022,8.0,-1.0756508109235896,-1.4953668753834193,-2.171436972494456,-1.966712290300654,-1.6333711433627829,-1.9809634489990624,-2.4349614662123265,-2.866442618535403,-2.9800520738223257,-2.740404347361003,-0.5620220308630852,1.4683660176147306,2.684329050412948,4.657357131867634,6.8782556510914805,7.039406629120593,4.378956856624683,1.1558936345936521,-0.8324964040703042,-0.6782752442826556,-1.2753063102672213,-0.9209772747744926,-0.956722059846804,-1.3351910513771381
BANC,2023,8.0,7.469550072584319,7.016758945495683,7.562554966615753,7.616562642859003,7.954161683226435,7.908540158670374,8.726059490825854,8.014070923158567,6.915326848922354,3.107041175262193,-1.5860152402473293,-5.128448353018666,-6.999099663895136,-7.634572577099485,-7.886520555684595,-8.221464270686996,-8.093287146688688,-7.663036833296966,-5.23166267741737,-6.00286028873771,-3.6471244553869964,-3.076222298779796,-1.7838637755171138,-1.8917373601578857
BANC,2024,8.0,1.9324095441166755,1.7639612881201305,2.721865891147013,2.757800830115953,3.83981053768756,4.500944586742639,5.505216265263657,6.405602756054507,5.528792069324484,2.372529125665923,0.6468135023771415,0.5814186222075968,2.19426716390293,0.2199496248215138,-2.9105365678791295,-4.788834072449511,-8.9991308595326,-8.45316047419784,-7.759215560007227,-8.04947570913721,-1.968325193730025,1.9623535872533404,1.8981156384216158,2.1219067131673097
BANC,2025,8.0,1.3232606704659977,1.2419768670534959,2.005325571760863,2.2294676671561486,2.840722386590433,3.618941072859261,4.303147461741252,3.9930357477572676,3.0421135305729763,2.2617049041004256,1.1940813054917898,0.10039976255918903,-0.8686332875674996,-2.071526190202333,-1.7772047563001325,-3.3179478006986396,-6.174181592899486,-9.113716672151506,-6.091532975379477,-3.8739981898999076,-0.4512494218942953,0.04084543754725445,1.0479676285701789,0.8508378697807961
BANC,2026,8.0,0.9434816763196796,1.8874374708296227,2.77591312451273,1.2443672772355363,3.1648689532092433,3.5344559461696567,3.365007958619648,4.724291592448959,3.420794138758465,-0.0034971343495726614,-1.4050067548376788,1.2604939343034083,1.847915212154727,1.9394087176211827,4.744923665593803,-0.6503966306630415,-1.0678560259263614,-3.2147325413584005,-3.3001749929416624,-2.5063630114360524,-1.6255369390049124,-0.8231284316984944,-1.7569023863618582,-1.689043792074807
BPAT,2016,8.0,3.2199569704867925,4.029390166126978,4.751715741136819,4.610043772031935,4.0882327404411445,5.536403926900347,5.3835600900044245,6.500612493449687,5.073130195248021,3.5550137059584097,1.2003833757189497,-0.49906273885238495,-1.2683665052206416,-1.3609879999096575,-1.688752672132121,-4.294412070577003,-8.7292064774126,-8.256152161761898,-6.882005181116635,-4.0038284726333195,0.191451448926383,1.346759592277924,-0.6049049133557194,-1.3287592708656648
BPAT,2017,8.0,-4.339560906315643,-3.5543170183332307,-4.10825715893367,-3.8853074031995782,-4.081371936876666,-6.143703061735506,-5.653616856730325,-6.2052952929170235,-4.572805421847215,-2.003921659823149,0.5620894034781054,3.1942637241240357,4.917424941172599,6.271268415015108,8.338563550769951,6.741605674503804,3.7685222558371922,2.4459481971372377,0.24660530173468143,-0.19342617932014416,3.735797828798204,2.5726744537658552,1.7363235577036562,0.7628012577711285
BPAT,2018,8.0,-1.049030663535555,0.6993498078218585,0.26950693456879726,-1.1609524744324085,-2.358737734234939,-1.322794923826065,-2.677436171346115,-2.258996112079714,-0.6985113414444077,-0.09634408034384645,1.6407039261605805,3.796049399624568,4.907310704922585,4.8450151795768726,3.425296386099852,3.216138671083346,-1.1332259472560224,-3.325855576293857,-2.8109671813478565,-2.8972039451148346,2.1311096316146694,0.9179188338118927,0.024801928873641188,0.1900751820054558
BPAT,2019,8.0,-5.406997477050391,-5.662804612541084,-4.976391834522498,-6.0586687867472016,-5.706457842119262,-6.603487186312429,-7.013601355813792,-6.429012599092632,-4.583054118126628,-2.3896213948533918,1.0557007042973243,3.210808813188959,4.984689533605846,6.5569358796981225,6.2950111433075495,4.503056581290044,2.0385332167554893,1.7112218731413886,1.6242520974829144,3.6572584757359694,4.453022696805564,3.498680898942008,4.143966105181862,2.301116709397788
BPAT,2020,8.0,-1.7661661073254398,-1.172443296774206,-1.3097239648498404,-0.44459291345859686,0.24164613042639838,1.7584607833670107,2.3872800325700827,4.065727757750648,4.455230374709385,2.273079986264226,1.7583390512588837,0.534744510149654,0.07294495032994508,-0.6118283479746855,-1.0942633454658512,-3.316362924383265,-5.471251721289338,-5.874239997114761,-3.542261625136578,-0.32215022964152684,3.5554821298634076,3.8590079402411215,4.209053773229443,4.110003356755021
BPAT,2021,8.0,0.1604826254957059,-0.05120181524318479,0.659436879229991,0.9552005730461999,0.5763504019758559,1.0446721806061876,0.8055226699129947,1.0530992965417818,1.4757717910957702,0.2515487852605025,-0.6960239285018543,-1.2382788793671606,-1.7510493537838512,-1.9683869667903808,-1.8835964911143255,-2.4825045884577013,-4.46624908362907,-3.4614647424019207,-2.514320894650912,-0.6096565976493773,1.8217288982209423,3.0177329740274095,3.719426594297992,3.564337588527844
BPAT,2022,8.0,2.9723500103501,3.8632133650249867,4.823347796331623,5.430219695057314,6.5621004184488685,8.59944708649305,10.191327051658794,11.38298995337097,10.129181270122967,6.416812192719057,2.248418544831865,-0.788089033509709,-3.022023464887136,-5.140896261449224,-5.941062022357291,-7.580096321783458,-9.922488574533094,-9.031337378590699,-7.7523205501329295,-5.65665082664466,-4.310303394488546,-4.265390402472002,-4.601127944222172,-5.640513488320387
BPAT,2023,8.0,3.534306541370469,4.218231518345106,5.047239418178606,4.783347124601645,4.924176243396639,4.8065473871432784,5.708919385742517,6.064768856048186,5.472562811592474,3.9742668742203557,1.7013678025264323,-0.1943136742525109,-1.1084657457171687,-3.1012173301059875,-4.2360844141986265,-5.922236218574217,-8.120577626967684,3.5975461504471395,-8.511937094583033,-7.311307947941681,-4.833996330010981,-4.560918024150062,-4.244130525707113,-4.1668605599864295
BPAT,2024,8.0,0.7772162878722733,-0.3314017358524324,-0.4672358184860337,0.0489144839739053,0.3142651689556297,-0.24921580682705224,-1.1850585576945627,-0.6134442869584866,1.1127504314375036,1.9596870726403148,2.978812943445752,3.2460582971794327,3.977903693662843,3.6332830541571104,2.5170376611991507,0.1087002580564711,-3.3161275042565164,-4.357461365089366,-4.354821845299051,-5.091000750148256,-1.1487415414705326,-0.23710510830603493,-1.030334637542596,-1.8324103941800618
BPAT,2025,8.0,0.09134928902497785,0.9414367513387534,1.562595942579026,2.134093255662839,3.107255799437314,3.5917700271749786,2.9480483622532305,3.3787918147374585,2.723653858878672,1.1174940629355756,-0.1388997312603113,-1.0063100909999623,-1.0616592215804799,-1.014588045078968,-1.2580712868414556,-1.9767715464500735,-5.504803375028732,-5.752184615061107,-5.531775427647934,-3.1623030529481566,0.4006754028012205,0.6919868315770517,1.3455575476308157,1.9643659031048033
BPAT,2026,8.0,-4.566925710895886,-4.828054689302574,-4.638089373273857,-5.024166818511189,-5.184600657428263,-5.731774855265471,-5.450849674692559,-5.077220187536802,-3.4469446313414087,-1.134937494981747,1.4005227445663015,4.0144366389235575,6.343691500760706,8.296156983520431,9.28697225002404,6.679706408920261,2.7969127310385478,0.37942897838370016,-1.397219579278608,-0.6077578213777857,3.1834387905506745,2.8280924883974157,2.292664639699238,1.3804769954602891
CISO,2016,8.0,1.3476219872888495,1.9490741912619236,1.3917024123608623,1.3216582250278996,1.4449003666901383,0.764164319508398,0.6847608405755712,1.8475768319099029,1.5367256796351425,0.720287111880169,-1.0216076836002341,-2.1567599582829833,-2.1152871357225322,-1.2599781057851867,-0.5401992951185819,0.48799219962681883,-0.3620685506468657,-0.2731884863804934,-3.011840511016084,-3.045481893757196,-2.8400266488051162,-0.8033501219110173,-0.13934905555590404,0.14167253248165146
CISO,2017,8.0,-1.430875577914914,-1.357184260762323,-1.6969149563978103,-1.8435234981251436,-1.5036817606646768,-2.1654192819489104,-0.29558083630027987,0.33178500240432784,1.1397620568842637,3.565056984722903,4.651202132328547,3.504644380023292,4.428098304531336,4.659795815895573,3.963977691945153,3.8478539135158307,3.1622491577667278,-1.4654527167025089,-4.647845754097002,-3.991852833668652,-1.7585441231410481,-1.0593649880615619,-2.101338718852408,-2.4105544332994944
CISO,2018,8.0,-2.1523636756129783,-2.565231221251585,-1.826258588108709,-2.105807899531509,-2.299989118066703,-2.5266991795026783,-2.640014563200832,-3.000268750807844,-1.820147445991771,-0.22880582127067228,1.1109516026463706,3.1868999835797385,4.430733672396336,5.320241715234264,6.090800140746522,5.731792194417773,3.120982702880304,-0.23666815500855698,-1.0778286841404139,-1.836435099331113,-0.5339435645611346,-0.7476639479252478,-1.5041727820996664,-2.5402172893340347
CISO,2019,8.0,-1.3479867279527769,-2.3983213725087604,-3.480482598089918,-4.128692580702598,-4.866971568721057,-4.960131024166337,-6.310072242860665,-4.0356689195105595,0.836737592058423,5.742738196996033,8.169191030849266,10.192845363431402,10.64261656248593,10.073773420804699,6.127431370041537,4.17258982060641,1.2591894872678866,-5.321071221280826,-5.189099353160365,-4.187912187457377,-2.2389761246650375,-1.238871165933797,-1.808904636117159,-3.409240219535359
CISO,2020,8.0,0.16061738769476142,0.9372185625855844,1.2283362445869805,1.3722858849458897,1.0876523912554226,1.2735159472882063,1.709679083512372,0.5963945952568772,0.5831132148059082,2.179784321177314,1.1179827013052202,0.336520495182846,-0.7825158019944989,-0.9514171179765829,0.6556698848267595,0.30600632461994515,-2.219369500725765,-2.7150442046637746,-4.02192762380349,-3.024119807046932,0.23772173355780524,1.58115494975537,1.4255348577818738,1.2380489621895308
CISO,2021,8.0,1.3086016669667355,1.1619899987403648,1.363676490887611,1.9050992086741103,2.2159604002079836,2.4337113397606136,3.397762706786589,3.8159109569436467,1.5186008294750475,0.09519893873701779,-2.350867701996251,-4.4090052728768425,-4.5936311521522,-4.101966824274051,-1.6540813060204274,-0.5424765813749843,-0.8847560723676873,-1.476791980983605,-1.0425623554976893,-0.4398668068874567,0.7883257549239131,0.5482194700745735,1.3403147973467533,0.4322633689630706
CISO,2022,8.0,-2.7495051939941395,-3.5783836148721604,-4.067144515095333,-4.1135751028452905,-5.714467082101171,-6.052677315040967,-6.707643758132331,-7.11382991311168,-5.30894549230857,-2.5258162971329545,0.7666709257784787,3.8535744592211874,6.930289169056114,9.14810654122451,11.128716614035872,10.774029748604107,8.587322863965063,2.55186929548592,-1.111638019165473,-2.303566168764881,-1.6150525759852652,-0.6935472968816248,-0.4619764910916979,-2.354622706999776
CISO,2023,8.0,5.193731232318144,3.8940459455550025,4.580728528283284,3.9089116910116406,3.020343878246079,3.8684478278121492,4.578450938160151,6.475203071057378,4.146322149581194,-2.3046031285766544,-6.499955037985616,-8.977895446740513,-7.616183763962092,-7.917230358632676,-5.026415600661527,-3.236634351685752,-2.6613350878234243,-1.3473043398498086,-0.22326717371869975,0.510158243479486,-0.20338250541287461,1.450780229536064,1.9831317747821764,2.3212976126111284
CISO,2024,8.0,1.258936927800125,2.392003010500243,3.1146934181939145,3.7728244377590148,5.459258940675127,6.011488049231762,6.613186086310452,8.032737290616144,6.63695505341515,4.615652497457345,0.21415418157664234,0.03262947324605969,0.4349545434520041,0.6977344656069029,-0.9399107490204117,-1.6115922061074262,-7.2110265090234,-10.861513017467717,-8.854670181636104,-8.813199857804332,-8.79410852631377,-3.175010831801961,-0.21210204509076735,2.1168662721863463
CISO,2025,8.0,2.198737426783892,2.3273100276625325,2.5028894351468156,3.2328122982553165,5.100286633800599,4.624647799401194,6.085471688422572,6.420084478293431,4.02565286256632,-0.047853901515559905,-1.1702158958438291,-6.784354491134936,-8.15519311727213,-5.543443841433138,-4.719116847593519,-4.39837862520609,-1.7943885741347976,-0.9548930285925739,-1.5971314729051223,-2.164731650694396,-2.4400366425891384,-0.033349224153322865,0.17583740232263168,1.430083187251907
CISO,2026,8.0,1.760469468635939,1.6126908372353643,0.7293309756426836,0.76932533239219,1.2907208813527138,2.002230585184517,5.646175388689301,3.4993323536618437,1.7742114089871919,1.5237389938284496,-2.8644566788595283,-5.935213798484229,-6.576973760024329,-1.510167755666214,3.783223310256978,5.6423334337387665,3.5482657770922077,-1.0834272469551376,-2.4087318600713115,-1.9473586304944224,-1.9182001391087278,-2.009187327474371,-2.234361258274853,-1.0615546046823243
CPLE,2016,5.0,-14.264297922929137,-14.355802696005938,-13.934871962612371,-13.921362268200854,-14.616920664160748,-15.566844681808313,-16.613738466940053,-16.132736681266657,-10.253390124403028,0.12958635740607516,9.37143432094687,15.964482057846963,19.863547144538995,22.84187720449271,24.929148989760066,25.36783652758664,21.77261849833494,16.80473367898835,5.156905913722731,-1.3983508299538094,-3.160752838349845,-3.7986376132101762,-0.24837568872917437,1.848829586344769
CPLE,2017,5.0,22.6586740321425,22.35013628981478,21.80377388671181,20.926827816299987,17.752044983126158,14.893713986920199,12.205346552682938,9.931053345231234,7.160772981292163,6.925446926313983,3.226919513452131,-3.924965912436107,-7.9282125030714194,-9.499796911135572,-10.680900326278774,-12.548558324023906,-11.469595182027293,-12.820703823693702,-12.50731017058918,-16.839555798577333,-16.216033352072646,-11.247489133901457,-7.959397877015606,-2.868819690289881
CPLE,2018,5.0,12.981309880233027,14.404185171504436,13.294084912364346,11.944322862166512,9.693176113617753,7.782645773130015,5.859840144261197,2.189341010971968,-0.3603687159604352,2.97449428743648,2.8000921892594066,3.828323410000345,5.73330038340647,7.67140491690369,7.713078400466566,5.861882843469502,0.799910628717071,-4.696102953069358,-13.530218248546866,-19.03336353231516,-20.458271884901446,-20.234425090681363,-14.7326959086299,-11.180806865442594
CPLE,2019,5.0,2.120710233387546,2.649286899809411,3.190780936019433,3.2877765225493683,3.7062000659128014,4.402417777471356,5.851773299234953,7.368668930806255,4.613759459467626,1.0714878722177135,-1.5371803007041995,-3.0233613521568614,-3.2590378312854273,-0.6703481125807431,-0.5199023034829442,-0.6090213034073644,-2.8296747651609055,-2.799104132495134,-3.810676390709933,-5.128613699401008,-6.25193093474401,-4.169576792204355,-0.430492908132718,1.848321762445393
CPLE,2020,5.0,6.4602962110019035,6.30104950864967,5.020005805725713,4.316815350933068,3.9809536966778802,3.6751384643501916,4.309868704117958,2.5003815226338766,-0.09739277237734711,4.8893591824571425,2.8985618248649425,3.6237482366709983,2.2999327154609173,1.8917842863981682,-0.11276842710956636,-1.1165050018085654,-2.5259948937413568,-2.0165400305238723,-3.739478721805045,-8.632816167461977,-10.166308891262489,-9.765267662035837,-8.04967647764524,-5.381646126329742
CPLE,2021,5.0,-5.43073368819641,-4.234322147283265,-4.555237101371256,-5.117078567440048,-6.817934844739582,-9.090214410840701,-11.573351116495767,-10.579310310354018,-3.8233257141522703,0.5718854748308244,5.0646865219539094,6.843284464060185,6.67114271984155,4.365692994244164,2.3862126153775476,0.4155441135075377,-0.13119238631777996,-0.06327849781515571,2.541706811381017,2.2662881715122873,3.810281449711872,7.424946666626209,10.9975543074329,14.490044933362478
CPLE,2022,5.0,-14.51229408753555,-15.517833828455796,-18.43994099644677,-20.875115445570113,-23.66994876181462,-26.523978856439257,-25.065302402407386,-22.31101544087749,-16.03763964223177,-8.954563038057263,-1.807876890011384,2.7231664860947413,8.018912424559044,11.049904653910058,15.52210022545455,19.262995522832448,21.604196971405408,20.637055557973905,19.215657238562155,15.442993704213004,14.786865093989764,17.5072879578968,18.656364264344973,20.539221406001573
CPLE,2023,5.0,-7.065854044864106,-6.456536048484995,-5.7507582203693675,-5.628185149777975,-5.444161044831164,-5.485139181258036,-7.7633096862903646,-8.052391965344885,-5.3776316394333445,-1.0500497916911877,4.316329288787957,6.470292231414232,7.220727329683041,7.214585732006018,7.22182853051433,7.387431633355101,8.73545529504307,8.264688419645738,6.4846627722906725,2.928546766778206,2.8285369657141235,6.781534953001644,6.555549571204233,8.903050047364614
CPLE,2024,5.0,-2.9565157135223563,-5.648104117939878,-8.765554151694598,-10.07166866571696,-11.108425108848131,-13.099858826153321,-14.056178909448624,-15.435518515535785,-12.173521472246085,-4.176726446596102,4.9195772469109,10.526783024365226,13.859427237569522,17.844630228358362,18.782321829778148,18.13616987383526,15.975706935664114,12.741684194261715,6.96883059954716,0.15728553380707222,-4.564073301873539,-3.419281398863072,-3.9890361543722275,-1.6920651220811544
CPLE,2025,5.0,0.6309179644973573,-1.7230471839716044,-2.1371110455895015,-3.727721757646185,-5.74656183555925,-8.153953712332672,-12.318904682208853,-16.235945210577984,-12.97015042726608,-6.162342717131075,-2.7968802656356706,-1.2349729795159026,3.138893961709377,10.707282015854947,12.806101977444918,13.712402262206446,15.739993750463999,13.02928748016411,6.921920741258858,-0.0369453251571894,-2.2591694546954644,-1.0984508160111872,-1.6891786054075597,-3.4097922024652783
CPLE,2026,5.0,5.4417282899056225,8.14535409054139,11.166085263909364,13.252686317754602,14.607435899411481,15.469714430064974,14.211586842173919,12.281872657374082,7.225785840736942,5.825002148697456,2.654925230136751,-0.5280306124144318,-5.787404270669516,-11.084135558744645,-13.347936729424504,-12.393534589956602,-12.754223208652105,-12.146516003433716,-10.940614339319266,-13.758247850428395,-9.47968714675479,-2.6857968955460443,1.9879268245521442,3.5386153431751333
CPLW,2016,5.0,2.7985674620940926,3.552615249375246,3.9931611417936885,4.221150157785692,4.514781879414387,4.72823512258993,3.8374503588219477,6.000715549551794,5.265987746574541,1.6705849187748534,-1.0389936207870987,-3.5934870842746935,-2.845196049434262,-3.416844308776079,-4.41847521017753,-1.5598587525754715,-2.803118749794986,-4.920017634298091,-7.703218063235495,-8.027171266225574,-7.6746226440886804,-3.627032462479296,1.2559438897493558,5.76660798903057
CPLW,2017,5.0,15.281847114878222,12.149749871865879,10.91035359410768,11.518801931018196,10.63031122573329,11.255141434457716,11.985262571036104,11.939647498859806,8.585381717585005,6.708379829699829,1.7444629363651654,-2.9207891803930908,-4.744838964291653,-9.168688378595958,-8.873581314311163,-6.881303007342554,-5.230036378222769,-6.9397317202393065,-8.565844818606916,-12.550401432544122,-12.10846747256047,-7.226244586944485,-4.059969836224775,-1.6416253520185276
CPLW,2018,5.0,2.5017878291176077,1.6762037463189827,0.804995359620353,-0.8999731776946573,-3.218519672251652,-4.787033647008676,-6.524018285612964,-8.44853396085814,-7.278297318426086,-0.7381825954019927,5.33431167856806,8.454478790777408,11.241377742033665,9.716931461643984,8.407121356319836,6.925996358515563,5.924436332192739,4.6891428068723044,-1.5094725804325915,-7.2251882326217265,-8.200112773294377,-7.605519159913654,-4.510241717929464,-2.4005280152119335
CPLW,2019,5.0,1.8871268662714602,5.81669558530219,7.3584524686867265,8.619176482510971,11.78628302508633,10.178043717022689,13.034611119213114,14.19717294712397,14.509514581600325,11.077995255620564,4.839304725609028,-0.7439301036904267,-8.476340277795202,-11.668978078040382,-13.080843274930709,-13.519653611351966,-10.662174828035942,-11.897600879189007,-10.217183875206782,-9.455471838445517,-9.584676981852303,-5.861824270983817,-0.6105290419905929,1.648627357255139
CPLW,2020,5.0,4.971047514453053,4.841795211828803,4.931635614149721,5.0741536806635175,4.540149972392049,5.437915787674141,6.641290049404036,7.68521857863147,10.07672251062466,5.442468871500061,0.16902151406068544,-0.552687514600958,0.5195578984411142,-0.9594244280792918,-2.7887066324868037,-2.2386834497189145,-1.2836600869984727,-3.036772156417944,-6.232100613270763,-8.539745179593549,-5.471502967151243,-3.95722852221857,-3.064251678751706,-4.3925663534419845
CPLW,2021,5.0,-2.4009593812879815,-3.4307660545990992,-3.9208189025549123,-3.9829322997416927,-3.5599389271817605,-2.7051524098596347,-3.21834893820514,-3.4150024443434956,-4.884388029031506,-5.056496702081903,-3.022120371473047,-1.6447462092842313,-0.4972956219469582,-0.2251684340641602,1.4957343790432898,1.77931678405856,0.709088380983347,-0.18472375841567246,1.4215365645119604,2.8709646475635786,3.7983664572548648,4.91281869451301,8.344747987202483,11.079280740051022
CPLW,2022,5.0,-16.404764778372904,-17.698712656744608,-17.89232889825091,-16.095134311880365,-14.811927142813019,-13.014619452268029,-10.493138186926709,-10.328362810361424,-9.741253832028418,-1.9733783055327692,3.444065354597803,6.466488777699908,8.228225141697965,6.658281066445493,3.9952646049129625,6.704006150934516,8.221699691152661,9.299058061799936,10.546154680421694,10.70334735035181,12.555108179031116,13.056289249140796,15.171643246332756,14.720446971700895
CPLW,2023,5.0,-5.6989359183371,-3.1083205881874965,-3.3895821418768013,-2.5769074094791677,-4.599345800201049,-7.290112570472928,-10.637318609630897,-12.537276683842546,-12.160394394150732,-7.095737010538117,-1.174997681021872,1.1362186278020436,5.841856565452352,7.6167066685530305,9.725112991597772,10.105814930434232,11.255788430548852,9.409927527700024,8.150367125941106,2.1503956310972683,0.944365279915349,5.412836980646363,6.933823156782005,8.665656598610205
CPLW,2024,5.0,-3.0725566911678936,-6.143738337505389,-9.754649042285891,-11.132419717381003,-13.757010616151177,-16.241819018301694,-18.582120823996473,-19.54030141581479,-14.578390506942096,-5.609377098251356,4.7422419852033215,10.95099766755865,12.073327520657639,15.21290715651623,17.935653205050883,16.344184927777896,14.811553704702774,13.933944994251624,10.103127889726181,0.7221111667076174,-0.5867683688588032,-0.15982114274493142,0.7262460518512204,3.3245551047045074
CPLW,2025,5.0,-11.75373487232637,-13.81412976032641,-14.666638085809192,-16.86881683567073,-19.965973294077145,-19.265160671453884,-18.55504732079879,-16.183436381577433,-11.253947171942325,-4.573007544308982,-0.07429039144759564,6.164694977087626,8.27230075287597,9.132074067177044,12.529527203041702,14.311894262445835,15.788054431755539,18.121400728176674,16.63531017700606,9.920546150644793,8.97753103712844,9.611057594266192,9.32746449832318,7.03434353034027
CPLW,2026,5.0,17.662258667983387,19.43670602375024,21.631286619810663,21.503691019686542,23.406799549187042,22.139583115098183,19.275745548829416,15.346934357136277,12.409388856089842,5.090270118524254,-0.7750096184035771,-3.8164532061204626,-9.047845431609236,-12.573819209337156,-12.662576958170302,-14.787252310218213,-12.292143182707427,-13.974861140173223,-16.033829514650055,-17.124988704290132,-17.308963640314634,-11.836597108484648,-6.288290337722458,-5.035790374439387
DUK,2016,5.0,-0.09080350149990313,-0.10478765704292625,-0.3180150700730411,-1.3549909034551666,-2.6507573417487107,-2.8240023830376937,-2.991114787660165,-1.9800539195611755,1.2473921011548983,1.7473763634520578,3.37704222760451,2.453572790277514,4.019101109137024,3.9895961547161907,3.249619408108073,3.36217123034781,1.9669355347633366,-0.9032276329899225,-2.9236805750570305,-7.398459669476964,-6.921210468260619,-2.990942939583263,2.199337064381801,3.74194690975318
DUK,2017,5.0,16.545538609884815,16.566073883474186,14.935217652216881,13.137980599414135,10.807004463893321,8.65338068126087,5.281011830915983,4.8443915065316645,5.532408321289073,3.964143713112578,0.1422111016752936,-2.955643251587592,-4.351717662163224,-6.972480370126255,-6.014772129600388,-7.0692208469303015,-8.555729034777926,-9.764669503649658,-10.453719178257714,-11.786373114274372,-11.674526973014688,-9.318008354660934,-7.9504350824523335,-4.219669104231261
DUK,2018,5.0,-3.9743873464852753,-4.447584173392416,-5.492955088645801,-6.4699204628866465,-7.617756165157852,-8.847947243563281,-10.467006531760802,-10.245106813780424,-7.102749753603144,2.9457942362350886,10.56385407058389,16.507321174704014,18.325036480254553,17.780696638379712,15.455531622746177,12.29425358136057,8.558952183540235,4.605619582809151,-1.4096729779210948,-6.818351236852016,-7.990579034743894,-7.794877150672852,-6.4485607176787525,-3.6688467366774558
DUK,2019,5.0,0.5403177996135544,2.9745389435460123,4.22600640612375,4.292157963316878,4.605306605462422,5.714835534666285,8.501593860522194,10.818539066418321,10.372714545084683,7.642736802253558,2.523591955579696,-0.6427025094894123,-1.807489185032285,-4.522271157675684,-5.922462845721254,-6.9310112099655985,-9.042659798936814,-9.012286194222874,-6.804396567623994,-7.355085071784595,-5.7407815037301635,-4.870558055369223,-2.244203216579188,0.3362078009003122
DUK,2020,5.0,1.508257528337864,0.6994442236669562,0.8050307370328524,0.8677154969121137,1.994497649249083,3.0709240893205925,4.026846090777325,4.36840284849076,3.563920143626609,4.011294131421339,2.0635734091575486,0.8126031660097954,0.6906849425277417,1.12569807759475,1.6507414409743904,1.9613485732410063,1.7256138613510275,-0.8211744686951628,-0.9258295599332333,-4.428225372105898,-5.497828212628919,-5.274270462818498,-4.757980612437496,-3.588542478041723
DUK,2021,5.0,1.938164041117496,2.1906237109851623,1.1892394827025088,1.6030349015172085,1.9061607607203213,2.1716812118374618,1.6540219430388303,0.9234468609542912,1.9826933448036765,3.612825453613766,2.8041817523334123,0.60264594547359,-2.3851193954188776,-3.631936903891686,-4.824793413031236,-6.856981739060586,-5.789394926573477,-5.428128876442684,-3.9252601035922874,-3.984632520551301,-2.436514200167972,0.8721709913579678,5.443793465614788,7.856088893762514
DUK,2022,5.0,-17.064510700381952,-18.36424071958914,-18.176097245269318,-17.956464761460666,-17.579664127831542,-16.921681807844568,-16.00006343648317,-14.538457823543405,-12.009764209721896,-5.732689261869917,0.028789412427809857,3.3226595962338568,6.357126834417281,9.238602137429087,10.815317079017216,11.55866255702076,11.278382058744985,10.28859081587068,10.41432517169607,11.134440962206993,12.979132393244885,15.88441990623557,19.985780578431577,21.263558004373607
DUK,2023,5.0,-6.20218581239066,-4.509006127430437,-3.9128800839852818,-4.014588128293994,-4.479292547193426,-5.52127229113194,-7.105675936613853,-7.09023115235643,-3.5840375075826048,2.495569903098027,4.118572002168874,5.930559692860471,8.939051638978412,10.370720155877189,9.718867808858622,8.616819505622942,6.799980585674392,4.385798132829377,1.7437762785221134,-1.0585355998961266,-5.345493278568725,-2.7231521892861377,-1.3677173787808972,-2.6111800973498855
DUK,2024,5.0,-4.716546067824911,-6.565601579095926,-8.102321816522862,-9.170122255711476,-11.25478720476928,-13.083783434742491,-15.173436893268965,-14.800210092754451,-10.727666723126461,-3.4541005999289,3.6824307319240246,9.275907733246026,12.011533008838837,13.710068292859145,14.869303162890668,15.510309143646317,14.175094131034172,12.509803271569876,7.575213991765017,1.3276792640436907,-0.8076616008437121,-0.1651604757858971,-1.1544485307433683,0.44572775657111263
DUK,2025,5.0,0.00861157363628573,-3.1287918287615124,-5.610838050508038,-7.164811491083755,-8.826276084974083,-11.138879739597119,-13.755695224290898,-13.769824744540838,-9.859626165899215,-7.186521518704314,-1.015571088665479,2.237938819585361,5.887029625877382,9.971656476963876,12.939577474215081,15.837601523973033,16.210120215581835,13.881213274781334,9.911884802096926,1.0966794808570546,-2.180526857335341,-2.0767982090377446,-2.678776628381918,-4.120361879751222
DUK,2026,5.0,5.357776011868354,9.319550052225745,12.660009708835096,14.518389135713427,15.78283365307117,16.50452671185958,16.552040251932766,14.72672436782798,10.412677475622267,5.562341368844104,2.201140936082213,0.5973557296025556,-3.0518027192049657,-6.063731517669179,-7.948322065263403,-8.852061137806121,-10.124245036295754,-11.372521317239459,-11.435096633594387,-12.75959096810696,-12.094053787079096,-7.330803547056086,-2.851106056761288,-2.9368829524203943
EPE,2016,7.0,3.883595071728063,4.638440900535046,4.977785807340595,5.692753753400992,5.237060933646143,5.498284039378243,6.5199178030394656,6.398672283941265,5.822756510646232,4.78611101096571,2.109876668120525,-0.42665549706536465,-0.5301649654199214,-1.8032341619340198,-1.7071373955323543,-3.263195602239577,-5.833784128549024,-9.756445674475145,-9.232328549319014,-8.920948588770482,-7.198795305502115,-0.7979965879329143,-0.6937911544660835,-0.8733991071950609
EPE,2017,7.0,-0.3545026194038625,0.034383883624189426,0.5594110661276908,0.7433158525196659,0.43514868014977726,0.18509176994716547,1.9302773958557617,0.9921435093310005,-0.3798636310443415,1.080628393989913,1.9423942033650943,1.084524572730916,1.7570114041907225,3.210446232959807,4.053960255284417,3.282438045122449,0.6747092936618015,-3.890293969765901,-5.643800367177398,-6.406238113479357,-5.059657250269689,0.9660668431840991,1.0502870818115406,0.6999686076386236
EPE,2018,7.0,-2.108770618114897,-1.6789101118266925,-1.457908928478402,-1.2915461169678233,-1.0438135168053253,-1.2769565605619926,1.8663976981476038,3.7786963396898243,1.609071506708104,1.7551809683967856,1.936714081989832,2.3212370719984055,3.4301024565429494,3.2611523350174476,2.7662699990917194,4.111865759564626,1.4922800129912428,-0.9475350564679408,-3.184475965516298,-5.826102383003273,-6.174158088840254,-2.0362360392992773,-0.9234738313519841,-1.3345179332084456
EPE,2019,7.0,-1.6791359708976272,-3.232848780718922,-2.766735508080831,-2.1612854918994895,0.006037024967553428,-0.7669924908949799,-1.0417890317030776,-0.8870123751688608,1.333528374112214,1.2442088275966379,1.1022902178316585,2.1667251628026962,4.457289607679793,7.189890023337742,8.33967577963579,7.670879205266246,4.852561026258773,-2.2718177355254054,-3.935734524667245,-4.261198519286413,-3.3218799714516134,-2.0354252627404756,-1.075241476185207,-2.1163415271353347
EPE,2020,7.0,0.27224112869133066,0.9487851994211871,1.3280272544654137,0.09521831931277314,0.2890056314304612,-0.21116801247358374,0.0361950472896444,1.266209364328219,5.6620359535277665,6.17947736750839,6.6052340104625795,5.413836211251577,5.210731510623711,3.443488533698824,1.070321490482018,0.02840106034077694,-3.592901259078818,-7.304931778282819,-8.469023965993605,-8.936275473457101,-6.566518832018442,-1.7201389604110107,-1.2196110227873147,-2.1252353238924493
EPE,2021,7.0,1.9972644161688313,3.256388151863565,2.197680496672061,1.6742051727036134,1.9384429822011051,1.6015930719862848,3.3431751287400946,3.191617390077872,2.1076642561558168,0.1745619275446919,0.7701928455480678,1.4916972705846132,2.018959845654622,1.94882811141458,2.945690898443354,2.2647595567979018,0.846900331772793,-3.900031961115924,-5.970376574278058,-6.7055970946416465,-5.9727461119569725,-4.33531247297454,-4.1464979662580115,-5.295198421338798
EPE,2022,7.0,5.1102614059188145,4.829566495871839,4.2658253582128935,3.4775419109440597,2.320930814893396,2.568083586261849,2.392199388411931,1.5247319398463466,2.1991478214522964,3.421849550196665,1.1519490367657093,0.5330385718114727,-0.25323634667009376,0.27997182466652504,-0.3728093706587998,-1.132384941962783,-3.673405441271782,-5.9308427319873624,-7.949422728957978,-6.165809553887169,-3.904472692742722,0.12341962886281976,1.4095899933209255,1.64496839050563
EPE,2023,7.0,0.8051462443612545,0.6472539537596855,-0.023522569434819562,0.20011453197783524,0.35487159010964,-0.5903682522777731,0.0019240187122404606,2.009315877241913,2.6611210676877772,5.474543331208215,7.006152586815451,5.508118107784588,5.377241068729988,7.020428148022162,3.992832200113139,1.634181975226745,-2.292218060975826,-7.229018563978662,-7.805138668075462,-8.381892965728376,-6.152326039661604,-2.644430038198009,-0.7439605338964039,-1.438615784916808
EPE,2024,7.0,0.4829697147839318,0.2459586173234496,1.2484584677631472,-0.04190263108742043,-0.8199735957221788,-3.1898235853819012,-2.2467503025268787,-0.19635273485018034,1.6512305499839508,2.646305543871008,4.52011073097599,5.48069212359229,4.485667837666874,5.1067740482440005,1.1185152322615854,-1.2649108143756194,-2.629284029032286,-6.579931242548875,-6.572051383266286,-5.695630364103876,-0.19495579794717166,-0.07146815719232258,7.448609739173118,2.4443590014099126
EPE,2025,7.0,-4.791976892921168,-6.063825343971152,-6.209054634560918,-5.70963315265166,-7.09790573810356,-6.026308852644524,-7.716161906509999,-8.693452334535124,-5.387453710358048,-4.632880393662175,-0.9237247036096519,3.8521232406315775,8.242459234754286,11.06761793171911,14.121846050004194,15.17969080564403,12.356193303146167,6.351686490204922,1.3620349487296401,-1.638585598137965,-2.722676686472747,-0.1064459052189548,-0.8485343101264586,-2.1132570200720346
EPE,2026,7.0,-0.8034456602292961,3.6021587689088475,4.65892174537511,4.660791897007011,3.8669863551157535,5.2941802170975105,6.668960719335127,5.659826898764953,3.5772932012907765,2.006298670696216,0.819645364595234,2.4428468838068484,-0.894154360367827,-3.2126596625833614,0.050916433747882905,3.144241485115973,-1.4482454237389586,-2.423605697179343,-6.460743658646972,-7.8848069471419535,-6.45635868839276,-2.2647175712357637,-1.3032201529212362,-0.18663382933643557
ERCO,2016,6.0,7.851489601538275,10.470031605325858,12.664600973137219,14.621969617202591,16.484818799338473,18.61937480515019,20.71131891878646,22.432377288521256,18.16872025797891,9.50559250468861,1.6673225847283923,-3.026715494651344,-7.7834904057966225,-11.19097342244897,-13.230718172245515,-14.427970857623373,-15.026646928616284,-16.154622389410335,-16.979520421629203,-17.89761270048742,-14.852774129095403,-9.996533087103876,-6.131613124617019,-5.27648618931833
ERCO,2017,6.0,2.217848993693139,2.5103304090063894,2.329718069816622,2.3524832131238127,2.3858909581039422,1.8521769889904172,0.41463931586258607,0.05353854216514353,-0.6157124119276713,-0.8037370200417948,-0.9218296146105809,-1.0917579958700463,-1.8295935380897355,-0.9166058826453272,0.983352867997489,2.9247275199308476,3.7237944957121183,0.9829351892854721,0.07451202653434574,-3.0973995234824914,-2.9548256998714884,-1.0344089023225367,2.8180191329254867,1.9688251975359505
ERCO,2018,6.0,0.5138614011229725,-0.16053893881501358,-0.6388868299651351,0.1566932952695499,1.0164680069692844,1.78408755539613,1.0897857451221182,0.5674875021737469,0.40593585172443714,-0.32258421251818437,-2.359734802264035,-3.4002326668135296,-5.049781456184399,-4.556656502052747,-1.7841193034228597,-0.4332856701588339,-0.5294303843251136,-0.3268071398589534,-0.9681270766731753,-1.1318392221707718,0.1882806180862895,2.4852679729369553,6.158927564402061,6.221073168084324
ERCO,2019,6.0,-2.5423629909287704,-3.209717120395028,-3.649183041603221,-5.058864319454292,-6.458109295707781,-8.108549592225579,-9.149801542188051,-9.06325158111324,-7.562782528235045,-5.075933186447856,-1.5348121525179614,1.6379905403323125,4.302151341116023,6.52362746848657,8.360274870654516,9.600052659442305,9.704338585925099,7.169044954639858,4.1739960063805315,3.2721233055896803,1.5529893560752628,2.203017219226844,2.575208061390377,-2.1571595367834373
ERCO,2020,6.0,3.403799624111603,3.843010059890206,3.8722942223813006,4.235846678817623,5.0991566573733715,6.41778334110481,7.58453007455514,8.939171450187322,7.766299724272718,3.6478062050544713,-0.34475620455574063,-3.125062185510785,-3.857752387209601,-3.226861642566281,-1.9690912912172065,-1.331658027035587,-1.4413306501183776,-3.846777614583896,-5.558978888975852,-7.250634707998915,-6.883745765645188,-5.950618262339424,-4.120494032561329,-4.8576711096262715
ERCO,2021,6.0,0.23754785349061613,1.4680637246966777,3.474630019538749,5.444946332609069,7.494295601093059,8.693346326998608,9.476724412296079,10.30077108645484,8.823185468833938,6.064276796102397,5.497276838030429,1.4540943724369093,-1.9027223545788674,-3.8872321475580285,-5.4197319799379144,-6.203937608170362,-6.870863285161544,-7.183130536700588,-7.268205047133769,-7.534832651109213,-6.47703186053199,-4.068656382996538,-2.3706966749936,-3.4767063239522944
ERCO,2022,6.0,4.348864225245497,5.442493646249846,5.826152460843481,6.103835900404753,6.624241322580482,7.1413119702185,7.55247528064904,7.42448941045184,5.263903296468708,2.9837595293182195,1.5424776489991299,-1.5901789645135334,-3.1004661057250638,-4.153623953832531,-5.17138477050143,-5.813902235403912,-6.083713066549123,-8.242464702688302,-10.18035231478872,-8.935787158842146,-6.8761473960199275,-3.420735558471588,-0.9351196995783906,-0.14721211278256874
ERCO,2023,6.0,5.777355577559273,8.612736766794548,10.42978752856769,12.24921277314941,13.064075432839617,14.305686727794553,14.554716915516897,14.945758804563525,10.733138480902472,4.877650219339191,0.9366098050716198,-3.336141005842652,-6.305973330743497,-7.261437431282591,-8.878569080859588,-9.770547640887717,-9.492085686241403,-10.81076939596446,-11.776153916415154,-11.152688864692262,-9.07112981088366,-6.778777245778467,-4.527072458782366,-3.266858517879667
ERCO,2024,6.0,-5.369801287940035,-4.8333140239246735,-5.596620005308061,-6.060567760013392,-5.9440030859508886,-6.8213535388804925,-7.079127428175857,-7.591241256614289,-5.532736797196181,-2.7457121810988028,0.5634249097028476,3.9115685675015888,4.270916425642746,5.901724585861046,7.276663034514508,8.04507668229746,7.616577158021864,5.391297154703389,2.3839424919731567,1.2119487123152917,1.1594546456324073,1.4933380494984494,4.96000765197826,4.2452235387619215
ERCO,2025,6.0,-1.8401424041742498,-2.1783280185842413,-3.8247026731107803,-5.435985338121152,-6.630935742361766,-8.045045100256488,-9.753901929948983,-10.364405539106048,-8.759591075089013,-4.580638654027258,-0.5651948873742096,3.096440094009001,6.407162729619809,8.328805964544173,8.708602933530418,9.105031519328243,9.026147188338985,7.526538420661222,4.200476730601244,1.3019116723245183,0.5349855932489378,0.05042474554144416,0.5164420008026749,-0.2993151673318706
ERCO,2026,6.0,-1.0042267156116114,-1.073869653545445,-1.5209764577018725,-2.528849765565455,-2.3251872734923573,-3.083254629549348,-3.5896415948659777,-3.281643636375875,-2.0533508144323753,-1.1241336866195661,-0.1415139016732736,0.6375656300681376,1.3455573431144785,2.8462219224240526,4.274862992635864,5.721997343900509,6.816235686522187,4.793847553335673,2.4287641784481506,-0.6982178215292567,-2.74856426755159,-1.452790439514895,-0.4348965569804131,-1.2875438689531116
FMPP,2016,5.0,-5.099931640731182,-0.911040170247257,1.482229517708178,3.8596144205243266,4.877051192715253,6.567008816249132,7.596258008976131,8.769123368130138,10.326121208431305,11.617229052040724,8.597438192098306,4.91164342290662,-1.3874292691893997,-6.759844574980178,-10.295779343204837,-11.06886167521024,-10.836652533576652,-10.361417675383422,-9.236845375168755,-9.993693016455541,-6.014952406639651,2.0409508369117813,8.077261068642748,14.372836259680554
FMPP,2017,5.0,-1.593167219077407,-1.3746840923737014,-1.011143113890045,-0.06000409192852274,1.2675167778439578,1.8008115166030403,3.2445171596167333,4.6079123223245695,3.2475996151522635,3.357019084221635,1.7443566644662178,-1.9334927008109348,-0.9735217191378487,-1.5924836706552314,-0.838535823540143,0.7365423007551053,1.2718159597554735,1.778505258497498,-0.43608549694802434,-4.212724159603609,-4.577060484875717,-3.030407125389911,-1.1501456111848718,1.2285620997355973
FMPP,2018,5.0,1.0499775581981452,0.9247936947708202,1.017556839328193,1.1229674913258325,0.9503829908368733,0.7374268527451378,-0.3606824879312076,-1.2596371069603207,-1.6944350849292578,-1.0061682486094847,0.4615954164139957,1.8592748010535232,1.0218582747257399,1.1123459975785677,1.0834919113885233,2.3984273871155315,3.0412587221950504,3.439674195304221,0.8427325341339387,-4.739486018223138,-4.367825092239808,-3.7027909857878516,-1.0026330612916468,0.34636697720805687
FMPP,2019,5.0,1.3429336584342089,0.9314597801493463,1.986960698225293,1.4377267715016684,1.3039821669239227,1.5489495444077406,1.6673483344139317,1.819201098761558,3.708062580964455,3.66179984049404,3.0321670885610885,1.760900152346423,-0.6728856452090648,-1.993254888178475,-3.5189928741520937,-3.1240948419356096,-1.3914041675786581,-2.3200432690899664,-2.1794766996324766,-4.091095228910446,-3.9550734862273895,-2.442210607771922,0.4388065481363945,1.3618510792002603
FMPP,2020,5.0,0.5518002376876052,3.896983300169299,5.944981489069434,7.7303269581974305,9.035476244656982,9.390633452960861,9.481245514907199,9.15669251526432,8.534893369734498,8.818984833762688,5.9813992417490525,1.1143476938179075,-2.5637292169722103,-4.976675128901342,-7.511462091660459,-9.13272523107831,-18.13076734720903,-8.478942670409339,-8.984628366263369,-8.185567055336996,-7.7109578567958525,-3.694692295388946,6.9660709553488465,4.338977533089617
FMPP,2021,5.0,-1.7239547496756602,-2.2987951757274083,-2.5856782290748392,-3.7731673460423054,-3.9688418806444137,-4.620231968128152,-3.2881343069537383,-3.8050914914641076,-4.728537992378934,-2.2410312587678227,1.3230444895174998,2.9783688613109316,5.537204745155355,8.684634723056073,11.682246094598604,13.557383198279616,11.548010821442322,7.307089343704032,0.7718438270741812,-31.044204423034294,21.567626312025666,-5.55211961699269,-2.7700320848639715,-1.2645439628218957
FMPP,2022,5.0,2.2505681094694308,1.2030925236335532,-0.3753516937019419,-1.1238349052741015,-1.3366862760454734,-2.0624172509463135,-2.9366773293730164,-3.105598943480037,-2.9246634591735488,-1.088588586399264,0.15996526230419583,1.5327349601785167,1.784128075146052,2.5540955553351896,3.7024093316456286,3.1062380571315718,2.3128728400280796,1.8972678602311888,-0.9666914277325134,-1.3872077275396633,-5.608382188312722,-2.7056539056926177,2.8940184596298546,3.570420930253282
FMPP,2023,5.0,14.997214302742668,11.647244048349725,9.52754046975095,6.846577355686323,4.118893641365185,2.7285437620140462,1.8768972893427383,2.52325547956469,2.9214142619550465,4.136994463778598,4.680126532759754,3.4064257253762387,0.014717304333489167,-4.120854294362397,-8.2583261281298,-10.318209904166142,-11.725108460184996,-8.55552431701241,-7.963114485041967,-8.115208499119287,-6.7966487146879695,-2.4502132119601727,0.9350385249461524,3.046083407306255
FMPP,2024,5.0,-6.008536832604916,-6.818380642383348,-6.5674460236691985,-6.82179231711888,-8.167531862013632,-8.689104041063434,-8.649133774095052,-9.38982768595007,-8.318079696285984,-8.249609942754976,-4.823250164248605,0.0796351609410273,6.190931011201006,9.2766643757211,11.535027609887806,14.918050360427792,17.08510823649796,14.174748016020855,10.350606828916709,2.5490348270641228,-0.11817561263265386,-0.046654056831751944,-0.11883178433681474,2.7306230233322126
FMPP,2025,5.0,-6.7616866848198125,-5.627777292985803,-5.769795737215899,-6.658123324541842,-7.461887368397169,-8.526930687803846,-9.078068872925238,-10.113203115746627,-9.464928307827957,-7.595965685685869,-3.651222663830511,1.4352389346819372,4.47865895279449,8.122419127981729,12.620526156069655,17.047590015199688,18.752857550701485,18.046026824801274,11.02912196091932,5.335429285783944,0.789214330019683,0.5150262940969652,2.135262265186999,0.4230756895141963
FMPP,2026,5.0,1.453696481073985,6.15045821100556,10.801137488653524,15.293298144943645,17.92974421590835,22.314488255275823,26.588788283927954,31.024229268402138,25.415792855290253,13.614033909094259,0.21869659142739195,-10.587264459574586,-18.38527138805144,-23.583310865236527,-25.496088027391828,-26.662502115181873,-23.919693301104527,-22.06978453830859,-18.76583943795136,-20.369594438845205,14.912001910031902,21.659296008993078,-7.920379741828509,7.887992240889008
FPC,2016,5.0,1.2288016475160424,3.8260614375758006,5.341366005123116,6.227778862101485,7.388125557106262,7.247575176973287,6.233675084631063,6.480053205867664,8.66305199242805,8.858577942400014,9.418886794304115,2.5197954166703784,-2.1845733110106735,-8.493691464269093,-13.506636555429141,-15.94079869883398,-16.200604859950563,-15.608813564174639,-10.45649338019119,-12.692241593811504,-5.818614874561612,3.301501647898286,9.757095423259033,16.32005321127584
FPC,2017,5.0,-0.5767672615710095,0.879611984039419,2.700444538126401,3.5526487729753975,4.934789183049427,5.089352820699911,5.576669262022616,6.723434141965178,6.607230780112772,6.747883893560513,2.8164739517908988,-1.8392873926544429,-1.4353155101926918,-2.8839030322620474,-4.338415085522929,-5.451124385230699,-6.227849224082549,-4.909766981612584,-3.0150654776978314,-8.006429108255041,-6.351709218622936,-3.411169540842307,-0.36525868594449173,3.6173113736616247
FPC,2018,5.0,2.596651224048896,3.3527136067050045,3.570759250362676,3.200474576672052,3.1636708609367403,2.4521231922964293,1.0416056964334897,-1.5358192389485104,-2.500020461258856,-1.9932123738305885,-0.2600227262177679,2.9934539557793904,1.7782683459278914,2.452633563056583,2.2146683583863513,2.292429059779022,3.2134720322779087,2.9264963247137787,-0.735618204785693,-8.010311515913692,-8.035989391480246,-6.40001086192592,-3.0240525984916666,-0.31459607540678114
FPC,2019,5.0,2.5159012773307676,1.2231876738426628,1.5314727680438955,2.841358175655806,4.709855935907681,5.966357242866838,7.314367854933945,7.175150971294242,7.69436373537411,8.457040760085688,3.9431928128783156,2.787986328038472,0.9914543896036854,-0.29153545986750906,-2.341807400819018,-1.6002498021657985,-1.07759924944002,-0.11025749091562176,-1.9672336338846463,-2.852305403725386,-2.3632618663808502,-2.4177217671877083,1.2083734268461321,0.4931462407728904
FPC,2020,5.0,1.116755014336801,3.220885075334301,5.484465234432035,5.562685258032163,5.758173919093135,5.456487062052229,6.129828511406399,7.09346457917337,6.188551198077885,6.393870607658481,5.493394891577119,-0.8798913404442388,-2.179412083466259,-3.2859477049695607,-6.787548924674325,-8.703072420546476,-9.53140240814051,-7.339816955945344,-7.906967272434184,-8.581968523387484,-5.043775151382568,0.7106079185593028,6.876661151112651,11.966560027692086
FPC,2021,5.0,-1.0980814079619927,-3.305585576415626,-4.657129993841669,-4.6561508545297725,-5.453253405475178,-6.37361016317538,-7.2128062733984315,-8.455002701023663,-7.235999050506525,-3.413191669384519,1.3645322254967729,5.931035609938706,6.712061090942001,8.53107307022556,11.494527957956201,13.19947963067849,11.860701829687436,7.594103323094248,0.9727070109376568,-3.9601880493462804,-4.122074941842779,-2.1455821417359022,2.337896674207829,2.4653787454689713
FPC,2022,5.0,-1.6403765666961,-3.1652718066193186,-4.875779289609394,-4.611725675406319,-3.758216156288452,-4.321617599225791,-3.637823718690969,-3.0618923048642666,-1.5807236137435843,-0.5114477879193169,4.604656994984735,4.695915288659447,3.1734647459728427,3.9415117687461976,4.26491401301845,2.574693979952425,1.4194960261657785,1.3909038893862524,-1.0959608165335366,-0.8373932879925272,-4.016439598726684,0.9600195860415273,8.99069604541306,10.589048937277013
FPC,2023,5.0,6.482282349971802,3.241228784198269,0.5532454583218493,-0.6987403242408652,-1.508010855390518,-2.5939886102374743,-3.399319498915565,-3.0132389294636353,-0.9880967720980904,5.668260524139002,8.036272801542776,8.655480375120872,4.101249584931876,0.4979133325937468,-3.7660552719714024,-6.95329959512192,-8.050757116322348,-7.15047735551988,-4.973935106913352,-5.433366608848833,-3.632934249786901,0.7996864072450593,5.339707235897595,8.295498811937263
FPC,2024,5.0,-6.169168861152741,-7.141841708723873,-8.23107752186074,-8.788672474848935,-9.049124924712281,-8.499049401706227,-8.525392123800623,-8.973582225371935,-10.22669803420312,-9.956129555295135,-6.7609166635547835,0.47992468280748657,6.418660397018994,10.68045786317786,16.35925740854749,20.80767684086977,21.20279037408135,17.90178046180937,10.120918620220841,2.981800751101815,-0.010103538088412911,0.9704490778335906,-1.9007024908576087,0.8491926185176357
FPC,2025,5.0,-7.071331894513011,-6.657704639584095,-7.116458866723352,-6.833918744172585,-7.0466319668606054,-8.000023847828396,-9.645899770329269,-10.955104771617496,-9.950968833440454,-11.514231079622261,-7.521522116593005,0.42680189406785196,5.626984368368637,11.305533906661914,15.534434809364717,20.971519635729543,25.610242664828164,25.52175736175495,16.294152718633725,8.763922166575334,1.5984054342556009,0.7499536831360842,3.740953498440447,2.5870373027417237
FPC,2026,5.0,8.381361549176624,14.191008321125842,19.842095361200595,25.641100231499593,30.994641132021794,35.78027772151662,42.92385928374658,48.41757943828778,41.31468316624123,21.824064661228306,4.1289036989660355,-10.809432697661958,-23.48738904003651,-27.319182658644092,-30.649090211224596,-31.907064729030633,-29.607952536377248,-28.112503796971623,-26.83672326153563,-24.8512375923695,-21.971303055080792,-15.639124453930576,-7.321615849673712,-1.3178826231694862
FPL,2016,5.0,-4.300050965827151,-3.510820285454974,-2.1384522606513356,-1.4465354295808308,0.12772737004139723,2.399934509050372,5.092769944190345,8.133846142878642,10.256346674586325,9.76275482069131,5.6869226088715585,2.5002188779055023,-3.4419483967172093,-8.469711712105553,-11.20379427525946,-10.212042237637098,-8.925888672807524,-8.845340547930313,-6.166966262529305,-5.515867384358253,-1.021343545295661,4.336908517902605,10.243142572143338,14.574149009534242
FPL,2017,5.0,-1.3435392147680858,-1.431635275523624,-0.5495126586933963,0.3189366287812079,0.3372147993599417,0.792247737012497,0.28281195421017147,-0.15547161171832746,0.2681383186185271,0.038943415614900445,-0.737679722796325,-1.0349265673456287,-0.1983410102314176,0.5486247574896463,1.364416983677863,3.0811957981687454,4.228926667321908,3.2856532412545603,-0.15314325015098884,-2.9094786482152912,-4.071953142215978,-3.5604186011109595,-2.3738049925390414,0.11012713726953338
FPL,2018,5.0,-2.0438427326337494,-1.119314084022216,-0.9781201108120086,-0.6598797493745256,-0.7118284773864891,-1.2523341793667653,-1.9173389473650548,-2.8547384408370013,-2.774610763543872,-1.4704005413883614,0.8209422624036566,0.9704786409040489,2.501358035956347,3.5118755691039727,3.9845867189484574,4.679631227580838,5.305845131407194,3.8697152788020883,1.2454583496148919,-3.842668065407584,-2.4981001416244153,-1.4020323554235548,-0.26188853951887303,3.8142730156580096
FPL,2019,5.0,-1.2265825921215834,-0.6556278174769004,-0.6796472135910059,-1.1077948441727048,-1.1039672728012984,-1.6097006146124526,-1.5089341636618125,-1.2852689088193259,-0.6214962726525997,-0.3134628160578856,-1.391709178320566,-1.7305361557662824,-0.23089114623995322,1.3173093465064234,2.1712011179998214,3.134820354661505,4.3053029376040275,4.371406350370766,1.8176733734497352,-2.3771270189210103,-2.674304181486775,-2.1968683613140527,1.7472565392696149,0.6687267011400211
FPL,2020,5.0,1.4185016093359981,1.3452546536773191,1.5829165636120024,3.296839349956726,4.813684425837095,6.308017434808599,8.285180146092552,9.525582166677736,9.341568623965358,7.779353738468164,4.58457424021681,0.05727678577953643,-3.573544804371198,-6.969437259308653,-9.378494366958945,-9.82952688562666,-9.14562549686979,-6.915420033818798,-8.036838944866798,-7.856972137970364,-5.616759393030857,-1.7194056208317043,2.557534211824508,6.152424542145418
FPL,2021,5.0,-3.7657248003154176,-1.64584086183035,-1.6669138346239842,-2.7907985528625834,-3.829345571682641,-5.589352028839212,-6.994472693825504,-7.84392586224496,-5.491391044563043,-1.4643228478410597,2.173040087833855,6.080313060339759,7.203858493204374,7.596360873958585,6.657275985507982,7.508497463291919,7.478548820003672,5.836455531510931,1.1575894905157647,-3.1528965148938104,-4.040285602646865,-2.0219853725814474,1.1714966237944435,1.0636367104367217
FPL,2023,5.0,15.453654445313635,13.627684352146519,11.48287643016247,9.762291558720248,8.536810468378908,7.073350366818576,6.159625360010246,4.804580348636744,4.134274090598811,4.540847563673589,3.9706248485048334,1.8299967108013515,-0.3499689653672977,-3.159379179338262,-7.788012087657115,-10.590680083729765,-9.445056405895592,-8.974826220325527,-9.997918125356575,-11.009523709843139,-9.810814170638405,-7.051044587777156,-3.207066235678524,-1.2461317601446975
FPL,2024,5.0,-6.878268753823347,-6.766790041334259,-6.618843522146623,-6.70303811913564,-7.633360106992793,-7.999471007770231,-8.338369800704692,-8.9905560172739,-8.48326419244807,-6.482347749019546,-2.098721346653365,1.0139384825808007,5.83109578389609,10.985979060647889,14.72345703954665,13.48674504718208,15.20230396216824,10.649232546238041,3.1924264450127193,-0.7113691022069712,-2.8692784637059043,-0.37122056032357076,0.3643599747095161,5.9642442710686305
FPL,2025,5.0,-3.318588893721819,-3.382373903659419,-3.638064494033044,-3.8252788305794483,-4.30303320653469,-4.8033416538789115,-5.55489060193981,-6.431072223627954,-6.374085631359239,-5.099118418374038,-1.7284012655350622,1.9475561072253234,5.214856425992043,7.040326117229179,8.696057702042804,11.379583374468204,13.904437429083337,11.072979580510456,4.296458823942895,-0.6380658839614917,-3.4459950028919772,-2.2841797425609878,0.5570261069097526,1.5253763631769668
FPL,2026,5.0,3.287002164563113,7.486029917952585,11.745787474319924,18.168176721721274,23.458894653064288,26.160306843735114,27.529123258860434,33.87477836808951,30.332758046884088,16.079350997348318,3.373331980934968,-8.405361306978998,-16.93850451711021,-21.179793802441026,-24.017471978271278,-22.330557416817708,-18.958997627995487,-16.8724739701126,-15.161388972525058,-18.3208916817841,-17.088454379674843,-11.942826914758275,-9.152052528011467,-2.5022762889901684
GCPD,2016,8.0,3.485250915666349,3.6567515142927,3.2617995206527084,3.4586069812505116,2.8560829621498973,2.7559793673359145,3.654128829671932,3.9016102587834167,2.2045231335278137,0.4638208155297807,0.1225157821906464,-1.3364451562272839,-3.7284763752628125,-4.254677893795011,-3.143563233202984,-3.8776406488041038,-3.534097569231631,-2.9253019357001864,-3.2703038541299745,-2.4143621841826834,0.20522504152611365,0.27424953569097354,-0.057964101921037514,0.35764928717606503
GCPD,2017,8.0,-0.17232470832049263,-0.21059507981060488,0.14611030705794503,1.2393116643817592,1.6992198822306515,1.5592921798470494,1.4709984608902271,1.3778244784773408,0.9182522629671119,-0.3650811817984101,-1.2514610272394755,-1.8847661031965002,-1.2651692520695978,0.44520636677193304,1.4721622995793715,1.445084930101892,1.3033565055118879,0.9667486269964054,-0.22193143035000862,-0.46308872350842023,-0.20763297210444343,-1.1212647603884185,-2.062905086180855,-1.8733590472364448
GCPD,2018,8.0,-0.1359303357152286,-0.2470480008623599,-0.4844628528685724,-0.7231955888730157,-1.328845282118285,-1.3049751608159244,-1.1277328129765785,0.3118184987206618,1.7369919279899726,2.125498243693791,3.012062465484977,3.0101026622593285,5.197567346073539,4.805141423918413,3.5680121128998654,-0.9573462705058433,-3.3881276719642917,-2.0905758541522546,-1.3914461391151045,-0.8057469607208878,0.34674630662701045,0.8988643899610738,0.6110589645328846,0.45779141724272554
GCPD,2019,8.0,-0.6823226079648359,-1.1390357722017463,-1.8339520086382621,-1.9235684367656214,-1.5241117538524085,-0.6454201791000092,0.3618143418770092,1.4235387043481929,1.6635531765054834,0.8351401972087169,-0.0358031242933432,-0.25844437798580033,1.3524840659770665,1.496279547683077,2.2668565477655167,1.0829661616714281,-1.7160252454566427,-2.9139029641734315,-2.7130635358976862,-1.6998950676733626,0.2653070150022252,1.776013174910318,2.514229579553051,2.4339322135279007
GCPD,2020,8.0,-1.6844652589030118,-1.0504853170806183,-0.4357261128834722,0.001831173566946287,0.8519792638876256,1.8978415328471332,2.3006190136675375,2.7377056819725576,1.8087221211417592,0.9636604577131225,-1.418369986754442,-2.236375026612658,-1.972814001075951,-1.5461255593148926,-3.183708494172144,-3.669584044108043,-3.525861718282719,-2.3684498171245183,-1.1173187260239192,0.9745238069689632,2.804045806946509,2.942908575776637,4.197283559016096,4.07145409500953
GCPD,2021,8.0,-1.5307131223857517,-0.9447638721496232,-0.3412103576135306,0.6080472714199203,1.0903990053392265,2.1201159075419085,2.6768302786304154,3.016643819533371,1.8434245024031792,-1.4625182269245585,-2.4885748885996706,-1.5165482965449617,-1.501488121867689,-1.1036076759135094,-1.3704398445175126,-2.8954163582871395,-3.8731154064663764,-1.5298184603927623,-0.11465539062442964,1.155520439130231,2.8213634153776757,3.4383995474964957,3.2981585490610144,2.95426809103404
GCPD,2022,8.0,2.762633992003849,3.799495150653387,4.194334404406885,4.350000984985503,4.714477418102514,5.072631074945155,5.304790353147637,5.007616050394681,3.399115134471664,1.1505793079286342,-1.2607133541812754,-1.6965238637884905,-2.332590935563439,-3.1977561991920367,-3.8788657230315104,-4.900197503146064,-6.0299139919695826,-3.937068693135204,-3.3086260728268035,-1.9875385430482728,-1.5251365210633194,-1.1923671131441993,-0.8982749546022295,-1.5739231185285751
GCPD,2023,8.0,3.0617404700592266,3.3260370726723387,3.834023436454892,3.8423889506081776,3.802995217341798,4.42242249333622,5.766978132672107,5.585200436535165,2.9963081296686234,0.28758173417482435,-1.8182575025450176,-1.4398611560081487,-0.8977564410468486,-1.03302940065233,-1.8990124990252655,-3.3209043957219797,-4.660031525477281,-4.97193170057032,-3.5090294803704403,-2.5868531072221757,-1.7880506807576024,-2.036246625417526,-1.636243192489284,-2.0348255273116234
GCPD,2024,8.0,1.1945774413422927,1.1112028222673098,1.705869554453776,1.3635552502294312,0.8549462626347815,0.19062997624290645,0.4110009667326775,-0.39189518859308325,0.29224441460800055,1.4363515226372359,0.9091591015929712,0.5886351828545466,0.7124303552280664,0.5936824699847687,0.43126491744952533,-0.567452187859907,-1.2847929920382306,-2.6125948824536893,-2.5000883362321646,-2.3754524708943237,-0.5857399571649324,-0.6570005906745835,-1.0308522662772601,-0.9948249211086391
GCPD,2025,8.0,1.6308814944722805,1.6702024084391254,1.4048750491146622,1.3169996176393917,0.7064557596490939,0.03999801492153843,-0.7077015624401772,-0.9722750454194795,-0.2696069047178007,0.822377663189533,1.9821348441292796,1.7187913043304248,1.0910726132097759,-0.14617225286090996,-2.46361809355522,-4.418188658613809,-4.1765358162552335,-2.376665955576507,-0.8414729828846501,0.005971924165004694,0.2717347206591114,0.07479499516542809,-0.13062282220807075,0.036847917834137434
GCPD,2026,8.0,-1.3902590475583954,-1.5273975858113409,-1.0114967333070601,-0.7323123731677317,-0.7110963530259529,-1.1597003693009533,-1.132733855787449,-1.0966754883681595,-0.8920256242605618,0.2769813828150891,0.24837460972728653,1.5080166223509939,1.6471730858025335,2.201522123330202,2.9063008602650653,1.79718580158027,0.12453740039898298,-0.8561223716442523,-0.8616459489698469,-0.9997674959311809,0.6680213268539514,0.9258431706805847,0.9530079119959622,0.6198755062790551
IPCO,2016,8.0,4.0185599431830195,4.2028216119632145,4.306399103793456,5.070883692368488,5.606295093227143,5.378940572935442,5.528407716234107,6.327821237656472,5.03958857485689,2.02379253138385,0.7558000214895166,-0.9086825376960261,-2.137401836811448,-2.258902110240091,-3.1331842956668576,-7.44292128845011,-12.712820617806475,-9.67346602033925,-8.100707202402212,-4.997727803266017,1.298579854357862,2.095999777672397,2.9030414604031995,2.740681465667172
IPCO,2017,8.0,-1.8655222861877374,-2.354373548569777,-3.1506310171088625,-3.2945851742519072,-3.385824399944415,-2.472684498206268,-1.5425598215454972,-1.1349174899938363,1.7560123606753297,4.932139144377001,5.4539552184963425,5.603385398165861,7.334015130790483,8.203717538758681,6.598822590998288,3.9458544293376585,-1.3945808914638702,-3.085482008524476,-4.692449836290291,-4.476077105461074,-0.8685734338177209,-2.1532081792712487,-3.616723479945283,-4.4485575791044285
IPCO,2018,8.0,-1.9237420155057916,-3.1484889630038815,-4.294979171528235,-4.765903641152313,-5.279722512674456,-4.882325175157021,-3.1771377749545193,-2.331542108111617,2.067697157418902,5.334892045674278,5.166398560452301,3.7889218430029903,3.407844404892113,8.584721062293,11.64388340834842,5.028306663784132,-2.7923370835442274,-3.8410739432594765,-3.1301615745317424,-3.505670226641633,0.0874721078621965,-0.10740630025476428,-1.6059287758394603,-1.842095434715263
IPCO,2019,8.0,-2.161082043274609,-1.9732200804695177,-1.8458619420644973,-2.91743885776542,-2.905712523176318,-2.267664421210469,-1.1132851103728525,0.6149886363245871,0.974805028323189,2.5286010815469773,2.9618071607108387,3.487350843269188,5.212157738474477,5.309084056932201,4.731679909771891,1.6854689295150438,-1.129332831286578,-2.5888506751702067,-1.8162034005557715,-0.9613489801097108,1.259076214880639,-0.29083446126094703,-0.5730850251574715,-1.271614129880283
IPCO,2020,8.0,-7.737389720658339,-8.22696699286064,-8.577948129506808,-9.48562584513083,-8.780799137550922,-8.792787859420482,-8.041207387225324,-6.476545521713262,-3.5975626590182275,-0.575017443089676,1.4575121683034764,4.192234490880287,7.857381966269372,9.275709372689844,9.357537869628473,6.659789086292789,2.589847003453971,1.6414091233467598,0.9305537476166803,3.527804942668644,7.053571045428275,6.9958356366706775,7.58627656242663,6.951147516036049
IPCO,2021,8.0,-2.9844995291155474,-2.882954995860887,-2.6374975915709586,-2.8325313382389194,-2.403676282558842,-1.5791465025367546,-0.6487655413614402,-0.6665670594824924,-1.2443140439316158,-1.7233476326405484,-0.7174054178403333,0.845260624473454,1.794963250741699,1.391151027038151,1.7867591912134717,-0.19421281862376238,-3.5938379480570326,-2.2995214504090145,-0.696386821438133,1.7770841970574436,3.979600488836277,3.524822763800195,3.1803602663225017,2.7190489592520795
IPCO,2022,8.0,4.226251552191718,4.416566894272922,5.038866198933645,5.100085981598701,6.316161802107889,6.460894012783336,6.815375544004998,6.086418227761259,2.715205170252699,-0.4066799845556357,-1.4805807595773768,-1.962756595622528,-2.014978223439323,-3.7143353934187995,-4.012494266727506,-6.938764170793021,-9.484837322289563,-9.103213571531487,-6.909289412639041,-3.2583342800882154,0.09128164307425912,-0.04576267879116136,0.31786455135069946,-1.246362177169602
IPCO,2023,8.0,3.4368396135413204,4.170765920641173,5.265291611454003,6.360887274106308,7.194482309539696,8.410830821542547,10.086537216294268,8.961195135935917,4.435051646488541,1.0309197411911164,-1.092629753918417,-2.2985085311642783,-2.295917538272585,-4.499881118219307,-5.414947170104112,-9.310921831100627,-12.479059248737755,-10.995880407274116,-7.538286283910156,-4.059214340912454,0.05034303751139113,1.2853759290374356,1.0931080208309574,2.1404677131520056
IPCO,2024,8.0,3.6384780187974752,4.795947557023705,4.991883585628165,4.163702017139126,5.344718693247453,5.158513013797473,4.870275037543714,6.158466301650312,6.284189361216397,2.901842591459114,-0.6513642302701239,-2.2637459833059093,-2.999835539648965,-3.00683811661,-3.333508367075877,-6.237459452087579,-8.295591373197574,-7.202584557081648,-6.885361172172932,-6.040657719395837,-0.18943232139376764,0.26139983801916067,-0.36102976307681445,-0.9443327854763761
IPCO,2025,8.0,-0.4710100163527686,0.10983940004287707,1.0131336473980124,0.9665945271422838,0.5023003181752639,0.44845320074430317,1.184559937331553,-0.11920892575394415,0.05812713763690969,0.35085117668560706,0.2909365692890242,-0.5645897149226586,-0.3921709449548616,-2.1787438347619204,-0.8229776409303668,-2.4502163432687407,-5.054041076365312,-4.534903009632263,-3.336660736355057,0.525755360362612,3.7183360675379973,4.010314420347871,4.557517647442044,5.418601584270732
IPCO,2026,8.0,-5.317820976686949,-6.128552419949473,-5.669490891257767,-6.097792957816894,-6.247738654997692,-6.234350774605224,-5.355431984961512,-2.448092621390008,2.3010003138029367,5.220610297477313,6.553790492644085,8.924956547072293,10.672239985966236,10.480803227216606,11.07699386773171,7.566974502906576,0.9005115913794715,-3.2979345104743762,-3.6053996917192466,-3.11426802395931,-1.089533964911249,-1.7161295112502084,-2.1421777909736095,-2.9250879134825603
ISNE,2016,5.0,0.9274087442165291,-0.7970145366221537,-0.17666398229601032,0.46327048785588243,1.6534962955170318,3.049762283893531,4.6875043246809245,2.3979412792285215,2.476981320800631,1.5460855309234356,0.38908860221882335,-0.4396373259645703,-1.5166383552205343,-1.997975732128554,-2.547422106950137,-1.2661523666229746,-0.0664479886952174,0.8627970530871609,-1.0888574681430452,-3.9436293474624184,-2.8743806427985685,-0.7556016783266006,0.6349168560974117,0.7034055437368569
ISNE,2017,5.0,0.8244700026660334,1.3568565409673328,0.31113857022350144,1.1872903336447749,1.249756440842198,2.6521974917908087,0.30624271447088347,-0.4642586301453533,1.0066253383109514,2.405280860873815,3.012168122065151,5.1692389347981145,4.462755928083095,2.3278309984357204,1.7755336804976318,2.152751339910952,0.6205520911869877,-0.3603577193727059,-3.5578226072484176,-6.927254064234378,-7.319614124852869,-5.357487183454324,-2.6651754571026642,0.8794083061521296
ISNE,2018,5.0,3.8402772997691237,0.8158034284655225,-0.4074072465395484,0.5331458674886491,-0.04327891223340208,1.445140352186658,-0.22667139295646788,0.11969857774717374,0.7844063520264788,2.6181888533159725,0.7399367981786531,1.1411529378421381,3.6871967912919024,5.8256963901751835,5.652986331774157,5.548033153867005,2.6212744431011847,-0.3973902000545815,-6.5079569371928825,-10.814116039307219,-9.61663139569502,-5.983633852287962,0.6225298670188839,-1.2004383800263807
ISNE,2019,5.0,1.4904377622143028,2.151219658743775,2.2680080797347513,1.7098139110758304,2.133701167978086,-0.0032438319930272463,-2.4562007133025254,-0.277664045771131,1.7830041129352714,3.2597831507549913,4.9628437518068225,6.109796274364521,6.79709337734915,6.426096516451219,1.4609475422488583,-1.0272919631058919,0.25537341278500936,-1.6050382019010767,-5.776516039375834,-8.224356553868128,-6.649470586238682,-6.237496550103794,-3.3945418544777173,-1.4573542557642538
ISNE,2020,5.0,-3.686006216278137,-1.249266514918368,-0.7053930017608345,-1.376911858613905,-0.8140351344497754,-0.8737856942203859,-1.8819490324768484,-2.8363354747320657,-0.37522738383215515,-1.0192104721551187,-1.515581201756977,0.5319032372264387,2.9012573267209074,3.5834908886742567,2.497408323973538,2.6098692216221187,3.925225653230191,4.7575605811442045,-0.8832935057641933,-4.499157202989901,-4.8847672643199,-2.828938834799999,-0.17510235772375538,0.12740636049177745
ISNE,2021,5.0,-6.949813335121635,-7.849397083938648,-8.687310748337174,-8.774514277977474,-8.740273248520436,-8.67088547000553,-5.946154828884353,-6.0622848122815824,-2.256409066442344,3.389461039841568,6.647784282771485,11.720983568747545,14.278320773662557,14.032304298238529,12.412899682582989,9.242272988951527,5.172194397522545,2.641791809510874,-1.2851466683501345,-5.559824889878362,-5.569678560066338,-4.323016682003478,-1.319834632669159,-1.5627553481017076
ISNE,2022,5.0,-11.851324399610519,-13.86812042915434,-14.313567942290717,-13.9266793255029,-13.427998274450925,-11.666719172439421,-10.037653452622862,-5.852440343980891,-1.0640169996743776,3.998405676285377,8.03982256734226,10.212498735205111,11.382119744781939,13.357946177796265,12.444968805240187,10.670171774985082,9.359576272251191,6.766726923927635,4.121273707898587,1.3513410878598808,0.9224191180768004,3.122991870966474,3.9689773695938513,1.9736011512838325
ISNE,2023,5.0,3.3864964982947776,5.446564676347987,4.748661934243891,2.382266675071054,2.6912327686666737,1.8763488973986164,1.4767191828751636,0.5634698357612433,-1.2775373353015929,-2.181689369599804,-3.873647116789214,-4.331005771365593,-4.762289737689851,-3.141011685044459,-2.932501042655311,0.6088913244318706,3.0744780225530732,3.1478346053930295,1.5485551747185688,-0.6533055527009779,-0.3794853500922679,1.115543874278191,2.888186180431751,4.090809572482734
ISNE,2024,5.0,-1.9567369354830388,-1.7902171413037293,-3.1388073159598906,-2.6202376487790002,-1.4627829638676815,-1.2300479663397978,-4.20486087028511,-5.4659102219553946,-3.415867405092976,-5.877189408402684,0.5999154389082828,0.6383357535516221,4.2638777350176955,5.202644531332101,4.222218485370122,2.3465361785944827,2.406881450369025,5.248983786519146,2.7711371620755543,-3.298044051298832,-1.738452941328883,2.6288533791495095,4.469664208456137,5.724011859354872
ISNE,2025,5.0,-4.292401633514431,-3.3742343270112274,-3.6548231689294886,-3.9174718608946835,-4.809074242003774,-6.139500436278467,-6.231966874907025,-5.774554881827399,0.9572786853717874,7.954399036553861,11.369230572546908,13.121799930078936,11.789481196464957,10.524413085113604,9.353070818141996,5.928302879892189,1.5447721476530285,-1.1559700537816742,-3.5971951741488484,-8.148929184482089,-7.697398793761412,-4.887039654655467,-2.9302161915398472,-2.674086576686574
ISNE,2026,5.0,1.8291505908473948,2.4895993449414067,1.420434385660918,0.1785695221489081,0.45549330868724924,2.197434384955965,2.0959941659216996,3.959312000886217,3.466423357434567,1.9146368700257543,4.023047084314646,3.7411961438615915,3.4682326966629984,0.28501637128249824,-1.680468596409923,-2.9328558285525608,-0.137945612995094,-1.573295883581216,-5.87804211703522,-7.239405746318339,-5.9140755341204665,-3.507245974262463,-0.6496419735279702,-0.5262602429759289
JEA,2016,5.0,2.8961873682136985,4.966816906078542,6.75507881613594,7.867223151198177,9.224451067867257,8.36644829879477,7.5194691749878695,7.511607399709352,7.990101698008312,8.440260987484116,8.091419825834878,5.684339504884028,2.82348303226414,-1.6006146461977733,-7.115997750652337,-9.24782586479218,-9.942967957019011,-10.44357531028497,-13.366849436502815,-14.830204220624665,-11.215224275757274,-2.9303459070866067,4.338814805557489,8.886806836410056
JEA,2017,5.0,5.105218585470961,6.526578161797536,6.287752004878566,8.553921220312322,8.292705328507456,10.750944913027682,10.681749098540472,10.222849595835237,8.103624916418251,6.936539839008216,3.8130029965971923,-0.12832069149326664,-3.1853317501378653,-5.33501779761576,-5.403365186092368,-6.32388097614105,-5.542648916744919,-6.597154554430951,-9.695029008328305,-13.237179853640546,-11.014982789389748,-6.349695249914289,-4.131721242581488,-1.1404637371532744
JEA,2018,5.0,9.196924715881305,7.918593826840004,7.732721535011555,5.960737323251452,3.902769819392049,3.4295241293474277,1.529361154088471,-1.5792564704023904,-2.3129345534017354,-0.29064712693605,-1.4845121185782073,-1.6963228753111625,-1.1536298762226727,1.4092156548037416,3.120655831156305,3.723406958544806,4.337162791772298,1.3368265901687604,-3.5115811414468956,-8.890648178392224,-7.462212558453563,-5.4145765866142614,-4.173127827916456,-1.0131039795852614
JEA,2019,5.0,-2.967440181673253,-1.6754545591265213,-0.7905995199226745,-0.06655662479713165,1.0049535804153686,3.9697667743621046,6.1711458348999155,7.025177182304587,5.484077511278585,4.521442186683533,5.717823532463773,6.677040215440977,4.674649484817306,0.6480784162645525,-3.0168138372092868,-0.46478216314915777,-1.4175852748440354,-2.3896464540666074,-1.3693174568796262,-0.9609489813591443,-0.6046861064545439,-3.778275018223365,0.8810340665530436,0.2995212848881712
JEA,2020,5.0,2.177677899159869,3.008717286583995,5.151219933868722,6.555391349364603,8.982301500154243,13.967169826942715,14.205820277103031,11.862958763598064,6.0582169447134016,5.618260308031853,5.925292400811655,-1.5590887040161983,-5.339551422881428,-4.834307532416505,-3.5854121169430653,-3.7401988543392384,-4.317107615212978,-7.677397338325842,-11.983236530569197,-11.962301100256568,-8.10557406759117,-3.382673461225183,1.2187961698240213,4.339414646229511
JEA,2021,5.0,-2.8851203277401316,-3.002762760714006,-3.1258937575494916,-2.937956335157743,-3.7644211822547513,-4.512005139655706,-4.840587129056817,-4.135164886737563,-2.7609411032403663,-1.6517024227541865,0.6602931050761818,-0.5047545237232054,-0.12745568345913227,-1.227175110454115,-1.309076442213053,-0.6616758479335738,-0.9152262407166933,-1.544208246514156,-1.2929739758420933,-1.3689844964432485,2.7726882110035156,7.909432078328527,12.615290130454826,14.876908034627867
JEA,2022,5.0,-3.4126765134203763,-1.7584988139118574,-0.9260979694069471,0.07086945558062441,1.229348608676084,0.8936466954405309,0.26857037392187255,0.4407167156467273,1.3448238058675566,3.212790535131038,3.905141283169189,6.548149093436972,5.9387779665378115,1.18436057307576,-1.3558307602349107,-1.7002605087083067,-2.808152417574594,-5.029182471456073,-7.654091186562084,-7.600545836677419,-5.874537440747818,1.638716686389663,9.384992625545664,14.537098341604404
JEA,2023,5.0,-7.806600946911257,-8.734404514111516,-9.035499937400992,-8.822260712527541,-9.369504385763317,-9.070648761330013,-9.46582442757794,-8.564886528786818,-5.560652237823449,-18.993001443682545,3.9239264025897613,5.603023686113939,5.885767277894338,5.7648989510791,4.223240140439954,4.193667849893323,5.273562444435043,9.003947766994491,8.476746217559894,6.044040266342643,4.875093161505695,8.657627140893442,13.149163012223418,16.855346187078467
JEA,2024,5.0,-7.315713069003671,-4.744692100771342,-7.1931251115084365,-6.227119917018753,-3.797193396976306,-4.148223297002374,-4.284892896984127,-4.997360320786215,-4.596662003313689,-4.737707228343679,-3.2921135735776597,0.12149327177568559,1.9741550223150606,6.093507080759042,10.269577695631327,11.995346577479093,12.366052741866774,11.246835993434324,7.9137235676471684,1.2891545773849211,-1.646964266497064,-1.1176904266594123,-3.287146096549509,1.1048390557139132
JEA,2025,5.0,-8.655860252568948,-7.391268902370274,-7.3837308512037625,-7.696920929421025,-7.95445594170009,-10.613164204604509,-13.204718140259708,-16.65271270771944,-15.596160074074717,-12.75475294770365,-5.412301466326697,1.2008444618277325,6.498415642295163,13.587295746521422,19.064625479073438,22.868535845619718,24.338171469849957,21.77222877725704,13.603534985916244,5.329795058301134,-0.8468938273307414,-1.5206514610155653,0.8282721438634288,-0.2115252307889448
JEA,2026,5.0,5.727156910341369,11.900153325504824,16.794112061037037,21.10094889162164,26.168762323088067,30.98434765825937,36.388556895452794,40.2175729420293,32.5651684571574,17.05083864501531,2.3160724559609713,-7.672697722281163,-17.582185142573824,-21.158489083740662,-22.092596683667054,-21.88722854342752,-22.177419867885906,-23.05704261000745,-23.319136848498843,-23.09076439500387,-20.41495657882696,-14.50759563013133,-7.148336904635233,-2.091758384323017
LDWP,2016,8.0,-3.1353859476709878,-2.9916384951518604,-2.270616148421356,-1.8910535088779379,-1.7004837127934547,-1.5659924503213962,-1.4745014706244453,-1.2819824079368658,-2.021363249731334,-0.3820679206771649,0.9613174644105826,1.6946381395103738,2.7930530525564157,3.796314970526282,6.025548814848669,5.9149706504712185,2.634056405396956,-0.17302750522443233,0.7978069650479647,-1.2203752662008016,-0.9847623555691465,-2.0151933823423285,-2.3211399752336437,-3.3307056267374624
LDWP,2017,8.0,-4.947720933992716,-3.7691969709198414,-3.81380479576654,-3.2003702143102553,-4.036169231175835,-5.053800062832126,-5.370559829296051,-3.908040870704288,-0.5893107433141531,3.8373157714641337,5.281791879998032,4.87883169845611,4.886229958795585,5.336205615418654,7.026155817724867,5.351167420113223,3.36025869314307,3.5084118975623024,-0.6260713888313729,-1.0938641708555075,0.6520744990772487,0.16260705391537567,-0.38435975029087466,-3.9374343099155107
LDWP,2018,8.0,-4.353401873827822,-1.2407677449525756,-0.9147936003108703,-2.0511029501222966,-2.818258656647532,-3.3094341805691596,-3.9930806138850916,-2.6173518499905124,-4.885667149983153,-1.9440238600251458,0.3698562452718934,3.100548981128104,4.957905243570371,7.4184225342030725,8.845279935179573,10.974667507126835,8.521279912892421,2.59183750533607,-2.31545902311594,-4.241186329062607,-3.6074815552708195,-2.839190752093068,-2.580076691052846,-2.919496501023844
LDWP,2019,8.0,-3.760642698460215,-4.138850582223775,-3.924446860020514,-3.5959202483680786,-3.537647588407311,-4.016499118106564,-4.797213404618583,-4.093311840455471,4.5843139763697245,16.78135026273706,18.445270443116048,16.817414475517335,17.07119188902929,16.433939156365675,9.732028880553589,-0.9957385729389645,-3.75854976236758,-7.096664207205183,-7.475182207411213,-7.335138414092013,-6.7955954983841105,-7.054889944709308,-6.633197954979941,-7.471885907114395
LDWP,2020,8.0,0.1275664301873758,-0.2442864089766128,-0.5050141985634027,-1.2934578976779187,-1.1183450595767863,-0.1761327198766538,-0.5681083595576508,-1.1943255636269634,-2.3267456490331795,3.27887556728379,2.7528601160147437,3.374586386345646,6.964655334323333,5.627029814381523,4.090429371205606,1.2069058309511105,-0.7099217834274585,-3.013230878759554,-2.7803596453995327,-3.2670198677081874,-2.7835182045604867,-2.169722459857737,-2.8839863690002687,-2.6924902566001108
LDWP,2021,8.0,5.080599481584491,2.005501628612816,2.045098079995622,2.103165599007173,1.8451823504770704,2.0899773580424386,3.2362959659831825,-0.2425002868168491,-4.65033138822466,-4.149946563793905,-6.019679201572547,-8.489612214987464,-8.179901177437877,-6.552848455553928,-4.231279102356577,0.3762384367424487,3.007458681589581,0.8185499530168672,1.7987936316689268,2.7201430685852346,3.639641402663729,6.145567043192446,7.436473310480007,6.414414632740451
LDWP,2022,8.0,-3.438927821251614,-4.202353470822917,-4.606147215311074,-4.357135311195792,-5.112904909971183,-6.339180035597003,-6.8893304200166146,-6.998491899615178,-0.4865384095203429,-7.332204626714844,-6.171675918399333,-2.2007357024271146,2.4854079042102573,7.079266537659512,10.762495435864118,17.47895918394248,17.992277838917104,9.521941068013163,2.777649023574158,-0.636815987023498,-1.225146656682563,-0.976118197937037,-1.8325544622198708,-4.014720628182888
LDWP,2023,8.0,0.861321531788195,0.4778196966608972,1.2210267345528436,1.3430899781945227,1.7260880591424055,4.816014730348906,1.1507160311765574,-0.09254263953930586,-2.504785720743674,-11.168606076422316,-4.913445805515593,-5.542765962229224,-2.6567989785184487,-4.114048202219167,-0.9886633115622656,4.229032251448173,3.438389398400532,0.4959352538694395,-0.9201432620096206,-1.8930808650311048,4.003061580963951,5.6892989553610995,2.7211944100933305,2.610890571455804
LDWP,2024,8.0,2.00054937312234,2.6543636506022206,2.83215244625058,3.1475578805559956,3.2044303655922257,3.639746665576171,1.7606173866227093,2.560393383358328,5.416479403496588,7.771404163498508,3.210959465898222,1.4891811760867402,-0.3932812334965785,-2.5864250080233298,-3.485859905349531,-4.4655105912582265,-4.6583834054234945,-2.487411402742401,-1.6728111157054748,-2.635917924829667,0.19610954777229406,2.1368837578753075,2.193967656700191,0.07753169181637931
LDWP,2025,8.0,-2.469419477109902,-2.1308410174360692,-2.4343401729523095,-2.101655598345198,-2.142123866957679,-1.2358628967804264,0.8008772114904472,-1.2870928162477369,5.046659239335705,-2.0421038963295945,-3.873672624773783,-2.7685151885908255,-4.096801415042828,-2.998946103107669,-4.096706171639508,3.7002269334216686,0.16636400927683148,1.087022688947803,4.3912550460806665,5.902285358337167,4.64586266573308,1.5048264591975835,0.5724808961802719,-0.16043781266301682
LDWP,2026,8.0,1.9630125599803705,-0.018109900567819803,0.9205708060681217,2.9089637516615197,2.3594962848602408,3.2658643443135627,3.516389304740475,-0.42431452261615377,4.363417604668596,0.9666267321451372,-2.71622218225932,-1.5819095511101167,4.956518028661061,9.389415391381938,1.9471675336654393,8.276537545387153,2.977855568267951,-3.2388055233280255,-8.617508727587996,-6.824170728443679,-5.668025639838126,-3.6278496054318543,-3.7368813240513665,-5.135743799467973
LGEE,2016,5.0,4.458147872163187,5.710123553977542,4.878446687725191,7.373269674924899,7.810770388381605,9.119767485758956,9.146390748707168,11.520615261439705,10.124050280191344,3.794207953021722,0.241899162582504,-2.764608567787219,-3.0289964472917985,-4.189143465429579,-7.0290551592345984,-8.829766609107992,-9.015128138980144,-9.475190962986025,-8.794567265662256,-8.928425498584502,-8.76946612485594,-6.1729833397331735,-2.0644261926973884,1.4361789449957363
LGEE,2017,5.0,7.84930345218009,6.8700584423082915,7.190517193304613,6.457043748644553,6.642117780262547,5.167621778279741,6.164888762459464,5.288846141673775,2.9777121596615608,1.565786548974657,2.1435786444386817,0.5839591935875799,-2.421943889751055,-4.295918047788161,-5.063457835355734,-5.774719688157481,-4.696229443094091,-4.962622271166683,-3.1859382454915153,-6.356318742876099,-2.271657210354694,-0.648562200098346,0.5769634366954879,3.240927848912145
LGEE,2018,5.0,-4.142623770522357,-4.428391292314949,-4.56329714628938,-4.909187827051465,-3.6548925353705686,-7.1257025469575686,-8.377809390059243,-4.793670882777068,-7.035612935265023,-2.475407273935626,-1.3392667679047898,2.1912401284518657,3.349684801537123,4.552236490741057,6.521448689386034,3.3699330718264253,5.125734884661837,4.663622651002042,1.0137867015977742,-1.6564007948961068,0.9089348066501746,5.313159716675742,6.801732879860856,6.8264341377416216
LGEE,2019,5.0,5.469690360991897,5.24328031572554,7.11905088164102,6.836641027844559,5.572152866257651,5.51468510081733,4.1937614378049215,6.434270835235734,6.181876067353054,4.613559005743895,2.5430782355727155,-1.0733985618877506,-3.711002883686121,-3.6023086990152886,-3.025116188085697,-3.292799053988682,-3.5753062909145483,-6.257293080509774,-5.889920515454605,-9.323876958524547,-8.55937903401529,-7.070274415574129,-4.557336521857181,-5.584899972570745
LGEE,2020,5.0,1.3897443510686447,3.601599748500406,4.945253651295367,5.184713780766359,6.994013718578285,5.9856726760583845,6.1493718576127065,7.3298872754142375,5.8924097507213835,3.472485951735038,2.4634259218346832,0.9840130017838566,-0.6068172153074425,-1.5745041027928286,-2.401241746325633,-6.17958425576508,-3.629437481018727,-5.055451641598863,-5.409713125942339,-6.3414520487369614,-7.231491237892107,-7.345815818213975,-4.810286225815375,-5.325899432710235
LGEE,2021,5.0,-7.221292788715172,-7.160922811980774,-4.832843046201029,-1.6711312950355772,-1.6880342386425773,1.383877651587484,1.9792498099300615,2.4571602485001676,4.293235878573132,2.8789023549725012,1.5990251911097264,-0.23799745987962417,-2.607459086469577,-3.4432502078334704,-4.447707673614976,-4.630210344068031,-5.084123628888426,-3.8667911398923227,-0.18052110442217106,0.9024046158638832,3.339145440369884,5.442324134974519,6.86116975073221,8.498864860270372
LGEE,2022,5.0,-6.044446016766203,-4.182338521302897,-3.0918235135299232,-4.747250334062647,-2.386219497166253,-2.725374259907465,-4.035484458117922,-4.489180214591859,-1.4374898384942547,1.4404087213898187,2.1275141124294183,0.8958964590834118,0.1576881159802701,-0.7118913955380557,0.2077872483637111,0.7121785169848072,2.513862455811733,4.6787806820561055,3.550414962325732,1.050667254030735,2.03397305876194,2.4333068488675336,5.416209600130372,6.422123467028351
LGEE,2023,5.0,2.330347564605184,3.936641286193532,-0.17500431432514452,-0.4252237967908523,-3.3876703474148173,-0.5680521288267903,0.10031864204032015,2.9157122704363436,5.796985538004784,5.351125740348417,5.104983965949539,4.274518462981902,-0.44127707701937524,-0.35382733008313405,-2.406077786441585,-4.161586346921798,-3.662453255131626,-2.628826891619296,-4.234456268558217,-4.839143850175254,-3.943119889865665,-0.3488463234227135,2.595138685025389,4.524967053538087
LGEE,2024,5.0,-2.476608757279075,-1.5124941107701462,-0.3787371608503731,-0.8507199043224278,-1.0425748383172562,-4.151298260903847,-4.971510590102857,-6.840988932312575,-4.536494145466641,-3.752146825891667,3.9969963150622068,4.508109406593186,4.029850400465307,1.3293464127898114,2.667713324749388,1.8915487763177197,6.023567845409916,6.149852857164328,3.3323742615714247,-0.9635492975406557,-1.5712010652901842,2.2290392025768213,2.1302075044711377,1.7420508172795834
LGEE,2025,5.0,-15.143575818327704,-11.57198634236326,-11.801216859924047,-11.834930875459849,-11.296914926980362,-8.8997429715598,-10.153220970562282,-5.9958906039044635,-4.874367380604849,-0.9440107439590228,4.761344582904226,5.830994248285548,5.172097867698389,7.432253070587668,10.764068345572175,12.369041212596322,9.669517356353218,7.811825922054116,5.261615262753638,5.402267934260663,2.5576583068290804,3.9783713486096772,5.171413699916738,5.177989261736848
LGEE,2026,5.0,7.8859236919770925,7.901205845669668,8.826762472883964,9.429784355312943,8.694969132646758,6.378815104974955,6.578003633082918,4.947450045162305,3.201222777121071,-1.5326408559231508,-1.7566937577053077,-0.37078944022139737,-0.9377338485485831,-0.9560100005818861,-0.5810826825819126,-2.015806275372689,-1.8835747707349082,-4.1048624368277835,-6.286018187473252,-8.697150867882609,-7.0299265832694635,-5.029178333850881,-4.911443794710857,-4.323070806761353
MISO,2016,5.0,2.564901781184359,3.232943890839579,4.024077551580641,4.373870834077753,4.9552841740038716,5.0335569856273406,4.7991362912113145,5.0178526393494955,4.083246617186687,2.8706263561291356,1.490197682365424,-0.2835042874115512,-2.1183504974567557,-2.488500590105358,-2.221364659482572,-2.1023805137787344,-2.093015777518459,-3.7442712843412607,-5.9856796942864055,-7.105917090678826,-6.7343946439380575,-4.978397079712638,-2.5864596830204034,0.09397442924430344
MISO,2017,5.0,2.199394329112858,1.6456443917916452,1.909418703592336,1.6877835202057878,1.68215367447887,1.4735390805491355,2.190396612022194,2.972274978005307,1.914207888039443,0.9183743971955316,0.18632636342097442,-0.599966154410736,-1.2401337248750588,-0.8046886804208508,-0.9134372891514531,-0.5936369272572573,-0.5713517822512282,-0.6142058371574555,-1.3327965002399855,-3.0791189022878918,-3.8403935737032935,-3.270792581310489,-1.8018963557110412,0.6266177997866662
MISO,2018,5.0,-1.0372440057095256,-1.525084027401269,-1.2817096248139759,-2.072082041941259,-2.439270609480082,-2.519020055565968,-3.309897680727958,-3.1092647048877486,-2.2270755155523236,-1.5990600679467892,-1.0487538075015346,-0.6891269400486566,0.33347360578031005,1.1565267001109714,1.9755250211158315,3.0729805333126525,3.5364852760176646,3.789862619216211,3.265539600917089,-0.20444493537492558,-0.36576303038506897,2.265713637601441,4.172539638118367,5.903474533623387
MISO,2019,5.0,2.1969768550564317,2.0560967627862414,1.8761938936061373,1.5598482181024331,1.035516507108647,0.8794049034985374,-0.20536343063426443,0.17157629776897165,0.0847054320101015,0.3200513897285706,-0.01703781146507044,0.10908291704343487,0.3770026803509907,0.3825188808638469,0.5026795365974612,0.1286439136138462,0.6875795786188021,0.026408936509536574,-0.6127452314460546,-2.534714389887349,-3.5441127074108847,-3.5777021697091183,-2.8890851624759017,-2.314968922115257
MISO,2020,5.0,2.8227979943348025,2.32225451388558,2.1352260128793543,2.0265078063995134,2.4805211672422334,2.6958081239434772,3.976992835068993,4.412051964354147,4.63725621734854,2.952180249145875,0.7872057952141409,-0.4779767795892065,-1.9624774369612075,-2.3572003348543147,-2.600501122986243,-2.929017184495608,-1.990842088426037,-2.0170202131456816,-2.712544901876268,-3.9842758869852224,-4.563578499703791,-3.1149427370524174,-1.8687965176633625,-0.7249185932051261
MISO,2021,5.0,-2.128592489738923,-1.5341422738905597,-1.303410911259717,-0.9565737750123926,-0.49241354636847534,-0.20928378124044356,0.7081239978667719,1.6895082789112559,2.051106011609871,2.1870430557836107,1.3539460343828136,1.2674048988482456,0.57218176566316,0.3638819515987768,0.11936877050353623,-0.16482692902404228,-0.09573841984051867,0.15353945819467363,-1.4467110130235383,-1.6676672310967033,-1.2416393426737837,-0.4650993251746005,0.40631787404061814,1.4597649687321579
MISO,2022,5.0,-3.059074862273814,-2.7652122421519487,-1.945878792842215,-1.5526734469706982,-1.0923556262802947,-1.0156892493151881,-0.9485428420501263,0.14963609188209936,0.4312515560868313,0.7543629713107292,0.9914283966181214,1.2922823761681856,0.32071409329427203,0.11533367147350537,0.5558835361340608,1.1175264219810743,1.4608964412385794,1.468144280577599,-0.7200842077184522,-1.1706734067549407,-1.166729561197255,0.7158552823302688,2.68219982226261,4.500098208839532
MISO,2023,5.0,2.517833773099465,2.522245350423724,3.45508277992278,4.4037581295278905,4.159940560755171,4.305140665446161,5.755141938221042,6.802046433115805,7.686563590117778,5.949779002140709,1.9941740388108808,-0.5676697743607573,-1.519879915088218,-3.021910063750677,-4.5279737690656185,-5.877881040112154,-6.498025513685324,-6.48396749407727,-5.853453507253025,-6.951530950683682,-6.077831244511156,-3.6860241758550405,-1.330947204187849,0.9825390770461073
MISO,2024,5.0,-0.9267180154997279,-1.2133542685165644,-1.2757178259403479,-0.9921746412228205,-1.349335969918397,-1.4866665792438893,-1.605912581790192,-1.2276016689482971,-1.185113890385936,-1.387190224597723,-0.4637160558515152,0.027643314397640673,1.4724554869483653,1.86725435771673,2.643563637557711,2.858646348658467,2.6353036615325953,2.3872944158453757,0.7099407783070166,-0.12218995427757395,-1.0959251550445526,-0.41250004177313393,-0.6938343722809437,1.881613738412402
MISO,2025,5.0,-2.018325236636742,-2.5337219509019127,-2.720373177424973,-2.8699619048414893,-2.8532538878074942,-2.8551726708872405,-2.9894124893342755,-3.092710420504341,-3.6202302860219193,-2.8050510641896786,-1.4029701761250513,0.41045093829819024,2.7721200717646832,4.376562463598132,5.404466894500404,5.224640924228796,4.750343749699848,3.981587557699884,1.4618101822684748,-0.025406881164746764,-1.3166344285321374,-0.4698942919990179,0.7702652256909026,1.8090916545383973
MISO,2026,5.0,2.302200050827863,2.2707135016472813,2.447410848106246,2.952483383754978,2.240153274777712,3.13101503875276,3.404444770401527,4.059744031934221,3.835095237035069,3.4247582742103155,1.3740208949575505,-0.6341570283016518,-1.7380110795618409,-1.5806633221543853,-0.7751748246423107,-1.6363484575341425,-2.598664074037471,-2.268317365992356,-2.907465202372461,-4.576358576136097,-5.208021013245423,-3.4545806831471904,-2.196743857177741,-1.368340707408322
NEVP,2016,8.0,2.5348910994594354,2.2874881880380005,3.3850779422954447,3.2656351574569475,3.8673777654603003,4.46610876190936,5.463178259279089,4.413160213780188,2.673538146161436,1.0179931501639095,0.41701523323752765,0.19023821403155727,-1.24083950785161,-2.19176130524793,-1.309920818813337,-2.2314633739801026,-4.735346587849976,-5.7843274235130915,-6.1653122874954835,-5.071181936848679,-2.8102234227012524,-1.2074528533489781,-1.5090994979638506,-1.2619536824259092
NEVP,2017,8.0,-0.6888306497902286,-0.7140674977375694,0.8303824191768339,0.757320424257768,1.328106122090289,0.8063854992200636,0.13782007115561434,-0.12491304590914742,-0.0007228061831732191,0.291180633063548,-0.003224614849361984,1.315559326813076,1.316593467838656,1.911207867919773,2.9871821863162173,0.8493994868113308,-0.44866134491459153,-2.5547363303799475,-2.5273573250959913,-3.1265034627198984,-0.6305593006735943,0.059834781110490454,-0.20867705993334873,-0.6983660977104456
NEVP,2018,8.0,-2.0443146850671057,-1.314944227749315,-1.8759474466379378,-1.8635433450649663,-2.005056262109317,-2.233308927329447,-1.7224673624210762,-1.201428230850754,-1.0765769505670764,1.1667521327282104,1.6114980185717442,3.392159294565389,4.571444246175405,5.4337487480921265,5.122913824653397,3.8912269359486773,0.9491397966625126,-1.865732730997105,-1.5243982263297928,-1.7597761202367002,-0.6357784611933814,-1.2495540773779457,-0.8512221885449645,-1.7715363053910194
NEVP,2019,8.0,-2.026075200817201,-2.199324052254825,-1.914818544760688,-1.9730369432651162,-1.1038427699015751,-2.4877919360324685,-1.6770241608394243,-1.1604822216826904,0.4764038549105565,0.8849325780406314,1.0615870540602756,3.2270947167283848,3.367911904950116,4.67826564396554,4.867653766388735,2.986815983292146,1.745718602744284,0.1636352234447358,-2.461545700697698,-1.2671258688329523,-0.5320041823549504,-0.20620151198345038,-1.147659163602932,-1.2771015140076725
NEVP,2020,8.0,-2.087426205484888,-2.188862399193303,-1.5845579111171126,-1.8649625917779966,-1.8361676678767869,-1.7830873071963071,-0.7708107968021904,0.03687243588059719,0.6307140301649694,-0.17873790522748845,0.028418255553830374,0.5351195670074027,3.133764120075322,3.0680979816134712,3.7323461415450954,3.368165569266046,0.8266676998769595,-0.794774850249369,-2.272618748044053,-1.9651248499814589,0.9646658399696362,0.22260524449728702,-0.11741277241394954,-0.4118713897578785
NEVP,2021,8.0,1.2922268775836798,1.1783553545288816,0.7108450803223976,1.4356759764085125,1.5287478766669693,1.0855437329245765,1.0229033149461664,0.9801743116628736,0.4480210829223674,0.543124949138285,0.21304872680698583,-0.059526879604654415,0.11336667602901418,0.62144186080203,1.5061758065142872,0.9716669334592698,-1.739966022262518,-2.112580095482186,-2.7498995049874297,-1.9829213919469124,-0.799611997987304,-0.608066371876026,-0.6274196342506588,0.3196776648909272
NEVP,2022,8.0,-0.8458294264344413,-0.1191161446197464,-0.3017137308469531,-0.553955396991046,-0.3310167397032271,-0.5887492439755726,-0.24323511970782974,-1.3987318934416404,-0.3438813991253564,-0.7038650635198485,-0.06657512608195804,1.0177707244743983,1.9733530751327777,3.182465145365554,3.359890723887571,3.6055454008999677,1.6824485676125045,-0.9122254783798134,-1.8711178578254106,-1.525916092891988,-0.45122315492005516,-0.7432028317664763,-0.9893427173260472,-1.1421277203402358
NEVP,2023,8.0,1.1669076187987737,1.3412024619211649,1.1227118145613613,0.9952647556570549,0.996353055249577,0.9639314147107503,1.0501532645588618,2.4252785790535913,2.585423774773743,1.2718193971053893,2.3005124263197563,1.4739121948604605,2.7553384809277714,2.7602987128188206,1.5282250784509066,-1.952731940712138,-4.3366264991182675,-4.731809007506582,-3.815943404050448,-3.758024959216799,-1.3880184107972315,-1.006813652043026,-1.1289985173293715,-1.450040663382779
NEVP,2024,8.0,4.324194451818231,4.295523471291817,4.350721119614143,4.840292518571532,5.0619799591124615,5.189094047924403,6.851917939143393,4.282545220065737,1.0544830119687543,-1.0569610603333945,-3.3889256060474993,-2.587196440609141,-5.235432783472294,-7.332005077640391,-6.834930683420904,-6.560173056045915,-6.547820471661292,-5.5170647721641375,-3.608636548501587,-4.4074131270046335,-0.026661147006468155,1.6835180260739602,2.0166768016995906,1.8446819410585014
NEVP,2025,8.0,-1.6656100823080666,-1.3591242746559096,-1.2647177155304168,-1.1937536242383473,-1.1793310625533793,-1.202570131635916,-0.9903875658649586,1.7575143471590948,-1.0833614985547357,0.8563790470449417,-0.20805706482442954,0.6668026283628503,-0.036183167663561555,1.9741399296781648,6.871438174991074,-0.9004511502181844,-2.7613464967322088,-2.4225556558432615,-1.6400581060999952,-0.8174131749928426,1.289950412066787,1.4871753592998305,2.1107529153855165,1.6165396670322019
NEVP,2026,8.0,-0.1581864217869433,-0.7743218256826556,-1.50638027197032,-0.7118231208967263,-0.8048007798815981,-1.0124730848680485,-0.01363500359936598,-0.9500458508692966,-1.7980409184256585,-2.5945691050484943,1.2832929777435664,-2.8310193018480923,-0.5222253547581879,5.796718035362725,6.99029683488368,1.561628891154998,1.726814023084522,-0.2347037105620453,-1.5227244430459086,-1.395443893813919,-0.31831544536888856,-1.0640506030360486,1.141158510234952,0.6792709260227681
NWMT,2016,7.0,3.4693852038637507,2.823013724095136,2.7258339318096736,1.3226420459890864,0.9875650221199295,1.2543754013400243,2.2149854054211104,2.4853605515319233,3.245786985775845,1.728264070063279,1.0795723041596261,0.2601804849587497,-0.18892542312294314,0.8551688261482226,0.46830525082270924,-0.545035130794802,-3.4257527110892916,-8.514989403070917,-6.349134436570947,-6.07327362683574,-3.8770361545149568,1.5046810335247462,1.1025843224098053,-0.6192852546385685
NWMT,2017,7.0,1.4624653720333725,0.9830609734080453,1.4586310626507726,1.3850001376622734,1.1200197328182893,1.14207490017455,-0.1670908807812399,-0.0015517818644505965,-0.30001365980865113,0.7768180163378657,1.1549742177741962,1.2892051520552839,2.394413426116282,3.1866791362998192,2.4264357932736402,2.84815981908344,0.8763850548489049,-4.309847589705362,-5.581159643963507,-5.28662238978117,-3.95491876087517,-0.2892902341290693,0.295277661295823,0.6305729816446171
NWMT,2018,7.0,1.8760079359697035,1.6354151808953277,1.6265023670833045,1.9818683940911241,1.1821558709759206,-0.2528749158282162,0.8498524834061327,2.0581972671997795,2.7345509605705587,1.963717311506663,3.8799638509035894,1.6091629003702534,3.1864494568970114,2.572734220875761,1.9921791455711713,1.1961754569470795,-1.6902744303476602,-4.301671549883812,-4.196646827335004,-6.588642374346065,-4.633415352793402,-1.9106935454828777,-3.627667584175509,-3.3789687495581866
NWMT,2019,7.0,-6.346025171411174,-6.14940316282545,-6.915298041198548,-6.974222834626653,-7.084444230985687,-6.293238666575817,-5.160057317429101,-4.956478917351815,-2.0191077147186154,-0.6654711364927568,2.6865815590390696,2.5416707430776286,4.822295619598793,5.4522727140070115,6.521508680829813,5.793490031747739,5.744511604790459,1.4408247802046636,0.7160464119999377,0.6504073553907475,3.0956049113222806,4.754253433190336,4.095383052788037,3.2898411283608153
NWMT,2020,7.0,-3.6937907148028803,-3.9552149305512985,-4.126287830051078,-4.821375874536715,-5.956241952080166,-4.470654592116874,-3.8974648637196685,-2.322360936090717,-0.31844697990197623,0.7493170004432281,2.2754112021811546,2.6962791276231135,4.260630231010354,6.0911598511712794,6.162457743335148,6.788764376309242,2.6050425331148874,-0.4338241904221052,-2.4423149839257308,-1.9037863951455014,-0.193391050503533,2.441043747490901,1.4830846271111087,1.365984048268154
NWMT,2021,7.0,-2.8713764249207907,-3.294111717332515,-2.945603833582844,-2.2826423296224974,-2.57567374541543,-3.8296043276920155,-2.65125945294693,-3.2043977702219006,-2.2705792416921833,0.37932671882785485,1.8258538414325676,1.9552779720943825,3.4946184267576896,3.880987886155851,4.931349892699344,4.347753380028685,2.406470768448399,-0.781181239153339,-0.951910166377834,-1.4946000167177287,0.27303151341200316,2.224607832114378,2.097262019870705,1.3996752503821375
NWMT,2022,7.0,2.513715225460378,2.5474172288436736,3.3627175617484184,4.077095383613583,2.5047882524377063,3.6431276469656493,4.199969871433263,3.5246707108419484,2.041198894683527,1.3960188734858825,0.7547597798108097,0.47276789348889015,0.19220428142094903,-0.8719630160836989,-0.500073823347158,-1.4852630964718117,-3.699640518327607,-7.13322405508362,-5.689321043330553,-5.017163489320442,-2.1258708305465834,-0.5169673279148412,-0.8301071377972424,-1.612108297996906
NWMT,2023,7.0,3.0559071882777955,1.9361731306704155,1.9199840319950146,2.9261915501936686,2.292666400195653,1.757822587891722,2.911082183910796,2.464778776507104,3.0883876209312433,1.5002283948012396,0.6313995800245609,-1.2926906071108801,-0.5136834615609098,-1.536499241013134,-2.9493567238395024,-2.6678958167232203,-4.340346639919012,-5.1667654309058175,-5.734371552569928,-3.303066060520199,-0.977606797846442,1.9656401667536905,1.1883723243169109,-0.38051836915258264
NWMT,2024,7.0,1.2543683353298696,1.6467456425383276,2.355522569088775,2.207420530072779,2.623822011989152,2.5623516999413343,2.8322783987182243,3.0651321802598774,3.678320398069368,2.484692245017528,1.3767739516445054,-2.5373799318413326,-1.7148617597634308,-1.934166717914243,-2.0670649582592127,-4.805024152604576,-1.6584676071666582,-2.6638727127445527,-3.8538653239528653,-4.175226631556139,-3.2549648458747527,0.0675797160815339,1.1899696158277462,-0.942107605567688
NWMT,2025,7.0,-0.016611151843304306,0.6074674096439692,0.9764160999765958,0.19325308692802468,1.0705480922158062,1.0387468352063167,1.2203374765793584,0.39056110228892216,2.8938208927161035,2.6441566588690346,2.170209748712959,1.1758668135278594,0.66053456116828,-0.3892303309973588,-0.8905936529244096,-1.5277651226687672,-2.2618397124549716,-4.4231473468179905,-4.494271722720056,-4.345982913319069,-1.0611522964763642,1.9909963588070179,1.586050510953696,1.3630118633895516
NWMT,2026,7.0,-5.752092038651169,-4.111318385443374,-3.659691543976973,-2.761170256552592,-3.2538661659461177,-4.351360344870292,-3.3469138860128367,-2.904293511736722,-1.9971410386077304,-0.06229280872491749,2.389383829314329,3.8734895844796613,5.823173418080452,6.463265214609448,6.086292828729922,6.531914457870713,4.170713466828624,-0.22891035259804404,-3.014818810567821,-3.0295232948635675,-0.40243514106221845,0.6047833766742894,-1.406500478082895,2.7466397440685464
NYIS,2016,5.0,1.2587947926842036,0.760943999307151,0.8694571094252423,0.5858530216744318,0.19287427112838484,-0.053058506997327726,0.5964611575425938,0.8130706080661132,0.7679201421789572,0.20416359208681456,-0.20341470382196913,-0.4349842010474392,0.09759853596011947,-0.5817717547992318,-1.1250495743091449,-1.1166847791611145,-0.8436007956581948,-0.1371976507079653,-1.6150990638782003,-3.321227720875086,-3.209760066055467,-1.673086474417218,0.42541159021947106,0.3474552168841738
NYIS,2017,5.0,1.0625266123480692,0.9555449658621651,1.024925127885934,0.9951265941850584,0.7487910354115557,0.5044965911573773,0.47949437717396126,0.5553965829002361,0.4844763484199044,0.4538254648529527,1.441670266425743,2.1236815343047333,2.851869926060324,2.9806894602186773,3.1624992114510198,2.5752895196446524,1.6611790583674457,-0.5407844771097015,-2.6384675334942598,-3.9278690329995536,-4.502733722177088,-3.8419072966142664,-2.57214561684318,-2.5789051160338583
NYIS,2018,5.0,2.7333024457202537,2.172551655585775,1.3224868905669651,0.5234564475814163,0.5017271657210332,-0.06119952185408284,-0.5058180005473312,-0.6715536869842165,-0.7087046641707562,0.37764940469697805,1.1259854495585087,1.4787031481191315,3.00755650468294,4.007422203231181,3.9819387513788884,3.760476739038121,1.8639567764395348,0.027102504444997955,-2.975595543579068,-4.9418219459645085,-5.551792611079631,-4.6352643828735385,-2.782459569371465,-2.936377491786246
NYIS,2019,5.0,4.64173318803196,4.138394556577429,4.146869964587141,3.9198788306733956,3.3945203879259145,2.864769242928633,2.851151484629555,2.5037811144177358,2.8420769476151797,2.6039452936561513,1.4223690677582113,1.136005289976283,-0.28349891004690875,-1.6766533664522187,-2.8168598169984183,-3.0509394676727863,-2.510709583986226,-1.9496990784239498,-2.791535049472138,-4.310347767552147,-4.163692329994029,-3.4823766741735263,-2.810549026109632,-3.2282811770045217
NYIS,2020,5.0,-2.6111474045615757,-2.5524277072372037,-2.714329708378116,-2.5981107730700725,-2.1408988050337974,-1.8594169975524877,-1.552675267178072,-0.8235445481911463,-0.23247408787238077,0.8609817019901156,1.3237747694885726,1.80672840639986,2.124678959262627,2.851116122729347,2.9596532498234795,3.387425129006827,3.9100872175096946,2.727361738208156,-0.18807530972804187,-2.097220232156949,-2.5378777319404078,-1.697757855089499,-0.7890902908395114,-1.1335418064456926
NYIS,2021,5.0,-2.864909523238701,-2.8906774176709615,-2.7848432564926084,-2.753383628511419,-3.132031599326379,-3.243406504390145,-3.318985487036197,-3.4078169416536075,-1.8770042458007064,0.6782729118896436,2.926339972300074,4.512578801681921,5.496004985748182,6.651961785603322,6.359854026972611,4.339875300068652,1.4720335847580923,0.8698012582490033,-0.6383278375962531,-2.1489455838074933,-2.0250852220041526,-0.37411263554767427,0.9522308941440683,1.753868368883027
NYIS,2022,5.0,-8.905694891356964,-8.894811386185452,-8.452238631207942,-7.615297980808522,-6.507977499318429,-5.918249100572726,-5.2904706915775535,-4.622806299476512,-3.229256112821066,-0.08420881000943403,2.1349893016457733,3.7446835322425764,5.033100526710732,6.165262644165392,6.266928873639499,5.792659307405734,4.690030182411564,4.8439285211583805,3.2155683269306845,1.6247100263667935,1.9571732318912627,3.59824536578095,4.853821846685458,5.290904441977462
NYIS,2023,5.0,1.1723642076645557,1.2354059762545444,1.263664968808842,1.3443674025143348,1.1116395776821442,1.0477913436023556,1.1445089478743231,1.7601600416992547,0.7973303483930883,-2.0056327917729044,-3.1852779401349784,-3.5217877237758377,-2.2389198751170847,-1.8386977766536305,-0.7260912267456843,-0.33907827220700515,0.5080396217181038,2.5355241953093577,1.208341593812623,-0.4947015900397034,-0.7076200193798066,1.109842127694427,2.6866493806888103,2.041666409011478
NYIS,2024,5.0,-4.849747802480298,-4.988127515829577,-4.692912537328608,-4.7184209026628015,-4.589565542090379,-4.224385748848358,-4.015520356153601,-3.5326455395819134,-1.176674897057206,1.1975502224455647,4.908368886191128,5.290932393742898,4.700730913008178,4.272860879926577,4.401083015519336,4.156206789489847,4.302351911963864,3.19807692135492,0.06290046661545645,-3.1370768293891516,-2.875711298881245,-0.6809665468044068,0.34618680301570226,1.178640692570676
NYIS,2025,5.0,-2.2885215680833904,-2.82869793989462,-2.989110059600686,-2.781413291205792,-2.714138676154676,-2.706211367888156,-3.133424860289058,-3.8493964291585803,-0.6449504573735276,2.5102637186748433,4.633732284274172,5.427303129731897,6.5396277973639005,5.977521558177035,4.668713739213515,2.605977661255654,2.2534693031538877,0.34667480492271974,-1.4706161660805517,-3.519302865891083,-4.050144906611308,-3.3325880912128847,-2.07218561260607,-1.9929773446856314
NYIS,2026,5.0,2.6307695615259807,2.8408844023929403,3.085468309854378,3.1688719814812027,3.247318009589839,3.1607648028398883,3.16499902110835,2.515440377053413,1.4787594805693693,-0.36932210742037785,0.1490625251785227,1.5291116814740824,-0.08363712088281794,-2.608986709912331,-3.792250494720717,-3.8078120693909145,-2.038522708629764,-2.3123428287377124,-3.084287008979314,-4.759377870268944,-4.313276133127908,-2.1200426852750365,-0.7794676361468689,-0.03628112969162878
PACE,2017,7.0,-0.3869650088127341,1.0671887526522816,0.9393287933736616,-0.01639834160991338,0.2335455070035075,-0.2273618938155031,-0.7651419468336251,-1.3578165311790236,-2.1002538252783642,-1.5941012050109116,1.5016031926950113,0.08712861049990916,0.7868090691011353,1.372300742431054,1.9548274084296269,2.9529181977187346,1.5700676588708218,-0.6664965290851921,-0.6767966596867403,-1.4032099232465178,-1.0922133875716167,2.014882754076175,0.744786881750259,-0.2259097518595321
PACE,2018,7.0,-1.8180531717740145,-0.427085403088745,-1.702418806982875,-1.4136414874635461,-0.7169277636948634,-1.6085640967082981,-0.4817561066410736,0.7270449999352779,-0.38716656180148856,-0.8978487977555294,-1.1948487644376171,0.9233630579222885,1.4202595152762676,2.675005633649963,1.6166301492145707,3.974978931740236,3.1898072940355515,3.176630913787437,-0.14098624370160184,-0.6865606600902963,-0.5299356412590273,0.9012550537359054,-2.3978719414893934,-2.28622874209925
PACE,2019,7.0,-0.22143060898121014,-0.7211864573810067,-0.555763731049197,-0.16940663148805601,-0.9700172060980061,-1.2029772119529047,-1.5538969673130731,-0.6606586943200932,0.9588062797713626,1.0772829809306161,-0.7528319184863852,-0.40625313077764513,0.3073553952551267,0.3204424835966502,2.6396827417717983,2.5236504480952604,1.236276677814896,-1.774345439791425,0.4588170434344452,0.5173064861274668,0.3681764023469869,0.004047557232556009,-0.24962455273556117,0.36933392506237617
PACE,2020,7.0,0.7881838713984735,0.6142776531758654,0.9094191026737586,-0.575031262864889,1.4129719430344134,1.2145670039168666,1.409152410301595,0.9588748775380518,1.0503467487933849,-0.5697833467349867,-0.5714105933005031,-0.9108363954900445,1.7828727592122062,1.3214808361106778,0.8328118621043101,2.235654692670219,1.5996176066168433,2.7583318474423857,-3.677640011663108,-2.5285143093949802,-4.777348241629542,-4.203405370971214,-1.5973709807251102,2.797365866792201
PACE,2021,7.0,-1.6387756419376065,-1.0866011485232474,-1.0273534153161568,-2.9022374509064863,-3.2039835438919306,-2.2832429970524926,-2.2498431399491703,1.2408043982590655,1.7008411555140435,3.464130355393924,0.953487854360624,0.8439807635825414,2.1320424898211288,2.344116363516413,2.71254027859289,4.793347019910021,5.585201927670824,0.9550225382810362,-1.2222609240707172,-2.2805623615747006,-1.1689423315030423,-0.46602010971439345,0.6753222364277667,-0.5686801923366902
PACE,2022,7.0,6.761682209606179,6.994762743789906,5.298395079625617,4.17454781452673,4.252438818980631,0.7649750208440498,2.123527292940597,4.188813548799941,3.2318729678524782,-0.7554191622406448,-2.743998742567766,-4.723281856538042,-4.307017241815025,-4.0522379042452155,-4.281951814110152,-4.196692839841165,-6.571707936711368,-8.071544235238203,-2.631212305100661,-1.204433835820251,0.5994899192655723,-2.999336821956522,0.1780305101205193,1.7725892612037164
PACE,2023,7.0,-3.807486229801893,-2.6387374198307167,-2.4244180889269384,1.8309330889612618,2.949486455449246,3.5245390503618856,2.5849080454055207,3.5917283350047735,-0.4173787946029961,0.7801675768435601,-0.24729571969923647,-1.5097472134156797,-1.7655148771893892,-3.439629894723273,-2.264705607638795,-2.202060479218848,-2.494602870234619,-2.7659303080701747,-2.461596714207115,-0.13744018220422927,1.4164453649585074,0.7911328856146316,1.8759751528372615,0.4943460214598572
PACE,2024,7.0,-0.09061018189896464,0.16700799001703182,-1.106863091550192,0.2725522287286397,-0.1764164243343358,0.35353737585112066,0.7916674409477187,0.6529888071313383,0.43487546047003,1.25454976334467,1.5899436812835566,1.3824832253173769,2.2952473972452925,2.466066203321726,1.2728664344820562,-0.6975084976194257,-1.158424670623015,-1.7763571184581384,-2.7428151075998386,-3.291861278303543,-3.1090316978427124,1.7402850424417249,-0.9233738171603223,0.22102150183386238
PACE,2025,7.0,2.1850410990321367,2.083518437252796,3.5730532777039636,3.8161788186208745,3.2536822708002955,4.252952643372588,5.153684921258472,4.446756792098983,1.5115193143669048,0.5501502058682606,-0.0927195284836424,-2.147462349727458,-3.2625726736747684,-1.6097966040496736,-2.3287705082891796,-1.5692726541024715,-2.5612802547974267,-4.607306663128563,-1.8690428452974084,-0.06850475076072282,0.08335736552593787,-0.7055159071228001,-0.8677148736899287,-0.5680546393522334
PACE,2026,7.0,1.253119538684977,-0.18173318746808054,2.1879232122747005,1.5832987242962004,1.7213509278802275,1.0808319237010977,2.0126805607814213,-2.1800754451614335,-0.34319288971014217,-1.7362376463362805,0.6734550701380848,-1.2023139123207516,-3.5802811024678083,-3.782621349035964,-1.9032971737596327,0.11331402285954528,1.621338644902126,-0.12093523123410943,-0.710863425232322,1.169472105661895,-2.8467573545092995,2.7193997900161193,3.73428848762154,1.3370548984675379
PACW,2017,8.0,-1.2033537275867423,-1.4259816159727379,0.07981099006025838,-2.6640966809752253,-3.154860883841226,-4.535861878422365,-4.2436223512209,-3.8963024385461065,-1.8517301765627048,0.12700803902692126,2.2960341148099195,2.949721417445361,5.244366750502127,6.025383778803295,6.325542739659484,3.7584734622951754,1.6431256424358942,-1.2921262955778001,-1.9823637866712929,-2.518224090841459,0.8342794107867535,0.43651622995222183,1.2414259651191362,-1.43084823305335
PACW,2018,8.0,0.36531994418411706,0.5873501269162085,-0.26618147250933033,-1.9552157360045674,-0.6752533224311907,-1.8118925078219994,-1.3120704223982482,-0.10123042938947613,2.0153383193819874,1.5255567447008955,4.813658901591955,4.26702798769647,4.092704397442004,3.19206245556396,2.572737011321158,-0.5527885385400388,-4.2741930996546,-6.863381848196393,-4.125342678596877,-3.126240465546637,2.0534599964947553,0.6465316982104286,0.842198762655455,-0.06095688762183249
PACW,2019,8.0,-3.6997872417841693,-3.6130858638586116,-4.582254028840271,-4.050787324974381,-4.435724114567419,-5.191076952708473,-5.435141068867521,-6.038762122254493,-4.7502169265358996,-2.554165095015737,-0.07863545376478598,2.37065843457398,6.2999280020294535,6.670838102672816,7.390206096277407,4.619593848711645,2.225196034079313,-1.225007512792331,-1.4320038726899575,1.1532627200794954,4.678181051085772,3.3356334022103473,2.91136941006096,2.215085537152728
PACW,2020,8.0,-3.910066857058936,-3.3834727413568633,-3.892091696484723,-3.232977476196841,-2.14094359952528,-1.6898943788170806,-0.2068556505721575,1.2035348764855902,2.847516471978273,2.152830901191627,0.620685933023446,-0.2954663203597274,0.8802139765613504,1.417313725988345,0.3960129106815091,-0.4014933915741592,-3.820009497278176,-4.11107916774871,-3.376125489161552,1.4919890799385271,4.31275071709909,6.791854772249528,6.373619257078067,6.884779752191794
PACW,2021,8.0,0.4351529073118865,-0.13218303091206973,1.9065824245996232,1.4228241563411848,1.6791271368388538,1.9795729176449561,2.235188788991982,3.1043312864355244,2.694129693511882,0.7219469487961927,-0.059922376393162224,-1.667356752019078,-1.3677077736316212,-2.9145358911009556,-4.193144874493083,-5.933911314526908,-7.819058077132645,-5.230182873720524,-2.9472654085205052,-0.3999532907982273,2.790376754326318,3.1418597748632093,3.1012013602579658,2.2432735468342235
PACW,2022,8.0,0.7921445654084591,1.8356189563044634,1.9116777791464035,3.013078514438261,3.7814922639521353,4.792076762690378,6.004392318612961,7.022461925543388,5.676424102522248,3.622982692778076,0.5021253114464885,-1.4553899199394316,-3.9577293705375105,-3.5400936120193793,-2.8950768788742587,-3.6052604448227887,-6.644169652453391,-7.613485642832341,-5.531112036960373,-3.7061577097756038,-1.2953216423139846,-1.3528578022659277,-1.8984559450675897,-2.934017963019797
PACW,2023,8.0,3.5235700698571737,4.325163383661835,5.177681488374663,6.497755964733887,6.893021840361424,7.283414324974791,7.938851548154913,8.001949673747122,7.453040023496982,5.413530518664045,3.6150588464291866,1.5706832887971256,-1.198751526802555,-3.3530115276465877,-4.984043776424185,-6.658735364095103,-10.256843289051321,-10.965600921708486,-8.745457027186676,-6.134188685136532,-3.145424647827033,-3.7250623394415316,-3.3093097167019137,-2.653669935562575
PACW,2024,8.0,2.30380529385692,2.011459289310402,2.414620836900472,1.8775416387322608,1.2821171396991016,1.3224037368930297,2.4139678580495483,2.1149510201049715,3.7575950429956206,3.5987210325488572,1.7334879146189586,1.888641402804736,1.8698522478920232,1.256420074988407,0.3450665250696261,-3.298824095354247,-6.599688217656086,-6.769844693430316,-5.903505932272868,-6.561977085293491,0.606315436615601,1.0889413332602293,0.24121515012405226,-0.4434684437922165
PACW,2025,8.0,1.6760895233870143,1.7751152134758974,3.467608210803119,3.616649350199108,4.237271713095514,4.253372078903228,4.356145041407489,4.2066603031988725,4.313575586097795,2.9417560837726064,2.0048927691328045,-0.7779782698849047,-1.500679949429995,-2.5400271226827753,-2.8388293853899516,-5.612659136111664,-8.096302026488566,-8.232192564426066,-5.557826032276858,-3.104192832149044,0.13436677894940185,1.1738384699368165,1.1472264106791474,1.3902368971314805
PACW,2026,8.0,-5.168139343591694,-5.398181737789209,-6.173742311315388,-6.329610055918544,-7.122208305291022,-7.692478098669497,-8.430939791508418,-8.507562505796585,-5.470311731121669,-2.068190661253122,2.283900558359453,6.029596508950563,9.507375682811038,13.129076272040475,13.270874846652958,10.13629572455299,3.8703148634726015,0.1410665241744491,-2.0430062764743795,-0.43640862492830834,2.756333731795224,2.679248247746613,1.7302109425762713,1.2551543305857726
PGE,2016,8.0,3.992891398048437,3.598452229240401,3.015738273374702,2.4349095575173396,2.1292023424876794,2.5008900774103338,3.9657074004527226,3.3334590535088027,4.024265318241005,2.364021669691585,0.22042881757851074,-0.34006019623968875,-1.7229676774227265,-1.0393751761979875,-2.408561396920117,-3.9978466266935353,-7.743979750596064,-9.148683561801585,-5.716488932685748,-4.01763491464322,0.46442827231083506,0.7835503772924746,0.49405880240215305,0.3653659827002165
PGE,2017,8.0,-7.08114727514777,-5.501509053781795,-6.532794508429074,-7.028337725001343,-7.501659976688413,-7.0748952433280055,-7.485378652697272,-8.087526175754123,-6.9117751874916316,-2.1994558130434605,0.20194021557164987,4.1584361005061465,9.652715432498017,11.255253985627323,12.42502547648343,9.949317749017816,4.818434532097671,2.2843610295808947,0.8389447929754601,-0.18891130442391102,4.648533799126842,3.918237511981615,1.765393309683716,1.3224242830159105
PGE,2018,8.0,0.26733522736447357,-1.019765256691063,-1.1363362307790892,-1.9821180895413404,-2.0887126149382373,-1.7188707810095072,-2.589205608655787,-1.7161922776309901,-2.15871259275926,-0.46373949015920957,2.377031459675494,5.019444679888241,5.34112381703169,6.901928619193853,6.931429427366509,4.30719801859567,-1.940588955419864,-1.7186957558243288,-3.7308206343022787,-3.1421149357059086,0.17146996847883234,0.30889091181143247,-0.1438667446021391,-0.5229448478179854
PGE,2019,8.0,-3.8081255452361518,-3.6362418612711833,-4.164196481755777,-4.002748834518888,-4.062958323033006,-4.106140947462333,-3.9010065358806356,-3.8697743898540526,-2.083568794829649,0.23737981577172107,0.8174226799751994,3.0321777943591366,5.1509862346990065,6.728219528048185,4.874813486253804,0.6329080666128029,-0.6840238776962382,-1.6596356215985208,-1.9550365058975228,0.9901603108794177,3.214623811336903,2.5182680043555283,2.5163943118721943,1.6009067482275707
PGE,2020,8.0,-2.142980532413441,-1.7389747190321714,-1.352106068546055,-1.047354601160877,0.03243779805320868,1.1484621633407688,2.666462866674457,3.543454322417605,3.1840416170333397,1.9641349648784612,2.68365237370245,0.7952844779440582,1.3153613548969822,1.6280841393660594,1.5725076582892905,-1.5341229107957766,-5.216470654379735,-5.6679290963700835,-4.635968189528805,-1.8068199913048977,2.521455282120222,2.5979325204965376,2.72756759176358,2.2141538269331074
PGE,2021,8.0,-0.7289771859084082,-0.19643291747650782,-0.06938006893707493,0.16307281734410095,0.7104415856068469,1.0267879562506743,1.70208311278377,2.5930572495332482,2.742721889875477,1.9242614129872715,0.11101674607609802,-1.2088347421756795,-0.5813444201709039,-1.0653779743632796,-0.5970180478860998,-2.5738277659061115,-5.163295680458391,-4.696120849700258,-2.540493248418141,-1.0494521650708633,1.4600486881981567,2.4957764227785395,2.183606070213895,1.633238099461809
PGE,2022,8.0,0.8963129266529424,0.4573010525110832,1.2550932009841254,1.621357252217237,2.5465354305313714,3.5837830177384733,4.914273174218953,6.05070875275997,4.341814738729077,0.41533551834862514,-0.6784097934019906,-3.3042193524123187,-3.959410322035506,-2.818834381122526,-1.908678485550086,-2.8374892292200027,-4.437476217193681,-5.543582898791866,-3.509337839932969,-1.568673338779103,-0.5886649631798191,-1.674168410980248,-1.0666424313798828,-1.711021543074076
PGE,2023,8.0,1.7920141384411004,2.574872553578622,3.6603869905021624,3.579349892814232,3.7020737355134115,4.122126543284432,4.679163378802043,6.071043302464963,5.931155063259896,5.970008478637023,4.31716448143975,1.6052312808011004,-0.39729102846151054,-3.282077027183128,-6.965056054784569,-8.488427872134096,-8.23527477681395,-7.50779854958219,-4.661584614920522,-4.339188878749467,-1.7181683637146339,-1.5077955578974178,-2.4051559013581802,-2.7745200398418435
PGE,2024,8.0,-0.26667560343095476,0.508858155769587,0.7856385503185015,1.1284473781922322,1.0922240507852288,0.7527509358780993,0.5123373939203701,1.7784268059564567,2.5413579671462516,2.8424204929432095,2.7520087607543875,2.6196940770421673,2.224227322366157,0.8238176684004728,-1.412970085533427,-3.133000623084481,-4.642415593420002,-4.498748661829355,-4.092553535468424,-5.9931015947885635,-0.22151742985487832,0.9108274172636932,0.19346109905856723,-0.5248416347287455
PGE,2025,8.0,-0.31243375071714485,0.17786657753767754,1.074541769842574,1.7060268157883862,2.2749038287671164,2.764575872666497,2.381860038607342,2.362298202732316,1.6131658563470763,1.485525955658984,-0.16890979529191608,-1.9989825847520626,-0.8202099377217165,0.1904547130744172,0.27210926919776224,-0.8386402406738158,-2.3244408472218314,-2.835479482409209,-4.788182324828116,-3.1513226646672887,-0.5165680149538554,-0.09512868513972261,-0.7519978772658309,-0.3739562184159051
PGE,2026,8.0,-4.0098756269818185,-4.090169216060291,-4.325211403384543,-4.322417784363752,-4.455848604238244,-4.945156253661276,-5.511488695055499,-5.2711430571177225,-3.807057220149279,-0.9085933855909722,3.3269341154724685,7.027060792443662,7.362195050905718,9.580222623426703,9.69818958980946,6.681972408555148,2.2217690502203347,-1.690464499348221,-2.482817898084022,-1.7425513675511484,0.6935942207130896,1.0502298115378839,1.2166027617661945,0.8873316294371159
PJM,2016,5.0,-1.0256952945753017,0.368622951751707,1.4426571556179102,2.381890179930124,1.85406499653461,2.261252158351934,2.9326960589846296,2.710876173386312,1.3201484821190546,1.1080277543827677,0.8303826785567736,0.6403487306364419,0.34021074166412646,0.5067731431863454,0.7942679723351165,1.051778368331291,0.595249717430546,-0.6704483159186259,-3.0025715763224436,-5.720144818989703,-6.384498570063601,-5.084402905267593,-3.1955385475496256,-0.6879394776149517
PJM,2017,5.0,5.154659458453303,4.352455236483344,4.121319545618807,3.6264583136044637,3.749435179388716,4.144082216547751,3.3265346723959532,2.124561374289091,1.2954752934119185,1.5752097065053539,1.0435925157947779,0.5655986246228428,1.5295344905587038,1.590402954748793,0.4699666316303919,-0.5680278176125708,-1.812830618613026,-4.517416891548032,-4.821320976013466,-7.898101112737432,-7.145343343202093,-4.981903325284209,-3.8884425167407755,-2.2534215543251968
PJM,2018,5.0,-0.9154798680590881,-1.5065628486625626,-3.105022299202098,-3.7327507180796693,-3.7338616735717145,-4.309868111663184,-4.56894244801741,-4.248610637877215,-4.003177107614286,-1.606103123090663,0.569379551944138,3.0852112020942513,4.963421819427493,7.152828821637924,8.756912788570547,9.11889474920573,6.884101811155241,2.876049028838601,-0.15597378425955544,-3.4381166239441097,-4.637027596568566,-4.195636814037695,-1.5369294393052568,-0.1576040994153316
PJM,2019,5.0,6.322878594653258,7.140989715478585,7.538452397988826,7.5673905144285625,7.5375395808133465,7.763499800831719,8.001829170934538,7.172900208641197,5.804243390341157,3.9731224184692993,1.8126895434288803,-0.6598051776518843,-3.1232833126062287,-4.470859936639426,-5.107923363395694,-5.140674441949534,-4.859701785195314,-7.3319721811425325,-6.643336934591981,-7.97504015130619,-7.951088705107212,-6.897103887736722,-5.325801694577592,-4.392182393193789
PJM,2020,5.0,2.7640203909803818,2.4901425295693502,2.6070351071401654,3.0144587837890424,3.433567378518898,2.765413016606477,2.1739840672180932,2.828217116451459,1.8805730684638977,2.258653723780535,3.4678075028756417,3.3310437736434273,2.4622265871933724,1.6294060805972177,-0.1941888047977236,-1.504469212455628,-3.063835721027508,-3.572963558029585,-4.106783281512594,-5.113139841590475,-4.978566374286042,-3.4961389951266852,-1.743828487737964,-1.3287587613971863
PJM,2021,5.0,-4.760757165490315,-4.992136768319777,-5.552239461096276,-5.340368039663746,-5.2781089458402874,-4.7210513090811475,-4.451850549871194,-4.229044120898118,-1.9500185625349165,1.1010040713474112,3.3559287205275234,4.617018217583202,4.511774702958493,3.308869283713589,0.9473903020138286,-0.1298923300860344,0.42109412015871595,1.4156811432339156,2.2980342504829165,1.262880177147574,1.9711206311241458,3.6674867216859086,4.5531987562966725,4.724087363375107
PJM,2022,5.0,-11.167178608047191,-9.84834783990255,-9.333770033536215,-8.788123653224233,-8.211058538921057,-8.385056632116095,-8.284290493418766,-6.525491022332208,-3.64719606514472,0.3981350689235663,1.8689179191718086,3.425297063781163,4.8883680024097265,5.041523114357604,3.964194086263173,4.067921746617154,4.58560851808969,6.0713620024696935,6.242700949844804,4.665744078149725,4.84078196303126,6.321481325289047,7.889145065572134,7.5465900463126845
PJM,2023,5.0,-2.1784049463478006,-2.56923130842589,-2.7511337126691626,-3.1017227177859485,-3.175567111577604,-3.600306299842626,-4.97127787067072,-3.9543961546125495,-1.4491698481043702,0.6561331902589229,1.3669770199565168,2.0340741980807486,3.2409837144927844,4.530008316823397,5.159978681707367,4.658007395709484,5.111940773711576,4.196178035324394,1.5092923695465776,-1.3219870847672288,-1.036797492451802,0.4972869951184178,1.4687379196222983,1.7514909124530353
PJM,2024,5.0,-6.415986547846641,-5.834404289657402,-4.8847854517970575,-4.735049559896687,-5.18701746604785,-5.1553404157161475,-5.381589703262446,-4.73383038672639,-2.149460398632441,0.13085791947349268,2.595593627100179,3.56958090397117,4.373098087197091,5.997503657841463,5.061551396773933,3.9666552432970015,4.184660925158168,5.213273780714189,3.217005916228066,-0.4845765983401362,-0.4845937533010991,0.42950633652341086,1.2773183971202862,3.6825783261318468
PJM,2025,5.0,0.9646397205144153,0.2695733159125857,-0.8367556850951585,-2.2116103667013443,-2.1472935561991258,-3.608358538256695,-4.232739270041696,-4.393267169950354,-3.240316396190235,0.5491753613118489,1.9998556367849085,3.231682039379935,3.1891879454949645,3.192065066960015,2.8494811761716976,1.9696229649715846,1.3085054019591924,2.170954565575278,1.3362544917671748,-1.4480087635864392,-2.401050434088736,-1.4446512932192679,-0.6551543906362145,0.3119151647007934
PJM,2026,5.0,2.402399114266507,2.9140222775709046,3.579182944151993,3.7281446248790373,3.308973127794723,4.245951958832261,4.420183589876958,3.7461542755319988,2.5681653857911213,0.5613940891915137,0.3746092811425683,-0.7272951000276695,-1.0618818785539497,-2.035897516090024,-3.3394954012121114,-4.709972600306356,-3.33626561314585,-2.139454883123104,-4.330588457256512,-5.512570861045463,-5.510839623991148,-3.8626733811534475,-3.23063865918074,-3.2064486856526297
PNM,2016,7.0,4.614623750349256,3.5942985292502283,3.6477741836052457,3.540154145065788,3.501018339801254,4.019086360063751,3.5828143084404296,3.969861752620718,3.1978847275961675,2.5906536595781793,1.6844830800542665,1.0061153331133443,0.23963610778480193,-0.5329904639904459,-1.555900634927354,-2.2613784535730708,-4.279011002516764,-7.763166267349863,-8.03450381150197,-7.862997672096417,-5.7164558739935645,-1.6082382220905966,-0.3447282421182196,0.6140687502194875
PNM,2017,7.0,2.1120614494473,1.4390570793849755,1.4093437146853405,1.9519773940432916,2.5903019540985173,3.0134308375561636,3.3380402169044032,3.130615803998782,3.0280577318818613,1.8355129974047202,1.2647718877886849,0.5654444965273675,-0.9152951678383037,-3.7823026944408644,-0.9819138106330949,-3.7539572250419595,-2.3180155276386505,-3.779601529059917,-4.008008780945671,-4.646650233056171,-2.9025684691406095,0.6700378405187557,-0.08897324867926937,0.6915964846455402
PNM,2018,7.0,0.7069266341013458,0.8660066145068313,0.594391267855765,1.0909587222268202,0.3716555703338731,1.109729531974868,0.9357632013845651,2.094569579759642,1.4387865175872205,-0.553488437401195,-0.43609993402190517,0.7105217778448303,1.694775958131478,2.314489844864942,2.7376432803185136,1.9480351807148688,0.37029658830631806,-0.9000648038905767,-4.14745290061993,-5.427629849398841,-3.7865702859644745,-0.2983005976497255,-0.7751018077760685,-1.4982329171662645
PNM,2019,7.0,0.23038560836743383,-0.37973952309577896,-0.4750389070432348,-0.7109367193925742,-1.1428236235688782,-1.2088639108945753,-1.680273863173698,-1.5624349964342366,1.031118726250857,3.572371081761627,2.894022630852866,2.3713135888696724,2.5493750790083536,2.5768198975791523,3.6435212660759553,3.363850328306983,1.4513660266434192,-2.6851284223864402,-3.390032826899003,-3.8318145505779055,-2.6369278547681896,-1.6096551102916523,-1.311983156801766,-2.4789878827935152
PNM,2020,7.0,-0.5698901384592947,0.2311702386398662,0.6348035895352155,-0.16950156555151086,0.8433736032678829,0.7717659053633419,0.996404790915828,1.8397664605077635,1.4074541773912541,0.5791300154829315,-0.26681199432641023,0.27938233561506376,0.3346267716172302,0.5906236081681504,0.3320945393674557,-0.21568269658780448,-1.8430909434476228,-4.3963507793167045,-2.4552061470658693,-3.158784818944982,-3.061790563264788,-0.030945068766996542,1.5585211210298988,1.6748187993909314
PNM,2021,7.0,3.5854196724369958,3.254174623482342,3.2923280172606373,2.69532386522906,2.581311131958508,3.5375006168849032,3.999154567202745,4.650925762402958,2.6265489612766757,1.3884421365675248,0.06338169549362505,-1.499442068318435,-1.3110136201764933,-2.805915409745041,-2.221562091841034,-2.153368174775705,-1.2534366927840157,-4.548241070278802,-5.498030595530112,-2.9565988494439033,-3.043336656851925,-1.2088238691211117,-0.9565987258794983,-1.1658448300086222
PNM,2022,7.0,5.247217520213021,4.8848276842346605,3.4496081108355447,1.7821045521728474,1.1403309987949806,1.703198927192917,1.731145748499685,1.6616764635637216,0.7132657870263959,-0.3706225059413315,-2.7095327602432384,-1.8206606636172018,-1.3112361304982612,-1.2409311759949637,-0.8719996087781401,-1.1261391969833778,-4.4290419920116175,-5.8772406925675424,-2.695711254552857,-1.5551912712965743,1.7530898082246393,3.6119486954439894,3.6845970791059335,3.2375166712149017
PNM,2023,7.0,6.047219614028099,5.274438744424281,5.126134513627589,4.686384487705708,5.78899904551704,5.166701650245642,2.4178385862553275,4.056165642981169,3.786917503478704,1.971684807463625,-0.338925299787185,-1.9399998760453951,-2.1380358573832248,-3.4185654898891804,-4.594702928209515,-4.337585938048605,-2.422931838612441,-5.335594381122144,-6.410095684339856,-5.417235019182964,-2.766635473134982,0.23445801054902127,0.20073493163148548,0.6880588602767079
PNM,2024,7.0,-1.9500938370169196,-1.688095128472289,-2.4017635877703336,-1.5959264094212888,-0.9260081739806636,-1.3946674798899217,-0.6019495347944437,2.36643269153729,5.186341098871061,3.816402418208953,5.592158839856165,4.05214531012107,3.053000791652971,1.1605065945453852,-0.7798366350555419,-1.7423765581227824,-3.057273216011236,-4.451518321011472,-2.745167455530728,-2.618447372936239,-1.6037693005575004,1.2219970352298937,1.90664774453142,1.249861551398157
PNM,2025,7.0,-3.068428792380773,-4.461493250681059,-3.447836740596999,-3.9101885209074982,-2.8708077736286697,-2.576803030087771,-1.9089910418135458,-2.4632459440684373,-1.4052821518283243,-1.6792080293261513,-0.9583318293424847,0.6798468886147213,2.6210253320194443,4.634094069825501,5.751873183171885,6.103878291544717,4.647398670576641,1.9540008707096268,0.8628541608368234,0.427080100100774,0.7317783059454186,2.6925111213713215,1.972290601885418,-0.17717340225266165
PNM,2026,7.0,4.740158399628269,3.481550812566203,4.574475332271454,4.488545139297817,3.6829393775377417,4.337525981157486,3.2673215777844433,2.7268790544721533,2.440491967409275,2.3316919235315425,2.228603804913998,-0.43922958222524233,-2.011185088731182,-1.4469055517352558,-1.2920484827844247,-0.8759117944022288,-1.4174853675786636,-4.816163716528643,-5.445489868112152,-6.371522487008718,-4.566889573097033,-2.143571334861827,0.7575589983558784,-0.29315925035430235
PSCO,2016,7.0,0.49855333053155926,-0.3696143861895762,0.526873926309479,0.8172972933212508,0.8165802024296953,-1.0104030437573575,0.016273136986122427,-0.35087234839018544,0.590619470481546,2.3274820613025993,2.855152833065122,1.2912926377303346,1.5007837320008655,2.459803243534575,2.754054055588173,3.1592253585914998,0.37032012615114684,-6.565187395213434,-7.2243782878749,-7.486196054267813,-5.030766133024378,1.8411704635835857,3.4501071927963145,3.6539867059563247
PSCO,2017,7.0,1.7484174761422833,1.963505041490865,1.1180528793217182,0.5226465680550074,0.8288333548745475,1.2520137149442667,1.373289014433654,1.2939151989993958,0.9948431276476377,1.1138282615096973,0.5136314392114594,-0.310679976176198,0.34875595368253354,0.08212217830321222,1.4667162758400631,1.5372773178806476,-0.6125588749782196,-3.0083483476894823,-3.5245016663054463,-4.1337722302669855,-3.1639498619758344,0.24414674135562198,0.5811463417517038,-0.060737973214586294
PSCO,2018,7.0,-7.662397145315869,-7.852904643865366,-8.760252394306079,-9.254028769512868,-9.918740067056842,-8.462850107259467,-5.429700588856012,-2.413291703671905,1.556934711023672,6.496220260734398,9.256964090914321,10.048969259262497,9.19219875735875,9.312594791019823,8.399091428227534,9.288638999405407,5.348704700336837,-0.1010917173464021,-1.7501809412286518,-2.383296108473365,-1.94343664326051,-0.2112648427007091,-0.5644717643624175,-2.6995607153342482
PSCO,2019,7.0,-1.6628741921120072,-2.367028958722539,-2.363097334057074,-2.3500367841920666,-2.252536836626895,-1.720178299353281,-1.7420556032073264,-1.2750509498093754,0.8191517658578062,0.7854055073289956,0.3308374726610941,-0.1700685216650677,4.961634487834976,5.113865357717129,5.500132516459322,5.835821014727937,4.172553684679303,-3.015866057383576,-2.2792224275986817,-3.1259605011774383,-1.6971979545362226,0.6877891736603692,0.15493955598491205,-0.7876268733724379
PSCO,2020,7.0,2.832005265588178,2.4997063611137182,2.349899652270704,2.4716100288816323,2.1821520792149274,2.1975691302510536,2.1973693957945017,0.4048479941602512,-0.6425135946151017,-2.123547066541942,-0.3214568800849471,-0.07029721633377006,1.425160310753948,1.8740067309606867,1.7952862049024354,2.8164637232473533,0.4903059837366941,-3.329957093096092,-3.8450340597936394,-4.946124174479527,-3.924013127671677,-1.2554251046829945,-0.8736397714855126,-0.22447323291731047
PSCO,2021,7.0,3.246488670041181,2.7833461713741903,2.099810558982995,1.9543946450425342,1.5371663873714247,2.2223932499036314,2.330013924799268,1.1689419147708047,-1.4420649712164169,-2.1204255164314567,-1.9726851743116391,-2.3081551944357126,-1.6841941957874584,-1.3812702047824255,-2.4111620486440666,-1.1531936994252145,-0.9318124736345412,-2.0534117201661983,-3.1993703457318112,-2.6499428897475807,1.1703357915211932,3.529865034021751,2.9529202456255232,2.931487513389519
PSCO,2022,7.0,3.263499164218131,2.623631565649276,1.7743841727888565,2.2432833418271514,2.1064162329108904,2.8372066073663604,2.9998813978166394,1.3921908975542685,1.0945656469868004,1.4451783959375852,1.8630092525171005,1.8638484318512005,1.6532150878222684,1.9349507305947866,0.7807412790583834,1.156928314094785,-0.2930348211122702,-6.5094221459260915,-6.5925008273931995,-6.160866098198792,-3.706507615293897,-1.6207773222337352,-1.1718549773547138,-1.8799346577297982
PSCO,2023,7.0,0.7903851993175337,1.0362183952286497,0.5928089895465782,0.9622754023131508,0.08247848927692703,0.5696915082615828,0.9255933443488296,0.8088843357538344,-1.4698426374581186,-2.5469584822821134,-1.6441502717766565,-0.42973976946089065,-0.874885254166391,-0.029809644256817425,0.30091047001132853,0.9333930029200688,-0.8814922500467448,-3.561897213346632,-3.89532007035307,-2.759682354879356,-0.47854063293191196,3.196356477863538,2.737635115114334,1.7756805136277642
PSCO,2024,7.0,0.009046018918512644,-1.5338223181980526,-2.6674205406411966,-3.2967582843589027,-3.529820390655247,-4.54184287140762,-3.7913073631541283,-4.424418337491676,-5.435178542026431,-1.4437136069451073,0.9505457872687195,0.5114113261896813,-0.1458062272785332,3.015700425027279,3.5700203653661555,5.164736696186933,-2.0816165272088627,-4.73587738728336,-2.0860721095871337,-0.7537117101751312,2.543412436643777,8.338825970054643,9.629157705795265,8.804086862787175
PSCO,2025,7.0,-2.595302067495031,-1.5677695425149296,-2.0334144127414078,-3.335256812204701,-4.366652565190066,-4.211181222941085,-3.3998098111220787,-1.8770148460142133,3.1091723142954164,4.358875424776287,5.885735075935328,4.431401089020159,0.11949171793492752,-4.074018545455482,-3.6282330483539904,-0.09568155349954921,0.1083919500007191,-2.4782948973164576,0.253919842825856,1.994616544832306,3.1084982851613763,4.798286829692899,6.47773815968733,7.357802040795713
PSCO,2026,7.0,8.857665229851875,10.612614686098576,10.395667147190025,8.404871819075577,6.671823940495337,4.673184616327308,5.069202595048516,2.325792446511077,-2.4671642143715644,-1.741891442184429,-3.3699100788595615,-6.23783117032346,-7.773450374271496,-8.78630673932237,-4.6733930526708045,3.133745384148612,-0.6788088361250999,-3.9712321786183225,-7.219497649408324,-7.7965092708194295,-6.589289271166199,-4.459188843089579,-2.059181506304597,-1.720152048791268
PSEI,2016,8.0,1.5811279666642863,-0.3763316555844165,0.37412939534364753,0.3096716191200555,0.4687285530915908,4.854520683678587,9.929287665581676,5.083032490046902,4.748881409518879,3.3515323841174727,2.978175652332027,-0.41138412041872296,-1.8659648743354795,-4.431741154528379,-5.211006909955673,-6.878861873164777,-9.486978397397671,-6.9065122430093995,-6.116445334069964,-4.94166983203721,-0.10517549454571729,0.5284902367599598,-0.9695742192888601,0.6144811305704656
PSEI,2017,8.0,-7.585061451863028,-5.894834498341972,-4.8086897095800385,-3.339757573720381,-3.868291606812213,-4.407446040432572,-14.430302431742614,-8.90852191252578,-5.237038435315422,0.04139739632325057,2.1100613783013866,5.5659888240333855,8.14731795728434,9.002653054754962,9.218227217147735,7.039368253031553,2.2633223218699206,-2.5525426550210284e-05,-0.47114893857271856,-0.23155291088809982,0.7453067195876795,1.5388525551380816,1.2420927812243021,1.8777269531083163
PSEI,2018,8.0,-3.5021984902411707,-4.077295722338048,-3.563462333087375,-5.029423759767681,-7.165956386464101,-6.424191272256074,-8.592195382196099,-3.053971000454858,-5.6324890180526,-2.6332515707691906,-0.8812859828974506,2.4207264218008007,5.330840723410968,4.7827355931342685,3.751916128930244,-0.040081834606287,1.5947153032395356,4.597081476107157,3.805277853474065,10.261144505042852,13.49205912842708,5.779184454501718,3.366535788466496,-3.799939863128887
PSEI,2019,8.0,-6.360731656093,-6.600120281318755,-7.478804388689508,-8.405875512729876,-9.290456577063999,-8.415313359922393,-8.96578734321447,-6.180696927796769,-3.839585013239244,-2.072891250174491,0.7831135765082653,2.7951808400085154,4.326294488797489,5.867018919635436,6.924572695947284,6.480659760298568,4.7512910761823735,4.873055905588375,3.826314807760345,5.0250067958147016,5.586689444553428,4.48041934809098,3.325026098362216,2.042699432399142
PSEI,2021,8.0,-1.1968932905404794,-0.7670856037337193,-0.3078268209015689,0.3802626001984777,0.47502148066074223,0.3030186767797538,0.6541049061580817,1.5860687882345847,2.310883449192569,1.052037496461411,-0.1116194935141479,-1.6874954051320445,-2.1470684749788527,-2.38824026709874,-0.5340645396569199,-0.06855636456575276,-3.5195213007963577,-2.9482618247354653,-2.1056074767837885,0.2285570406098003,2.956590914315127,3.553635450984194,3.3125310345643366,2.8134225203920282
PSEI,2022,8.0,3.761038353848556,4.626390396506008,5.687032014387039,6.625795482315655,7.753872246687521,9.684593473281867,10.739270664638568,11.267422046165997,10.828828244240562,9.199796534998184,4.101465635774737,0.601349176255761,-2.324587121776034,-4.022515254322001,-5.60097342414454,-9.121969703997046,-11.60608215823662,-10.856139940530385,-10.518826570050699,-7.909346250077798,-5.421675890217137,-5.192236725683741,-5.65315269101675,-6.3403388910109655
PSEI,2023,8.0,4.047038115913482,4.5856985094132945,5.048775406016526,5.579931115451487,6.262748867422108,6.596031469417596,6.525794256151663,6.621908387725073,6.571404619121202,5.049245744102193,2.3134721853937945,-0.9109297354921386,-1.8790522873024074,-0.5324517547097729,-1.2638880341770964,-3.5385265220748696,-6.442406736588735,-7.654488295748441,-8.297493624355079,-7.867353781141584,-5.429154980503137,-5.947410303914557,-5.826156965469497,-5.412998227605293
PSEI,2024,8.0,-0.21472495450505225,0.49642593481767916,0.19081896439909762,-0.04944558396763332,-0.07726004436117151,-0.20527033464342592,-0.5922106484536172,0.374606943706457,1.4789727356974591,2.531965109213763,4.137006714013003,3.4831184604474874,4.347702230146111,4.118445064055498,3.236790981168536,1.643862633028803,-1.1273930281485267,-4.18425896796526,-5.612093386066919,-7.344974757340883,-2.8944106801653158,-1.2139187183845435,-1.752560649693069,-2.9578226396776652
PSEI,2025,8.0,0.8965248354960154,1.648059628343146,2.015419811932073,2.4242020755167126,1.4439677703565912,1.1624260978331802,1.1356844128953547,2.023119373134774,2.5330858234493547,1.2957383934957933,-0.4918729329060012,-1.8390380540127982,-2.4744466926581277,-0.15012353729795258,0.3257491810962465,-0.9678527356123068,-4.502328613850248,-6.057328237980175,-5.433307362529782,-3.2417371578792764,-0.4381458653124337,1.7510297573116507,1.7904019765220935,1.613065643115874
PSEI,2026,8.0,-4.232637735820976,-4.980428803897152,-5.614357084651234,-5.318597182903395,-5.345446856960279,-5.198192060867601,-4.259930609873475,-3.293508707206938,-0.9364711702309458,1.588166518578027,2.909572604862043,5.843187718988485,9.572488522894318,10.854708405716185,10.792586122385273,5.888591003784671,0.4392290325695214,-3.193747527489532,-5.958332796070764,-5.281996630817742,1.4399596987232144,2.989432002923542,2.0176758951661045,0.8645903280798284
SC,2016,5.0,-7.967196302707135,-9.199001791841422,-6.589244032293983,-5.92102013626895,-5.055372939170722,-10.72380731047664,-10.934198132538652,-12.139247496139083,-8.97746753545825,-0.7630159294544026,3.008583566708878,9.179897777744706,10.622161507583272,11.751647584099455,14.219501334595385,12.191640098091128,10.87773637113808,6.254876234116669,2.74924897285298,-3.144787150232542,-3.715141476043904,-1.083838010084448,2.564113779460697,2.625831663638667
SC,2017,5.0,12.18794651166668,12.346303671172553,11.51194579161523,11.411043870216508,10.459716054766066,7.11915457993515,8.551691897378655,6.072906292795377,5.294922091739207,4.80238157467594,1.7643633844161677,-2.5684787317604263,-6.639937621434933,-6.572153100085476,-9.565356719496442,-9.29780179546167,-13.197698195987673,-11.133275315335878,-10.845667962021011,-10.077685390881419,-14.061155624924703,-10.04799247246555,1.9771655646039,5.2871654412043885
SC,2019,5.0,12.077922934974572,16.212906754305422,16.866195678820272,22.430319929500055,23.014114872520853,25.562106841676158,23.99869263202752,19.988930059831823,15.6133519373852,4.072741151904324,-2.9214715564699123,-6.927842382216864,-9.44931401306015,-12.36671832658135,-10.112637020763815,-13.185916778414553,-14.837698512264852,-18.29538399592088,-13.274280310888164,-13.881999490203755,-17.372706589143394,-15.814992722037024,-14.548148311528442,-13.837619168999105
SC,2020,5.0,3.0865472931233207,-2.1661287408480057,-2.0084567141789966,-5.666054905049567,-7.359081054137995,-14.209137186243293,-14.5972791251483,-13.05928332269306,-7.61656738205958,0.3016388292027994,2.288759654178385,4.9128899284694105,10.322034483501463,10.658516343012803,11.099145705215962,7.784822874810571,4.135360111860509,2.871097491951069,4.525058092674916,0.48607144942205416,-2.7383224951599727,-2.67161493284116,-1.4230162251398504,-2.13511965806904
SC,2021,5.0,-4.6136216362320575,-5.737063175896062,-6.226596573109255,-10.035289815259652,-10.204649488809803,-11.596094581020534,-14.667388486838052,-13.789391503668513,-11.12969911367041,0.2526410613354457,6.931916874715549,8.158456422368465,10.25662126236584,9.914565332611625,7.218069691086326,5.725548789481138,3.6440043872585592,1.7194120546431546,1.6583754892762537,3.7603953573084548,4.387750710059968,7.93951951641324,9.24318565108554,10.289480688035413
SC,2022,5.0,-6.426413098938067,-8.78680208649023,-9.352765045243604,-11.331287543053037,-12.547573367388075,-9.694483622561666,-8.814308076672983,-6.812830688707083,-8.440098936649054,-6.309941463319824,-0.6162814727711963,2.907251984170456,2.77505583724047,6.454284066668292,6.47773170406275,4.741771538848449,8.647970658077309,5.137007343701006,6.34900492006042,8.777451313166418,8.579493060028142,10.141667641518548,12.584382959745044,15.63255912646735
SC,2023,5.0,-2.839733962287061,-4.9459254830432675,-3.5225698782847203,-8.853907097065472,-10.036801678882945,-9.04676948354095,-8.73076674911626,-9.801643276174211,-8.143848034157042,-5.123438856342166,-3.465126603233104,-0.8617584253362232,0.42327643395058123,3.305523922646647,6.826557160856595,7.87545579596951,10.135127794127108,9.57634204872273,9.484652552570116,7.301378578224416,8.117513159278777,9.929181406661769,9.106022242390965,9.252988726403721
SC,2024,5.0,-0.8736663535117817,0.9300572157455611,0.7543285230567576,-0.7072336900322385,-1.1902846623153773,-1.7261970300261997,-2.967392876287822,-6.9440938556615155,-4.585983380109493,-2.3852453157751974,4.309264002078694,2.1271725005337583,8.478519710622766,8.304451531107215,10.75477223156993,10.198129681030188,8.55745809914199,6.3686682206468115,2.78962583253084,-2.769482325592465,-7.523647413534862,-4.72027641080669,-6.514434270157732,-3.888083951844834
SC,2025,5.0,-5.458562696325009,-3.8652570085314197,-6.63506983540354,-8.107398134847909,-10.176017679151295,-12.878031938232182,-13.699979670353402,-14.379969246607294,-13.066281111063581,-6.144735003773949,0.6737069177078947,5.274154545974574,10.34676612306037,13.943315797722345,16.437394314755384,14.84879330691694,15.12516041126517,14.576710512499847,7.528482685583304,3.2821223119432696,0.1992625643230328,-1.6814102692631616,-0.8819939623554207,-2.7671940218938595
SC,2026,5.0,9.06928708422976,10.817343314902761,13.947901985645029,11.424227748373816,10.088820003173172,10.19311009897902,10.483582660096546,13.577002066730737,8.911730970818521,6.540286620459823,-0.25180670558033746,-3.9289463699238913,-5.931946231290897,-10.592122714259734,-12.501068615896827,-15.328922823303126,-13.511414828517953,-10.637154966812446,-5.593201741910169,-4.956840759256165,-7.134464760353776,-6.553142062243166,-4.057375957573994,-3.7302329125186495
SCEG,2016,5.0,-3.7178766269151176,-3.4107801777713997,-2.7488698817661916,-3.498984837378327,-3.8836169114449315,-4.545668244122824,-5.646613955271251,-5.945009524381861,-3.306358993127523,-1.0206821970499602,1.5036206423226561,5.2234267739981854,6.454867759408889,7.980956781318516,8.267774167218377,6.478512470456499,4.532698710796468,1.1592350782195782,-1.3161777419444132,-4.017218794679667,-3.2848933454153517,-1.405686472678802,2.9526283949209975,4.809153422061629
SCEG,2017,5.0,13.97502107045694,13.260343088674754,13.240681012202293,13.654182461023645,13.014298068338237,10.90283496947919,10.152358773076188,7.5299251065301664,7.1682635237173775,5.56637122331558,1.9759487631657136,-2.303901773357808,-4.5307675198562265,-5.65291397152361,-6.75515517372366,-9.703736594490875,-10.429816043572949,-9.62548119226705,-10.803725599207237,-14.901674989016044,-13.567951078981732,-9.826118128091753,-8.64605612812307,-5.416295447434161
SCEG,2018,5.0,12.898320928506768,10.962466680013838,8.398461685067748,8.192190950166744,4.107590344837931,-0.5164504333017517,-3.285491371891891,-5.236229277070725,-3.3669849017397224,1.7570514033113938,-0.8399496808703111,3.5597124407911185,4.619776237342754,4.534993746049909,0.40772686114420864,-1.61827473555064,-3.198520054875842,-4.158651050473516,-6.8748221863139,-10.225902249524243,-10.146551718415452,-10.050277796860607,-8.949430159324024,-5.9299685344520014
SCEG,2019,5.0,-1.1904399961623402,-1.1900804729436998,-0.10307930608688398,0.41176909679025986,-0.4925535550855398,2.0943405678845894,0.8082834297242325,1.1237677926027145,0.052636434169128776,0.708604105081001,3.0167404329155545,2.3104964483910972,2.595605554372815,2.3474438374839757,3.1140173249809777,1.977335834963867,0.565347351584955,-2.802740607308807,-3.6112083209548063,-3.8587995403325914,-1.8621919461258019,0.8176111833357869,3.3820046394294367,4.687437129487282
SCEG,2020,5.0,1.2907709139676538,1.6743375784522785,1.126105285205703,1.717378867428343,3.0810375617502217,3.71161402435658,2.759781231866465,2.332302487013971,1.1728093890890356,3.2820137249236936,3.0575019428994654,3.5231914561463684,2.563179628234691,2.7198868373191742,1.920999164871029,3.964175838366746,7.73911817980828,-0.25965985581762885,-8.378478632996067,-10.004981769729271,-8.74775759701032,-6.866382517344006,-5.300771412539273,-6.386686077985171
SCEG,2021,5.0,-1.9193431689577767,-3.9806100474490402,-4.39937372706567,-4.6380427014708125,-4.222657573005717,-4.1741885940694505,-4.265150667520445,-4.997155521152763,-0.47315634490094904,1.6865903667548032,1.8967169787886817,1.7100523741559792,4.256310254515072,4.178536017966161,3.756449904004633,3.3171502894199234,3.4552569070719574,-3.723890294601595,-4.199312732775562,-2.79316482512153,-0.3832038663978521,2.1166368350140186,4.985186829116217,6.70385155930322
SCEG,2022,5.0,-4.287811519530226,-5.906296710322689,-6.932875148410311,-10.105276591571698,-12.184901603786313,-12.009539048834196,-11.367890684706005,-12.084127339156137,-9.698947961872706,-6.511398684253722,-0.4774575585535512,4.81987283757741,3.5118875619774226,5.357761928605265,6.07198181624744,10.809649789450692,8.13549928296804,1.4433328582740934,5.014080043638147,7.199096274373917,7.933741552296181,9.339586440432711,11.679552988236075,11.262768526369872
SCEG,2023,5.0,0.20430678925313916,-2.2296542274571785,-2.328690822813295,-3.251886725126185,-4.191250684268832,-6.044863868926498,-9.297167125677863,-9.34148059267661,-9.04660547768682,-8.453109673842219,-6.378669938536619,-3.737829521043712,-2.4169835280934304,-0.42420072474447235,0.94417090140273,2.3712510339445325,5.965943458208844,9.466196682565187,9.071705055544754,7.999678020759737,7.392590685331224,8.795479983247711,9.73743322637497,8.785964689603231
SCEG,2024,5.0,0.697060932533411,2.218844256026209,2.484387464270865,2.851132716284188,2.008598373126369,-2.1727578680588056,-1.7465140592646367,-7.828423145136321,-7.116191975011576,-6.425915321671116,-2.912673685949385,0.40867884381379227,5.376218362124785,6.887039966105513,5.885244744310558,7.569696659110181,6.754467980150358,4.890936190184658,2.5844026640801765,-3.5584233344597704,-5.260079621833635,-4.698192344679741,-3.4311395038444714,-1.2002017086050198
SCEG,2025,5.0,-7.274988748997735,-9.338903281286226,-8.514370545388239,-8.286002063669462,-8.37106223786942,-10.445857513761869,-12.228426879460875,-13.796814915621225,-7.935788451540526,0.9997008974971022,7.717738365400462,10.351420531863864,4.735444219839202,3.1088542756255277,5.680199848525036,4.978910222920296,10.563049129429047,17.491409370702037,14.642580249480286,7.230706436183798,3.3651996386061978,4.582370464734509,2.002813932628933,-0.8821845103234804
SCEG,2026,5.0,4.74621673979504,8.819046915188956,11.709760781495593,14.621523315364593,17.12221949431453,16.837663753247355,16.48876065138609,16.284531640516064,11.188972970747413,6.854341056690649,1.5613096507976376,0.6385468993596044,-5.181535641340995,-8.9175851753457,-10.382026828518676,-10.35938500120176,-11.588651954780216,-11.94360135122472,-13.178900734124156,-13.64402547985013,-13.534106984435967,-9.714877162306657,-7.766664337030782,-4.137138604157076
SCL,2016,8.0,2.3615139355909753,2.8884365928857125,-0.4938611419258443,0.7333667469119787,3.3086769402709493,3.509763214119077,4.734646724093028,3.551114715672643,3.974697190176335,3.893942982959797,-0.6043246086499421,-2.533349686742903,-2.9263548064778266,-3.3674737817969147,0.47359283300092425,-1.5890685776996927,-3.150493876290539,-5.206797415225384,-5.589811309149906,-5.1576098856122465,-0.973369298024207,1.7262111637798894,0.4190948930346994,-0.5349509319328205
SCL,2017,8.0,-3.484803820413418,-3.140096499535361,-3.022893438508645,-6.328373888427608,-6.507599052753776,-6.445782232505448,-6.165104349823447,-2.9340068352921245,-1.996373461773182,0.069898461046769,1.3155582834739388,3.870653081628239,5.055223167316569,6.482697461009979,4.3502796143763955,3.7377176595263295,2.198446919226904,0.2827092674047682,-2.3708276913406268,-0.7754568658538075,2.409103749091135,4.406266798223424,3.3998939342942625,3.161630425651063
SCL,2018,8.0,1.3352362841199783,1.761652324426377,-0.3572609517484171,-1.1368334686701953,-1.8022083967477842,-2.082234662923954,-1.835377538982974,-1.8717342765790734,-1.590282915678043,0.8343946371413447,2.178916371018813,5.058125057840557,5.911166459111672,4.293576936152599,1.134178100049854,1.3206768830165139,-0.7392155030650605,-1.4250561101616377,-3.72956175097372,-4.764006672995547,0.520453541318644,0.17321699974681692,-0.6450756800492119,-0.1992129328265091
SCL,2019,8.0,-4.246725076275581,-5.64162021229987,-5.773906957670816,-5.446327873592594,-7.030896305179402,-7.544555260210773,-7.221656786623621,-6.018587738817793,-5.546709868432719,-2.175515737330458,-0.46093475229782577,0.8937769191183609,2.367850019478901,3.0325067816089346,6.703942341080271,6.87047690406386,5.97545425415702,3.3799847619511825,2.8744272983181496,4.085828794684243,5.364991211096282,4.3275614409755025,3.1327887678633815,2.840636905642202
SCL,2020,8.0,-0.4392506909840721,0.14387342988406715,-0.128726087219444,0.30225388256850394,0.3057793641115025,0.8360322128221576,0.8828031095648337,1.7467062904848896,0.7355545109256845,0.7344850625978117,-0.37155819127119294,-1.0274476715889103,1.4270744843729588,1.907522466288869,0.572410691170333,-1.7302424271109285,-4.084979723717486,-3.4895332045532745,-3.718718073145788,-1.7202818766644645,1.532956850338052,2.167310780640408,0.6910821565865977,-0.22925325306072386
SCL,2021,8.0,-0.09499717931206186,0.628987842207962,0.2422829255964598,1.1586265083337044,2.164335748605317,0.995634300820003,1.4760135447345557,1.886427178498118,2.1904731058428273,0.8038538618236002,-1.4307310684358976,-3.2591107104565475,-4.56203918301854,-3.775304329128537,-0.6899094608352918,0.3054582697927799,-2.3155297233998784,-3.3099648266963655,-2.357639238461595,-0.5745962489104528,1.797226617549863,3.0420043797494634,2.4046265207746886,2.1285859319550626
SCL,2022,8.0,0.9517594199614954,1.4218466894497683,2.7178381506090754,2.5601037421702832,3.342354473784259,4.61353983624837,5.365128290936694,6.573372801333665,7.351241509789164,7.99683357750629,4.912033611698208,3.3530917368992386,0.5315874499491002,-1.079837171067255,-2.422578684451171,-4.731630660659569,-7.8909573842800285,-7.402114975580765,-6.989066471980299,-6.081382207482444,-5.451160676499667,-4.110130240627474,-4.55408454856685,-4.445550997774994
SCL,2023,8.0,3.6718861723277874,3.43945677208769,3.6177443686001953,3.555464118730667,3.856239853079624,4.614715243521217,4.853388900369748,4.281824539117851,5.052479724927883,3.1475808249676884,1.7429644012625367,0.3041612966153906,-0.5827046623645638,-1.3387292654098548,0.0811765603631942,-1.7875203025373931,-2.870550930372806,-5.025202236054027,-5.628135705110404,-4.969472181071977,-3.2756234782220783,-3.443877681445029,-3.397389127620376,-3.0673341493891115
SCL,2024,8.0,-1.229087598673484,-0.9923294323825438,-0.7365245484563077,0.0734844152032732,-0.18919058395766575,-1.0965632944294645,0.24373476949907102,-0.47338057541541634,0.8321308505734537,2.8183572712964677,3.50041851675722,3.031506562299202,4.3768585487391265,3.5583759665779757,3.0963135675331266,3.943653381362555,-0.27255250522046914,-3.1256392395677235,-4.899951674091718,-5.75826372627275,-1.571932670699061,0.526637612732217,0.41953274252086725,-1.4563770960145717
SCL,2025,8.0,-1.4934732973875042,-1.4813334186908,0.6544598804595014,2.874226489256515,3.62893684259169,2.7253493827491537,3.953790232666965,1.9468061539435588,3.1216270797276735,0.10614257537016059,-1.9299394005492632,-2.2022883517925917,-2.0995333179980813,-0.04199336048424929,2.3807017723831647,0.20844292574051515,-1.6600471240206138,-1.6413482089049136,-4.738364434574693,-3.1815287030171113,-0.5132966384472804,0.19905950967102903,0.36024302677002407,1.0567565528200706
SCL,2026,8.0,-5.154537062620634,-6.483500011093346,-4.441583616612565,-5.446513097189354,-4.070702735393105,-4.442413796526379,-2.9878920654126895,-4.960965334438505,-4.473350033891577,0.2783429465880616,1.6388718025196258,2.379954527524797,7.866595847987257,9.99921541376989,11.789815793668822,6.8282863866746535,1.633051869964408,-2.2924795075957016,-5.314441940732895,-5.756123211251962,-0.5942759258424912,2.8639417585981874,2.134894598203374,2.006579505096595
SOCO,2016,6.0,4.538837290312337,3.9503274893045504,5.003296691182535,6.545448341580718,7.277464461028604,8.875971792725213,10.79370373679751,9.974930295003048,5.249915745640221,1.3738211791469057,-2.001163829311692,-3.909658140231287,-4.0850246506304755,-4.467506612392613,-4.801887094155044,-6.410306801471799,-7.664941993202623,-9.461414759250008,-9.633174655327458,-8.01722942382228,-4.789406185327039,0.38147906138243926,3.1622285161147956,3.889068834343201
SOCO,2017,6.0,5.6308373455217104,5.364662589778824,4.6863302335535035,3.589947055629006,3.319136568847547,1.9150129382529135,2.880970334921784,3.5670263195309415,4.256583484421306,4.644096471597781,2.997661362053594,0.7433989396354646,0.6593561996325326,1.0040159956312134,-0.7892453993706305,-1.7589079450375467,-0.5498637552554864,-2.9194601567895884,-8.772384732447591,-9.088740097060576,-7.42620434022605,-5.590263031267273,-3.8752631136763305,-5.696520211313338
SOCO,2018,6.0,2.0599401872002487,2.197152212641018,2.453323114071415,2.0057282850731495,1.984441925870284,0.31895373500675506,-1.2602602023377152,-1.4924292215127144,1.1139604856459373,2.941062177378506,2.7905619910026047,3.8366445639989255,3.018517206450566,1.52858541185672,0.4039362417971426,-0.2286004656467333,-0.8938486929380485,-2.4452000798073303,-5.700656187482478,-5.73213301045723,-4.528794595823871,-3.069178916134374,-0.9305602733204688,-0.5145933037123629
SOCO,2019,6.0,0.6972714107278843,0.6652737287449528,0.6062127701951803,-0.7054061753528185,-1.127992736730632,0.44555348153135776,2.3749396806964196,3.4114437093442085,3.947176933236518,2.3589495086489,0.9855710821272012,-0.681238451415922,0.6052772050534116,0.29382295197442065,0.5630552536062261,0.5681304225965578,-1.4954989370295824,-3.3065774308682405,-3.934621433784402,-3.6076100214056606,-1.4188298872865879,0.447619819720102,2.299255041121051,0.48418019458980055
SOCO,2020,6.0,5.333062218219697,5.634076508696562,5.752818596659703,6.395943626644041,4.650860061110995,5.012407808673647,5.755983681204824,6.493138171753321,3.6796123266029213,2.4627726565309205,-1.69903063880541,-2.999667180848875,-1.445383454371374,-1.1939880184069551,-2.233399699892258,-2.675312330680102,-5.353875059523194,-7.565609630138792,-7.8139675762211365,-7.0000881113712055,-5.972358232673358,-3.4290613027849304,-0.07898348435111391,-0.9453891352305566
SOCO,2021,6.0,0.38363610321255903,1.4568178223037798,1.4165196068261832,1.8025852402685283,0.27066691990870195,0.276238421640973,-0.6136768631182843,-0.3128099604063683,-0.1698236416720178,1.3664107896608213,1.498881919074413,0.22180055311924463,-1.4610434939897,-2.742130476333371,-3.0891717165946186,-4.3376796194473215,-4.868122426617161,-5.765005209246166,-3.971027206108224,-1.11739433677156,1.7031346922183888,4.660301387044852,7.856136486434795,8.832461694618221
SOCO,2022,6.0,-14.511855589857747,-13.791116519969515,-13.528279873578864,-13.098167970582764,-11.610741510141477,-10.920744773669277,-9.433464148925342,-7.501637681798545,-3.509641050194312,0.49777917238333913,1.7891757776743011,0.5960417508867222,3.2753357786311277,2.6844681297548467,2.072959921162665,1.229359578339928,2.778134929883047,5.864145207454152,8.204815872876114,8.824683647485854,12.3988085478556,15.748778492739756,17.302119968340524,17.81688782720702
SOCO,2023,6.0,0.7575612531154685,0.7220529651130847,0.4794732536770874,-1.3795111571047736,-3.368846908559542,-5.075322483757027,-4.904276307239663,-3.825608425993976,-1.7982506228475081,0.4037618249845609,0.9623670691487618,0.16956895965865026,0.9254132862369646,0.25907962186053624,0.13957620124107617,0.13822168541057778,-0.9382934583517688,-2.1016998118839947,-0.8212034068111107,-1.0621241354204392,1.8337635619091408,4.474781778865311,6.563636983974874,5.656040584794075
SOCO,2024,6.0,-1.5322093246833424,-2.5984682161101835,-2.7927750798630857,-3.6730094739294006,-3.737345792898761,-4.9633637691456345,-6.259927643450169,-6.467174552860266,-4.227501367908615,-1.2365866594895358,1.168015240181175,1.8373036167783408,5.33662984287373,8.019713803397032,8.949346996951524,9.259043207655825,10.13256129654515,7.150197488151133,1.1250126245262893,-2.0376597611466485,-0.5486587998755121,-0.2281446184827507,1.412147925234053,-1.1390014466388543
SOCO,2025,6.0,-3.3253845842105223,-4.684697069562027,-6.796616783873977,-9.458924177191609,-12.401059007769588,-14.648323654672247,-16.14897476482352,-15.19031112953716,-10.394473559721696,-3.199593734449757,3.364859420992561,6.477507779281821,10.35448662301739,13.752574713617438,15.966746860411973,17.22488822193946,16.375923829550352,13.363900555323415,7.072319239674929,2.138058315150837,1.3730623683837928,2.207931280662012,1.325193364552213,-0.029439255906993367
SOCO,2026,6.0,11.886808162045803,14.342662846048881,16.59687447183298,18.773956387486777,20.105583109249725,21.40391160032966,23.092585937911526,21.413136591597357,11.84366425525103,4.064788911268469,-1.924611641896612,-6.041481118916813,-8.302079451844246,-11.568361489939704,-13.764175868220507,-14.305769319966554,-14.400496205508873,-13.108304049252196,-12.715513306933667,-14.091594142070152,-10.95620066116797,-8.567249423926505,-7.958428588074639,-7.400867934057165
SRP,2016,7.0,1.8799148785327513,2.5884246820559675,3.649084734561714,5.4478857637955125,5.427268814105924,6.611239361130716,7.88550461995452,7.890909375577371,7.22347655887885,5.040477136401567,2.662380360177563,1.657771698567445,0.4445444136565557,-0.24601112602391506,-0.608025493341724,-1.9675756612232753,-5.625595440090814,-9.745884806764293,-10.198168358243631,-9.509350676082317,-8.285682733836852,-3.971994722148575,-4.61817500237065,-4.833891475630825
SRP,2017,7.0,-0.2453897370660929,1.2046696902096699,2.7504054831607894,2.786239204897112,4.559943088654439,5.072568805479305,7.133758079967145,8.531028908285055,4.47593453645263,2.4647700015564045,1.1077025277392183,0.11907607325076786,-2.442546697901271,0.016653389543686004,0.5152230152996262,1.3713446360208326,0.6337311472429441,-3.461076058295909,-4.262092023161235,-5.3483244590239565,-3.1894770383907423,-0.16503838365196088,-3.1355624217568434,-4.032383179062993
SRP,2018,7.0,-0.679989697356731,-1.9016125282199092,-2.238160383577392,-1.2742746084643763,-1.7411374536551283,-1.7350705566671398,-0.9403121411661441,-0.8236763708313166,0.0896895302043621,0.9233512668978872,0.9053360259995147,2.586735199272283,2.146186772046077,5.049293231282603,6.332527057515214,6.615292317131849,3.994880608500573,-0.2361459030820967,-1.5937842056753304,-4.514121308335994,-5.196280233982242,-1.7357442551725777,-1.0406642382431608,-2.300222009432973
SRP,2019,7.0,-3.541903390797352,-6.180993144812397,-7.8447853392079825,-9.194162764270486,-9.766951329925877,-12.828531040387004,-14.657717512233537,-15.523896999599607,-11.071122461793992,-2.5262986127436937,4.946380385737381,9.163807827625137,11.858962429320563,12.831744451683559,12.939276848326175,11.731568337859022,8.748454387534387,3.2894254333313055,2.597943332795616,0.412672807311254,2.7175679165377886,4.286161861868365,1.3135430500258893,0.7292905654465276
SRP,2020,7.0,-2.009301597808466,-2.7518770810661897,-3.1332781784964903,-3.328210465987591,-4.340605828725453,-3.6824439998328518,-4.877622202369391,-3.8240459010905337,-1.4205213022740804,-0.6120686660823216,0.9212755201565059,2.643053443548271,4.089397706736597,6.4204270028283545,6.309477345438841,7.119556647474812,4.440334233641552,-0.3533728876046194,-2.744382168483983,-3.1124712305404367,-1.3533407187133362,1.0539867933320402,0.49627024398457564,-1.8426586289819524
SRP,2021,7.0,0.08985120560164317,0.7809222860491016,1.0486896511158528,1.7994163639022065,2.4259886076098525,2.475501857173301,2.5057406141526295,2.7709008326777917,2.4221301840220866,2.03306402058141,1.0246960804391803,1.1069285172700116,0.6506225326010306,0.9364973866204163,2.3211649509647825,3.3390425297231685,0.6671409045208687,-2.347378624605012,-4.705691543656609,-4.834768069058315,-3.235953038252082,-2.6500401636752935,-2.4888855885060512,-3.196744147014441
SRP,2022,7.0,-2.656254040822925,-2.777846491356639,-2.9326145521688107,-3.5932654031857636,-3.8130009326105885,-4.4559363650296335,-5.056692662164153,-3.0627878304434697,-4.126799001831505,-1.9391308928242923,-0.21164571721012937,2.0085164301224756,3.7017020561582514,5.880476045451566,7.148589193255339,8.55012004025204,8.371426230368906,3.4274838860004486,0.19276361039535228,-1.6824389492817504,0.3432709557829261,1.8676957862064025,1.0021880878625211,-0.38987509286784183
SRP,2023,7.0,0.6249239843516996,0.9766108026068476,2.8091105569874375,1.7604425486722697,1.7434121960863136,1.3840049708261581,0.3751497103868795,3.0362140859184317,3.437220512214001,2.196650753381535,-0.6997409154964052,-0.11940797672840286,2.6518033282900144,3.158334957147102,3.3218672108313085,2.25258335515397,-1.6792122026036527,-4.425672792346125,-7.586989182597392,-7.319978806431315,-5.5294903354782265,-2.3038549111431106,-2.8364017715904133,-2.7284294111855067
SRP,2024,7.0,5.388561382886126,7.425807866259005,8.7193446943297,9.330530881837884,10.56161462706353,12.834480526502157,13.925394739737795,15.498538396061223,10.674488315488961,5.3774703254667156,2.5224741591093114,0.6354778093170643,-3.5083950358493876,-5.972001878465727,-6.26928957263746,-9.518754824113307,-12.70231645233305,-16.22154023632647,-13.737771671723031,-11.914758213615762,-12.777048524791745,-2.8886489038946195,-0.3708495958640201,0.7936806628867754
SRP,2025,7.0,0.7505159065544831,-3.276592258192501,-6.446407647794872,-7.394716116499245,-8.277112956161092,-8.539884920896036,-8.720608332978685,-7.574299936734674,-4.196140745883492,-0.19791954144574575,0.51866133160553,3.2364249349751018,5.873430409293068,9.508537405693552,12.078154084717863,12.915005470650787,6.974142920240379,1.2561319416490413,-3.415036397240079,-3.3403691315336825,1.9138507752628264,3.554218164162637,0.725264319986918,0.13471982001954652
SRP,2026,7.0,-1.1495035109396312,-1.909294164551778,-2.18640265762311,-2.748219129180951,-3.820823083147984,-3.863207746154096,-4.525522299148266,-3.6878114088197744,-3.7875503519103404,-2.6129449875800237,0.22763890154489097,2.601691270937201,4.335538166711017,4.938463660292114,5.965587420185381,7.465722953219767,7.040673497477723,3.389080340474404,-0.9463793091245787,-2.1819149031574447,-1.244690007108451,0.1411167551451431,0.43879923857159664,0.05262979485289865
SWPP,2016,6.0,2.636720460224662,2.7599684849923034,2.8314663140190155,2.872868260613781,3.074421130799998,3.0855008063412015,3.55781084952691,3.5743250665829063,2.728870191971744,1.6786024507980501,-0.7346366697558837,-1.7481180647051842,-1.5369701657099721,-1.4811548666716745,-1.4955522147584444,-1.4892562458690195,-1.6643322119733073,-3.675012726395477,-4.482121009718276,-5.686451727588637,-4.098883687683363,-1.8102783290820712,1.4013162800111667,0.4108171716709852
SWPP,2017,6.0,2.4000580718337106,2.805945707212909,3.4319923198043223,3.6054544735316774,4.390488236395395,4.938932367091664,5.754581514195856,5.465659899065001,4.545598463966316,2.2404115487704823,0.6126853564670576,-0.7848373383769314,-2.132794336772992,-3.031900548376265,-3.4532288572240777,-3.6299206022398,-3.9264787580712723,-5.509768913028779,-4.157729777196062,-2.809858693226963,-2.836398180624622,-2.637898395380356,-0.48148590725243245,-0.8746709143557796
SWPP,2018,6.0,-7.854899757320366,-7.8793271171286765,-7.3240527802932665,-6.208829744888877,-6.480442050393609,-6.132902341199154,-5.486645209787677,-4.843963060283962,-3.972469162823722,-2.1624195519638567,-0.6783668171902901,0.5462776255712676,1.8157334053641394,3.1869677303658417,3.464897440169201,3.5736602206645873,3.8268719625122682,3.3099492580930923,2.041149793450714,3.894130849878885,5.209796532658584,6.21602655876996,7.627214204155974,8.796459320460015
SWPP,2019,6.0,-1.1098280228512891,-2.012132774250164,-2.8434639779599147,-3.1475009671571907,-3.6981182693513803,-4.134439230554266,-3.85864950530308,-3.591046417697552,-2.1886418425886456,-0.5187292861217774,0.45697880439361516,1.2447563146583018,2.5145069859938918,3.4673233137397785,3.9206641451420943,4.262114025585484,4.136627247957336,3.091482781559396,1.5714362443771446,-0.2667276558716791,-0.09132182882014561,1.8472041764167946,1.5091479546284203,-0.11511488646807067
SWPP,2020,6.0,2.2890595725838403,2.6365705335817724,2.3087373622050156,2.224728027588607,1.9417259323685432,1.6978491712212773,2.597869194418889,2.823480425674174,2.552117096112916,1.9748301310539729,0.17118717699913244,-0.9938916993657676,-1.5639051675157334,-1.6290475243969538,-0.19480448194933997,0.5244805612973469,0.08134730188422701,-1.868026631935804,-4.611715861271226,-5.07083054396209,-4.900159260683901,-3.5943848218135677,-1.3736090565200976,-2.188342111979924
SWPP,2021,6.0,-1.2461951426729234,-0.3815117004521196,-0.4562661006333735,-0.38730942155785764,-0.20864123219139774,-0.2696657572447303,-0.2913951266713788,-0.3081628627676247,-0.032605348481440366,0.38604668941426556,1.4272845586572158,1.6474695007385076,1.6501582309062623,1.7271005183459032,1.8611261075766272,2.303511704540151,1.9999642616397528,0.32012407473922533,-2.84638067633598,-2.689467812306412,-2.1491100684430053,-0.6605895937579653,0.16229826790953306,-0.7979467022755315
SWPP,2022,6.0,1.1678846668642162,1.4146691805211553,1.4922169671956143,1.9296134691111355,1.9172184734145281,1.9859494555357848,1.6631938270413649,1.4042942918598866,1.3445714139840081,0.9119682502569448,0.6203388594190118,-0.45526733193900215,-0.790684907514827,-0.9497039467640356,-1.0375252839702087,-1.0109460713596419,-1.0097153161233496,-2.8035714454179295,-3.5406179577555874,-3.535633454170417,-2.330621537169697,-0.3730504589239514,0.10896961489400558,0.17061234077314635
SWPP,2023,6.0,3.0758254046152067,3.5547758147508213,3.972716405089183,4.752501168022039,5.203857898280095,5.648749942891662,5.778729025380902,5.952826747087991,4.272050859700327,1.807578716440572,-0.0010804504205541576,-1.4869199267870892,-2.3794570063024545,-3.137049414094839,-3.7786750942753966,-3.86988267311128,-4.704252202667392,-6.610996326626484,-7.165671972916632,-6.996609025793354,-6.278424005286876,-3.7721959778497127,-1.218438813879652,-1.6509168867180013
SWPP,2024,6.0,-5.59646666235365,-6.276342441080884,-6.375973967428017,-6.753342738874379,-6.877772073335809,-5.432157862300646,-4.032707551509674,-3.5209420941259673,-0.988623216272333,1.096256981417354,2.371446564680424,3.754413257844802,3.791838079866472,2.9639772062491687,2.0266297072424333,2.320437548790577,2.2761959264103515,2.144203343957285,3.0972446432274925,1.6104705999892,2.35142512092974,1.4094634727954691,3.558406656082047,3.2447176272869416
SWPP,2025,6.0,-0.2523786676287054,-0.40803382833609625,-0.4827400719413344,-0.7284787303256879,-1.3531039439731218,-1.6232731528124322,-1.959388993579525,-1.9503776603999379,-0.5203896332710345,1.2144983327184944,2.23831417388789,2.476715520730566,2.6442902915916777,2.9036803278496337,2.47134780346574,2.2259940938713085,1.5017765825745766,-1.1124366772048755,-2.7242286615055233,-3.3750233851363776,-2.3638484409480354,-1.2495489504073198,-0.08015346921428357,-0.028765535348185267
SWPP,2026,6.0,-1.764816993934093,-2.1536845748228006,-2.033714964653033,-1.8702690839084157,-1.4533614035238784,-1.047829381319687,1.4208026595355694,2.737612855953686,2.833095387260798,1.6717676302038686,1.1463150239008124,1.0740964797204988,-0.012574161752121338,-0.00892004951018599,0.24238607145330437,0.22788498965662374,0.6653449935300149,0.8652859249994815,0.586259498705477,-0.5979691764356865,-0.17472571112526758,0.04434528060566212,-1.5066714700344708,-3.1917718192742472
TEC,2016,5.0,-1.1812082363139353,1.8392070294548368,3.92517320800273,5.276081032206936,7.616037075969551,8.696873020779405,9.42334054235684,9.65291240424133,10.246982303658058,8.731571116866665,4.623060903243026,0.8880044801582665,-3.8408208079962813,-7.291213477375225,-10.654293194991016,-12.162996583508011,-11.752231005150094,-10.786096652794374,-9.895161293965305,-10.01001087975908,-4.158228036753098,1.5558059850473205,7.860324714450739,11.923431107301896
TEC,2017,5.0,-0.39560960149057633,-0.16061588042777242,0.3829926829585162,1.716043707050463,0.7481365685553021,0.9592996325370806,2.4751850081862536,3.8902205619761987,4.95739198620101,3.4356101526809457,1.0901521904727485,-2.850606518706833,-3.5440619066113843,-2.33372983384339,-1.4421110891812416,-1.7113112649063789,-1.5874404933635677,-0.9021799813290876,-0.5346496728269923,-3.553139566822505,-3.0754236315361227,0.15688502987833974,0.5860547340174604,2.70765663481608
TEC,2018,5.0,0.5687497520403872,2.1831320773469165,2.2277210700657912,2.4200653114194726,2.1963453109431375,2.9688290027484077,2.1444957852697843,0.6910884413249385,-0.14695505948789656,-0.15286645252812203,-0.0753113269717387,2.1368421986998953,2.8090652649064296,0.5071514761023188,-0.008136827450710982,0.13652501008563078,0.4219975153544331,1.163020922778668,-1.9539008419767523,-5.963611982750461,-6.32630104377625,-3.73919450113267,1.3056720332878857,2.8522566811582606
TEC,2019,5.0,5.079958136096496,3.170595987557334,3.0170429331181414,3.082617383341091,2.3314986882247535,3.3785411122230213,4.057067102425749,4.493410303197598,5.398575023536189,6.874824841816263,4.029956803919066,1.9390062735080482,-1.302445532352392,-5.741312192187453,-8.320852955821989,-7.390262799628533,-7.085677566840021,-4.409366387739744,-3.2356283860249135,-5.213242698363807,-3.797348858667382,-3.9234380551906867,0.0949836872207177,0.8017981767516336
TEC,2020,5.0,0.6615907403699994,4.018781097090873,6.370681920000976,7.329896025679461,8.709761817921313,9.444472484045207,9.039294618965677,7.926077677447784,5.825721750270008,4.922569828904666,3.491790455872623,-2.2295725579182024,-3.3748872914951766,-4.189038045547777,-6.628408953527487,-8.984512018785217,-9.89017661988829,-8.14006491662811,-7.614543037953259,-8.437152246830703,-4.928070933012352,-1.5811213058580353,4.144805607361723,10.280163138155062
TEC,2021,5.0,1.1700853474784334,-0.1779163852949739,-1.6297778365195748,-2.746651482745166,-3.4603905710119176,-4.038914427922313,-4.94314495650281,-4.842395204726491,-4.818935200291574,-0.06850008581229527,2.8587666432514203,6.457538781710093,8.70064681354894,11.57325672266445,13.578255469749756,13.742811534220456,10.811201838294249,5.895019364399068,-2.0411072125612106,-9.377045017532538,-8.997771489239103,-7.521988976859506,-4.712323906442418,-1.9192021944874016
TEC,2022,5.0,-0.3552449552867487,1.2502636119898436,0.6974756795241621,0.3610248917372938,-0.8087356868472395,-3.089979385789776,-3.79307613057992,-5.103910831331504,-2.8041476278796496,-0.8217917552254095,2.229219170980512,2.013898688843363,2.1326855964113767,3.589371744646064,2.934787287342311,0.8658328466216281,0.07952657927439155,-1.4457997955609425,-2.8976657162398833,-3.276672014376336,-3.58982186461394,0.5857067006723504,5.000413172536611,6.745403460074495
TEC,2023,5.0,11.922687932031783,9.688657967640745,7.118798043600105,5.626543157267861,4.335569810583928,3.5575085177592003,3.8634755970551438,3.6237570839405597,5.6159423661533925,7.258819849315867,5.814247858982546,4.177812709655493,-0.7755591913691795,-4.238542750190666,-7.515531383608587,-10.153117957756773,-11.51520724179429,-9.497590550481917,-7.08550422823937,-9.021003391594462,-7.65995895303524,-4.492176522178815,-0.6120872826765877,2.812551478822145
TEC,2024,5.0,-5.631512296823981,-7.423061269391196,-8.555193134479733,-8.73664583856284,-9.88077249854582,-11.401225611748389,-11.752266935485745,-11.727751855878898,-11.02561029274235,-9.51095345570263,-2.7507260012645585,2.2525506734463407,7.658588974309755,12.255568111403626,17.281843604978842,21.711049550142427,21.705502189723624,16.89614286683998,9.108824998107456,1.1961633376525116,-0.8638308281903484,-0.6457048219592476,-1.6250900197974372,2.594859777591896
TEC,2025,5.0,-5.899117886028627,-7.101748076689818,-8.012438198085626,-8.330145479817974,-8.787615224378397,-9.70408915058174,-10.778990389128207,-11.721809820389261,-11.738043985213487,-9.750976905016906,-6.63254232970899,1.5212532917808774,5.370076950137204,9.663640238334326,15.143531422937407,18.12022474887367,19.07585790637738,19.43031824388095,15.233298670242013,8.721294980011463,3.428782846472611,2.0099833181353555,3.827050800211129,3.9827786126611198
TEC,2026,5.0,3.4552314585317934,9.070234069051653,14.898185935520091,19.477702175772038,22.91986902280474,27.016013114487826,32.00414189589351,37.01055539347182,31.43193334710923,19.864161516030542,5.428170059518278,-6.711712836877282,-16.623861014944186,-21.013347737373156,-25.23708168993235,-24.064881873571096,-22.698598790146907,-20.173308440513395,-18.661759463634752,-18.663116152939672,-17.004808607568723,-11.152411316436872,-6.709710756694576,-2.4420675471030995
TEPC,2016,7.0,2.177018404820641,2.9338694522402564,3.293515280993531,4.422073374165558,6.10627747804402,5.284272734313533,6.833144713522676,5.318936105476557,4.076009470948594,0.78374687113687,-0.2210271461362434,-1.1852508322447552,-1.4631064030812713,-0.8482696375816778,-1.2194513445804689,-2.4825500979862913,-6.744937248623528,-8.994931473640278,-8.843758259546153,-7.11367170468542,-3.579036025227933,-2.1427259730902426,-0.4013393263691212,-0.6740834394663664
TEPC,2017,7.0,2.3904924616934053,3.2773126577888556,4.42462056888645,4.135035327600923,5.4820513903163,5.436529152589909,5.710162057443291,6.300365594058865,0.015597078877305215,-3.283056808343632,-0.8456623311429712,-3.130189849315357,-3.43693880712882,-3.5262736481408874,-1.4182207877122432,-0.4257938012802276,0.7388835712820674,-3.6192285619778275,-2.5406242130744383,-3.3347643005024796,-1.7113081863528334,-0.8958282326753997,-0.8259051152899488,-1.5820472439968314
TEPC,2018,7.0,0.12192746076374883,-0.3148540448965842,-0.22960645645853095,-0.18807789401995567,0.07770490558686172,-0.7873824913404825,-0.4992291920740577,-0.6719756989534531,1.8605067465468972,-0.3562809110221332,0.36337640203257804,1.7984649384426232,3.3905089146206935,4.128269689065078,5.215675122115837,3.3016265823959223,1.8488069349716918,-0.19784416004886562,-2.7528691721971477,-6.298203599836971,-4.745595345322173,-0.6608157329305753,-0.8990340864595492,-1.1231120062528688
TEPC,2019,7.0,-24.13615582654233,-28.79502332801134,-30.795773374785306,-35.9681501231194,-36.17733354910805,-32.931145637038114,-37.523794803637244,-21.094290588683894,-8.084476406383235,20.513593152714005,26.67392928846106,44.48678905734925,49.40323595795749,46.388120120585064,42.03430986507767,32.346033896985446,12.627097675042842,6.073268091302064,1.5304377891851573,-3.0379988650064194,-5.362365029478244,-0.8849791789230732,2.3271785738147033,-3.286726192184841
TEPC,2020,7.0,-5.452063256262674,-0.05040713503563499,3.758610380479932,3.5063730322149933,5.545962773754242,7.750575557874506,6.325970556574267,6.645987243618712,-3.925486321377991,-1.3535733859251553,0.9882720691291036,9.92646194541338,6.883181405837091,8.294093698161209,10.53432890010486,6.260898022686767,1.587974209745191,1.3451857152928293,-6.969739512747619,-10.924000424568113,-6.935445188403833,-8.15483446243508,-7.195571821589675,-10.877536753700845
TEPC,2021,7.0,5.907997914121932,8.086792907823826,8.201579472219667,8.038237098223245,2.0472643920856237,1.9332550239469226,2.1736041338479284,-1.5850605965929354,-8.950533497471259,-0.6193863329291949,1.5458585829485894,-4.595664659805598,-2.0704992744443595,-8.865572138481692,-6.908835927272483,0.39347935222829866,3.0393621676444216,1.416196729796293,-7.710914517420919,-0.6150036400099035,3.496897497421614,3.0349491072733104,6.97062178250537,3.5714072662271557
TEPC,2022,7.0,3.1346532791869497,-1.4445523177421205,-1.651694249881508,-0.8104405544752225,2.0160910307891355,-0.4477988596968796,4.804254408563202,7.158340176159483,0.7676654166201002,-0.7114382435559174,0.23973032104933623,1.8034774996530945,-3.5580935577200212,-3.3146629765192226,-0.06811978010939912,2.2149533939795907,0.7287336184378268,-2.3641444320691596,-4.030688521712267,-3.5539701093876497,1.3248382569871264,3.628257911554855,2.5642535265645083,-2.0632124118910355
TEPC,2023,7.0,-1.5103708245849945,-0.7203484672336447,-0.985720550708924,-1.1363406197315795,-1.0895624039505947,2.898803474975842,11.54017997503798,12.429263569379145,0.826476794057629,-1.5888367056900443,-3.41176420258521,1.2831157980956798,0.3411465771518407,2.802940344673188,-1.243202265915433,-1.527198684620279,-2.9914652146224907,-4.92731120419303,-5.020510648411469,-1.6876052624195559,-1.30771033857906,-1.223773965209518,-0.23334563841856948,-0.38911118441569137
TEPC,2024,7.0,5.103135807024439,4.687696096691574,4.7436028484743264,5.255108086426641,3.9266901041050017,3.6542342750788492,5.574904129200164,-30.869463451596644,10.526437323686654,5.4214758859877925,6.381976706506487,4.4041906434048155,1.6740968412156887,0.6145961559212321,-1.0611062529992,-3.711539027454469,-5.630438359931633,-7.80248163833015,-6.035452807216268,-5.109611248987012,-3.6182941161548188,2.7513489092750643,4.5926627433299005,4.586676825460345
TEPC,2025,7.0,-3.5561418530331568,-5.190063724857874,-6.488070223684684,-4.217630865991772,-4.282672640693974,-6.727639336055324,-5.846842375113304,-4.5312104718859825,-4.548393329829881,-3.02853828518046,-0.3411572114376149,1.7825490426447765,4.9921161747271015,6.545964781390778,11.081206220448347,12.017103125675721,8.706507604833957,2.998691457976066,-2.201746774649771,-2.1632919956172447,-0.9918525989011773,0.42835942836518814,-0.34991593925512987,-0.6581222250689134
TEPC,2026,7.0,-0.5397127451868822,-1.7536965280161243,-2.215244808009542,-1.9991158977981427,-2.5837468323472557,-2.8916918067429798,-3.189427396379463,-2.887585899376388,-3.137514047287393,-4.638107706079619,-1.2404533014271357,2.035042043398394,2.35127814494388,5.078410380046428,6.034520463183868,6.354056965844346,5.545111670544456,2.8318950457440595,-0.3250143893876345,-0.12640062330937507,-0.00901477663293182,2.240010790890401,0.7638395784307361,-0.19038563123652263
TPWR,2016,8.0,3.9610625631313234,3.288971732744761,3.2698373862905528,4.993044095078314,5.202450798155289,5.929801134321289,7.547010084205175,6.7973451263127815,6.307249690490857,5.311533644730759,2.344181796935896,1.005372898798007,-3.439998227281227,-4.815318247050493,-5.840159075723605,-7.63302097989409,-12.893518690854888,-11.770894970555478,-8.01873720753916,-8.318590743991482,-1.538371432585084,1.5011394002752088,0.186647956846675,-0.8788904005926468
TPWR,2017,8.0,-6.4886346236513015,-6.784733606606785,-7.187379318669896,-6.714455728322877,-6.68938107344621,-6.335152790103704,-7.55228697972986,-3.566537731893882,-1.7521292395437538,-1.10879000134112,0.8140803064228708,4.627102465493804,4.359236378960296,6.878608971763178,8.534714639555464,9.330903408039305,5.446863120334133,2.817262878208071,-0.3383562259881012,-0.2835966590393202,3.693487399144857,3.995267058328178,2.8618245713512014,1.7126533736241512
TPWR,2018,8.0,2.276254801739319,1.085671412801592,0.16233340384351758,0.3994626626669384,-2.0725315449073967,-1.0731917006737146,-0.8368220596225662,-3.608944353909249,-1.5969406903714622,0.15045347201116943,1.4686855420443568,2.8273664709722146,3.7205532126398655,3.7718356818688292,4.3608491694886675,1.978719488467351,-0.368337116871742,-1.6379641254331556,-3.4361626765609055,-1.6431790414545233,0.8942055550697603,1.9123610784818723,1.893605896430306,0.32883736848959844
TPWR,2019,8.0,-7.454963245810076,-7.640395458269767,-9.024876071516575,-9.267022892647558,-9.331543984097978,-8.566035026732122,-9.418330408211705,-6.359169414927535,-4.4966720790035275,-2.6892477385416447,0.1735207623782209,2.530482085862995,6.177305643599973,6.961038631495642,8.16401110684588,7.386721052058665,3.057223415508914,3.789884609513816,3.895364693929526,4.191610006742108,6.543574830366539,5.726107722650919,5.018758848272298,3.6227806291407094
TPWR,2020,8.0,0.728290024929168,2.0498748520495713,3.222842566763584,3.6337507243401457,3.7987777087323815,5.458382801591588,6.911783932537485,6.532281674206941,6.945047740607846,3.3177186043716,-0.34959269009557925,-2.19590847117781,-0.29057893422506087,-2.240897382190954,-4.123089265442326,-5.2102447222042825,-10.635798114871253,-9.141136589659006,-5.663288843645731,-5.016182418116499,-0.8173949754908261,0.8506979329813813,0.5215956704131774,0.31686539561369687
TPWR,2021,8.0,-6.1171572343500795,-6.72264294847249,-7.1813411629474295,-6.216475261447874,-5.209770097130894,-3.3656020755245875,-0.840925831801731,4.118671580003985,6.343927193572463,4.139888328701846,1.9158556879567357,2.362909205576913,0.10195617347543706,0.5278756727795431,0.15848277450025705,-1.1502459373691876,-2.432951625660462,1.123048881392541,2.9138897594221946,5.266268812973074,7.192762651712603,4.492105373895061,0.40947929411961903,-0.8175202095255352
TPWR,2022,8.0,5.106004778083417,4.935864517286936,6.621678621587246,7.358766810515693,8.772754811155782,10.504468474253592,11.543479620469977,11.689567477547435,11.356785712533801,9.77659383917089,3.6933552176994455,1.2510212393861408,-4.165780162588328,-4.106441857535836,-5.3354922768649065,-9.856781497590239,-12.885381178173127,-11.96959913735568,-11.529285726245341,-10.099963188551019,-7.352533536021744,-6.8777235937803045,-6.21673357502921,-5.817068688507721
TPWR,2023,8.0,3.336135002515206,4.789374192186402,6.264686083734016,6.196720439990921,8.474704895709017,8.767166534693782,9.25060183536286,8.920943570400741,10.078110016675401,7.751216848442177,4.578910162672645,0.19230073261364833,-2.210298035865832,-3.287185497370304,-3.900703748289658,-5.451492574290651,-7.077740079041717,-8.959979494240788,-10.019492031075394,-9.871594270542893,-8.613218451820037,-6.131724817602513,-6.752076128449036,-6.965755097308113
TPWR,2024,8.0,1.405108927129961,1.9737618277806512,1.895633510672634,2.00161771596038,1.155827961450906,1.1304458518535232,1.7564194267130073,2.3898282641965363,3.099839008073646,4.369339790067128,4.32226615261051,1.9462602793043127,0.6843151125951907,0.8672224290457997,0.49817364842648093,0.3374701428520144,-2.8626298052154553,-4.899598691457907,-5.750939223053808,-7.748339428844675,-2.175485289083645,-2.239200045795764,-2.0197961038851853,-2.9727000711457507
TPWR,2025,8.0,1.7745661029878068,2.2910434848563033,2.7277263347242786,1.3372182317521242,1.0754821762133937,-0.28727499500657006,-0.3994270399315436,0.08987289767055096,1.5108264813791017,0.7248760585285563,-0.7418774194113853,1.6324340129200143,0.5326794165251947,0.6244546200156575,0.6940469912242841,0.16269508078086137,-2.5280424952706326,-6.115921194250351,-4.7294828140241885,-3.9362284013872983,-1.6726131364149133,0.6314788008618066,0.8578143659123794,1.2547115412478438
TPWR,2026,8.0,-6.049005536731777,-7.031562330414875,-6.039743411315712,-4.903425548317342,-6.577350144763738,-5.444823024215717,-3.7230094630780086,-3.080912307554551,-2.7824355869497053,1.2306482691670562,2.679949140456106,5.792360768788241,10.471186046843428,13.535004614361966,14.129735501797747,10.174916016144241,5.062038994091389,-0.5651891952856314,-5.614849964393764,-4.53934340604929,0.7907626468293794,2.177881486419997,2.516342858017784,0.9446112411475527
TVA,2016,6.0,5.842672876621602,6.084130437504287,5.655826588185652,8.115936573342653,10.038862394118443,12.643623989424457,13.345449166766056,13.406993032706715,6.472510111714325,0.12527222829861184,-4.103727739266294,-6.564205086860875,-6.112550338732891,-5.671223100459077,-5.849498157989952,-6.15200462710529,-7.995068311422426,-7.08801308431436,-6.680492524285131,-6.988003520005548,-5.625794042340548,-3.839843204929161,0.16365846924695227,-0.410453624327789
TVA,2017,6.0,5.263149757356289,4.099552174360821,3.4532827945508604,3.966292114648895,2.752525411490958,2.412863745608318,2.877713970665785,2.214822050651999,1.6314469098701379,2.673174261458544,2.457611200840293,1.766744853823865,0.501351539445527,-1.300885075169289,-2.973157343294075,-3.6587608801394556,-4.1723024767424395,-4.620192156510972,-7.312997267434063,-5.437643755753663,-3.2524770760403943,-1.1248248478165745,1.0038977199237853,2.721674195546564
TVA,2018,6.0,-3.1509224622629173,-4.722300459692863,-5.497567321832985,-5.477841620094681,-6.148812903364298,-8.201454229405336,-9.11930074111077,-7.845620005231502,-4.197658522325254,0.5081898633281456,1.824930041345385,2.0846066813543063,2.7631466141520122,3.227393188547889,3.277117809925001,4.869078923200321,4.793121382081022,2.1876638164100015,0.03987482834935108,0.6960033238960328,2.837201875802964,5.323236797054665,7.530843344298399,7.375711355255321
TVA,2019,6.0,1.8658137316719503,4.283845096962069,5.3368792501022,6.2706141105414055,6.596723344831689,7.1880825902486345,8.21606797029013,9.163055611474968,6.19336654298448,2.4998930586196177,-0.5126571788648393,-2.614335364477305,-4.36418368672391,-4.563631610950525,-3.8846246388158923,-4.422056718536204,-5.330582662472039,-4.816110452062827,-5.644719000781073,-5.938516244126446,-4.38120117419285,-1.7047037489029249,-1.8500848292642091,-3.4481837534413473
TVA,2020,6.0,3.4912462155543444,4.54398055995453,5.065822550461285,4.783860398324791,5.592285871939473,6.058614187552092,7.247475329359299,7.0692256778708495,3.9718923248917015,1.2940942800361288,0.1543904101285909,-0.5870052344610799,-2.4700693665528184,-3.4634365334735073,-3.9535843993277697,-3.8478249737732395,-4.157865246070402,-4.609603802918749,-6.015865601130588,-5.918432149666531,-4.600775619433639,-3.3408241232538938,-2.6143806563752925,-2.3790168851111737
TVA,2021,6.0,-7.979337409996424,-6.350004606400739,-4.682017922260928,-3.7719087222566006,-2.7526725057410495,-2.169111101879495,-1.8192936308456087,-1.6659261340061793,-1.0861946177071813,0.37450868803348136,1.200284387372541,1.73499070370704,1.6894334167359304,1.815546323460815,1.4105214546403122,0.7403062786586867,-0.08757351507004962,-0.13210696807635092,0.41184846834949607,1.4292037504739064,3.0853801691992366,6.239665465017552,7.385929786743217,7.357055781303201
TVA,2022,6.0,-7.6391797041934995,-5.853972166704368,-5.746140505838615,-5.634962201149641,-3.975412217294605,-2.134406974346126,-2.7849804412375834,-2.2204802577499905,0.20900266176078208,3.477731357182945,2.733551609226459,1.2729298786955612,1.290605509743592,0.8571818710538581,-0.3813848297356648,-0.6817811756277603,0.5385002454664556,1.1195370755365586,3.6179743968558387,1.4050789009422138,1.829783095378379,4.198499645267151,4.894777129051131,6.26652458159217
TVA,2023,6.0,-0.14857141943372953,-1.103394044214745,-1.0226677748138346,-0.7601888084462938,-0.995216517579578,-1.5867530942675567,-0.6844296613146561,0.23251812656324145,2.2525020061428647,2.314713286058101,2.6062962114502986,0.32443515104521037,-0.7922327184779143,-1.3086906196486003,-2.4939740781491637,-3.248219892557469,-3.43569059467953,-3.7618894088937482,-5.797211187041995,-3.3941077391021146,-0.21381227262335933,3.83738636862776,8.160151167415208,7.97142816001204
TVA,2024,6.0,-2.5269296247715123,-3.3754529735514183,-5.055424329566305,-6.654730427804401,-7.099369347654072,-8.561848681504557,-7.773042953735699,-6.004742837799782,-1.291210585264957,2.0792305242794518,4.2627857054997165,4.40087588535234,7.276016879305214,8.875281908928013,8.840335043587544,9.339593012201297,8.715803020529101,5.892488356485637,1.7480793979162357,-2.3882858539106433,-2.226614653702419,-1.5925276935031762,-0.9435195670529306,-2.761599244998214
TVA,2025,6.0,-15.516131024535051,-15.53742410244503,-16.02588093283781,-16.528556404703963,-16.671442993219877,-16.153829638176344,-14.624246207151725,-11.460954029277238,-5.333661865033634,1.004905194812511,3.4098581062823152,5.597777940955595,7.676033183914366,8.974233941984778,11.038163611291685,11.58805627431283,12.502869114605009,12.31188532400318,10.118736008549444,8.179100256613548,8.943815983621505,10.370396712320673,10.092324172847578,7.289556204876845
TVA,2026,6.0,13.870278254774604,14.976020434598002,16.160255024933466,16.981993038693922,17.271153095587223,17.18331264754709,15.920101322331547,13.8522089281222,9.487227026169176,4.070635040142645,-0.5159293497638107,-3.75987021271712,-6.415914881300244,-8.789660303177127,-10.252237275011932,-9.692248911228818,-10.034540562896243,-12.285134699848632,-14.134681184713482,-12.918721434678005,-10.59735159328471,-8.489381180878098,-5.633762687722532,-6.363212348574232
WACM,2016,7.0,-0.8544541436353192,-0.271041857247567,0.5916840450696847,0.03304202702111292,0.06587307644037033,-0.48972488315036644,0.5403621891969412,0.9983331556686958,0.30561664712493997,0.48298036093719077,0.48155034690091636,0.9638361596960965,1.204328601153204,1.0624570852152404,1.5032911018151296,0.6895996615729039,-1.773677716045774,-3.5826186255046633,-4.168415969574202,-3.8847460899785746,-1.5787441655115808,2.0079567268085574,1.9392125681548689,2.2569413755242573
WACM,2017,7.0,0.8388246231936791,1.0015324782351454,0.5173384950086679,0.7250267344842132,1.916243589999722,1.7333290063278994,2.310555303315376,2.363518210898008,2.1202544516430555,1.5643852546134873,-0.29514264644225907,-0.19993595141540865,-0.11303702340795807,-0.14526306412891987,-0.4777995643756694,-1.069449623685581,-1.7075866186614608,-3.09481147716979,-3.8153681425252772,-3.678683710932229,-2.1890122741996754,-0.7489560865115763,0.5352351291139423,-0.543277137373066
WACM,2018,7.0,-3.1459968050773113,-3.248324495060939,-2.564531164263062,-1.9806664997807588,-2.679500088796982,-2.5480253512421114,-2.7179979996325265,-0.18409282786207015,1.239450623572158,0.7556741892134733,1.9968696636770478,3.3115083337173945,4.464343226816703,5.717820147112884,5.558338934474428,5.463435031548913,2.1196647876873254,-1.6861129615089565,-1.8647777042470892,-2.3915193446150784,-2.3135840757458004,-0.7386587794222077,-1.2786376121474485,-3.2678292904864015
WACM,2019,7.0,-2.415679631328549,-5.172766748840008,-5.659119990110084,-5.559140891532078,-5.867664969388519,-5.623406882681181,-4.8372136409357775,-3.8926649037070216,-0.8842833954975982,1.8721085081844224,4.814235354568797,7.081641608148404,6.241365901924145,7.898126027810459,7.186802118342584,7.12759976515831,2.5386825679043934,-0.9500765928839972,-2.4641827858092213,-3.068079374188537,-1.493929288023943,0.05617366882648689,0.6198821532165777,0.4056724633441755
WACM,2020,7.0,-0.7753581152693645,0.5474426620158956,-0.36759835262231144,0.7163911997639882,1.3224465313716016,1.0350908951744953,1.1918430293185178,1.9334909479162166,2.170231540934675,1.323038487107886,-0.3503570218902796,-0.12547563887956859,-2.258422386762904,0.5519447335303296,1.4665062613125501,1.7466728083034067,-1.0001747730095767,-3.271928463354201,-3.0596603378210574,-3.4601308799800057,0.10798105221418997,-1.0801294214074497,-2.033849774714247,-1.9904988034375792
WACM,2021,7.0,4.321639545181332,4.795175187060519,4.766780889274413,4.679024806075949,3.7432861314961374,2.7375336424412477,2.4468679952004857,2.770473166547349,3.0742407456562315,2.0706369793756396,-0.000763792465607871,1.2267124579144806,1.481085737852661,0.8886907572920433,0.37541264145115605,1.000647194684634,-1.3103609556294082,-6.861685016472274,-8.424230878968553,-9.48625382527457,-6.203675562764466,-1.794002200971001,-0.8335454243717733,-0.12256309672822319
WACM,2022,7.0,-1.032531896279576,-3.0652759758334924,-3.9209198728230588,-3.5095918493473155,-2.833725156825251,2.59301373324774,2.4253680975725445,7.42282672308987,5.652146695534288,3.887140723157101,2.025169809993299,1.337828460628021,2.1005728517033417,2.313954533059004,3.1311969446868093,3.6319446818639856,0.8519784856542145,-3.8591255934600444,-4.866070152236612,-4.610411007175252,-3.47464068594856,-1.8361801280459833,-1.2978201447696902,-1.894390998708373
WACM,2023,7.0,4.377902172979631,2.910741237716963,3.592596437231499,4.350478309781147,4.336778235818373,2.229300478113405,2.5862234826525166,1.394812209991092,1.3462242522237489,-1.5441016624345938,-3.7431181272448377,-4.545254842468016,-3.960158946676229,-2.8990048118140432,-2.0917432691363924,-2.327414019535523,-4.646441485299812,-6.725691865279537,-6.102360353400971,-6.824034667911549,0.2474086174741874,4.909623796189355,5.672414061973963,8.706903084833662
WACM,2024,7.0,2.083625241192344,1.3406988400744058,1.4603066609161885,1.9930705710612395,1.83323108759601,1.3259779779583147,0.04722361271216613,-1.0128122920933569,0.4024709697850737,2.613127777718205,1.177466201006383,-0.022041462150756974,-1.3329136832167632,-1.1640246212725192,-0.8132842369750648,-0.5657816785588965,-3.2000485095551645,-5.464165504497309,-4.613031772866716,-2.6991478104734457,0.3172284730415198,4.593537624897626,3.4995438574369597,1.4108171457033025
WACM,2025,7.0,-5.430012794367389,-3.8483453765961073,-3.3507042818874955,-3.099460334133153,-3.292649706506412,-1.7006577617150298,2.436838820757825,1.8301581285786517,2.4407453911925447,3.5123682929016686,2.958372363709816,1.093378003609491,0.1446963798872325,0.1712364794577259,0.8272005186877096,1.6998035926663935,-0.3669598643389116,-4.413468694201928,-4.131085058022743,-1.8685381749444785,-0.2710054935239681,3.519397900372012,4.53343122401817,3.7922814999813204
WACM,2026,7.0,0.4653350668625378,1.2178964217694044,1.2233636252103386,0.4492581710455079,0.49556512778968775,0.2985727158233309,0.4120103133101738,0.30111030051478416,-0.08309977975522465,3.1403340986955186,2.970807294717903,2.3505346466635713,1.207323652852299,0.7652628217605706,2.4544613156834982,3.4726508423867375,0.04912511726413715,-4.368333063984053,-6.026124471063266,-4.66318609654961,-5.427914507348907,-2.0085375202191558,-0.7440620337494042,0.6707102213882821
WALC,2016,7.0,2.1232566687232945,2.015254278857248,-34.27492439093005,3.5345351192946906,4.118350352512201,4.009160503297993,4.128163939447482,7.033382066872584,4.610714968072194,6.763749238317884,6.960042239218655,3.496028219837455,3.154566539869652,1.6103716974783966,0.5916888675539855,0.2900822368081535,1.8643993871916065,-4.824188329404311,-4.006983723821489,-3.160770906239607,-2.9152855016377544,-0.5551011089296676,-1.8631742024528553,-2.5511182974571778
WALC,2017,7.0,-1.2371453741325422,-1.4253449041160104,-1.846339219614923,-1.2116930310506202,2.2745986110049077,2.538162818807177,7.483060746608983,8.582765397200308,5.505548440987651,-7.364776752366941,-9.307441844472464,-8.723607748724705,-8.641574707650468,-7.719976368969328,-5.7309469413043495,-3.2147951239035577,-0.6088189391121102,3.9257951650779166,4.123015796184681,0.974369295076638,3.6354110088303138,6.810757409382506,1.501541910569304,1.7395301283946951
WALC,2018,7.0,-1.8563286211219165,-2.263215428146126,-2.426291218667731,-2.7439035436148673,-2.510305796643586,-1.7681569163663813,-1.4884218067340527,-2.359868039205293,-4.8993182338702645,0.12266335812842755,0.24243147815916632,2.2736223475891992,2.750271921426206,3.8494089373048657,5.30678337162962,4.3827841659827556,6.91095159438786,2.3209363541673023,-1.1651774031491868,-1.4091687401618147,-0.7916095201022988,1.0298496009926161,-4.94228147486414,-0.50064341788153
WALC,2019,7.0,-0.8253096116412229,-1.6379296961551382,-1.6381957187297846,-4.256217900423898,-3.5324668188887354,-6.055287026672929,-5.772747551201984,-6.580524892382389,-5.843931088512355,-0.8751807868725203,4.110667029536419,4.543265061110913,8.379243473203735,7.808758172166708,9.1117303524339,8.865539472572836,5.153232519130901,-1.682537181357402,-2.9065597022298384,-3.6949483541659056,-0.9782258376969333,-1.4843807518858831,0.11551980115116489,1.063490674270906
WALC,2020,7.0,-5.017130317585283,-4.102157617898305,-0.9478239708041292,0.7239799237917177,1.119565184457294,2.390055416947745,0.35845751265100034,1.3629464956814275,1.3447306636334977,5.942410813903298,2.559495723289462,3.839855224818467,3.7476069996690953,2.9560588843837277,4.683110160682458,3.4804427327958853,4.675905002941216,-3.932971719586209,-3.1691230749401833,-3.3584869035370946,-0.5424302343484677,-1.0965838232186886,-0.9736689840279311,-8.49934308660919
WALC,2021,7.0,1.1196741070922167,0.18668280446263452,2.02009359015366,2.0508364809237234,1.1290800096263043,1.5560188847425271,3.04531737579099,2.3474028510866773,2.046934095302544,0.9562660140926438,0.27643748461458895,-0.013219916012041644,0.02064879758163496,0.30917359355150387,0.032267923456852365,1.0200893901750052,0.1503760244271568,-1.82688804198321,-2.7071529979070696,-1.7284327082495166,-1.5283726046516177,-2.627721412671624,-1.5168769620532485,-2.8362121488276104
WALC,2022,7.0,-0.9192468271686405,-1.0596317971660385,-2.6450524453693114,-1.0085655347925382,0.8364803588378988,-0.8095814242816246,1.5647403691851025,-3.5107643656459575,-7.013290387855475,-2.110292284081794,1.4622244444959964,0.2841703077193891,0.9614239453335394,1.796948067898585,2.6673369294494487,6.661121250009017,25.356991275427497,0.22123996164729043,-2.121441961490267,-1.5868880306534439,-2.2945268923305506,-1.0261972454615687,-2.4223759237766984,2.081646009452387
WALC,2023,7.0,2.8232689076240436,0.1532645727496007,-0.8235723598060685,0.8374177493562396,-0.2103302083259928,1.1523326974228199,-0.8218534091478213,3.1414968204313665,2.766352552565454,13.4530014668925,-2.2191927757882812,-4.172534210841117,-3.1541124940447807,-1.7914030987518759,-3.045963063205881,-2.358102480616431,3.0779093876367902,-1.2580179339434339,-1.5717327300690975,-3.6085878690431894,-0.6395023516963416,0.10464975829035383,-4.771963371558419,-3.479178773909397
WALC,2024,7.0,-3.176252008818514,-2.793104417965586,-0.7963611577595509,-0.7765055756589145,0.08093448621919741,-1.0494606290439634,-0.7236249426014529,8.06419519962196,2.8909847172339687,17.154220625243298,7.739937562981547,8.348945430025134,6.439332256619168,4.466812064053027,-0.10069764333469067,-0.9622025306372795,3.8814215351182124,-11.009253498043403,-8.07474155512946,-8.862850151376112,-8.162865115738304,-3.999649717279341,-4.569717249483885,-5.207948749594172
WALC,2025,7.0,3.927240974410895,-8.08767032366655,-6.628126840823634,-6.147926083083311,-6.898147479148175,-5.8203740220027385,-6.077297737184462,22.50369164685615,31.94203774775636,-9.883733533718253,-1.3374536527375969,-2.7302201439624585,-3.3116356652207912,-3.5767090479693397,-3.6237314107223195,-0.7641949137031423,2.2428773536780855,-0.47072522892359636,2.9009622866297047,9.671237689458234,1.6877054634102828,5.00049789289112,11.761546716391136,-0.9667991461674075
WALC,2026,7.0,-0.29524781072856054,-3.0472886505463648,-0.2863671683566271,-1.5172905460985486,-4.457928129904209,-7.232338495163548,-4.755137140106402,-8.91966721498827,-6.878530804657168,-6.78450288318333,-2.032465288440677,0.7125733802724632,7.551632524285057,13.85778361988641,12.071284656371805,13.907989250926157,10.248016996715625,8.236235347086286,10.019796934216863,12.294594719288288,-7.82063039802301,-12.857094486373144,-22.001979964073026,-15.64755980998327
